order_id,order_date,region,country,product,category,customer_segment,quantity,unit_price,discount,revenue,cost
1,2023-01-01,APAC,Singapore,Rain Jacket,Apparel,Enterprise,3,105.16,0.2,252.38,143.68
2,2023-01-01,APAC,India,Running Shoes,Apparel,Consumer,1,73.52,0.2,58.82,29.82
3,2023-01-01,Europe,France,Denim Jacket,Apparel,SMB,2,66.76,0.15,113.49,52.67
4,2023-01-01,Europe,France,Smart Watch,Electronics,Consumer,3,192.87,0,578.61,306.98
5,2023-01-01,LATAM,Mexico,Vacuum Cleaner,Home,Consumer,1,227.28,0.15,193.19,93.13
6,2023-01-01,Europe,France,Bluetooth Speaker,Electronics,Enterprise,2,56.17,0,112.34,70.24
7,2023-01-01,LATAM,Mexico,Wool Sweater,Apparel,Consumer,1,83.4,0,83.4,45.17
8,2023-01-01,Europe,Germany,Tablet Stand,Electronics,SMB,2,26.61,0,53.22,29.05
9,2023-01-01,Europe,Germany,Ergonomic Chair,Office,Enterprise,3,229.24,0.05,653.33,318.18
10,2023-01-02,Europe,France,Rain Jacket,Apparel,SMB,1,103.7,0.1,93.33,54.39
11,2023-01-02,APAC,Australia,Denim Jacket,Apparel,Enterprise,3,68.15,0,204.45,112.75
12,2023-01-02,North America,Canada,Air Purifier,Home,Enterprise,3,137.05,0,411.15,242.95
13,2023-01-02,Europe,Germany,Vacuum Cleaner,Home,SMB,2,234.35,0.15,398.39,188.33
14,2023-01-02,North America,Canada,LED Desk Lamp,Home,Consumer,1,41.45,0.2,33.16,15.77
15,2023-01-02,LATAM,Mexico,Tablet Stand,Electronics,Enterprise,2,23.38,0.1,42.08,21.9
16,2023-01-02,APAC,Singapore,LED Desk Lamp,Home,SMB,1,40.24,0,40.24,19.53
17,2023-01-03,Europe,France,Wireless Headphones,Electronics,SMB,3,85.63,0.15,218.36,130.71
18,2023-01-03,Europe,France,Air Purifier,Home,Consumer,2,134.91,0,269.82,174.61
19,2023-01-03,North America,Canada,Rain Jacket,Apparel,Consumer,2,94.38,0.15,160.45,90.05
20,2023-01-03,LATAM,Brazil,Running Shoes,Apparel,SMB,2,72.88,0.1,131.18,61.97
21,2023-01-03,Europe,UK,Tablet Stand,Electronics,Enterprise,5,24.72,0.05,117.42,55.49
22,2023-01-03,APAC,Japan,Notebook Set,Office,Consumer,1,16.19,0.1,14.57,9.17
23,2023-01-03,LATAM,Brazil,Vacuum Cleaner,Home,Consumer,1,231.71,0,231.71,107.49
24,2023-01-04,Europe,Germany,Wireless Headphones,Electronics,SMB,3,88.47,0,265.41,168.16
25,2023-01-04,APAC,India,Notebook Set,Office,Consumer,3,15.12,0.2,36.29,18.34
26,2023-01-04,North America,USA,Wireless Headphones,Electronics,Enterprise,6,93.46,0.05,532.72,276.45
27,2023-01-04,Europe,France,Wireless Headphones,Electronics,Enterprise,6,88.81,0.2,426.29,199.28
28,2023-01-05,Europe,UK,Vacuum Cleaner,Home,Consumer,3,235.49,0,706.47,372.17
29,2023-01-05,Europe,Germany,Wireless Headphones,Electronics,SMB,4,94.07,0,376.28,198.26
30,2023-01-05,APAC,India,Notebook Set,Office,SMB,3,15.86,0.2,38.06,22.45
31,2023-01-05,LATAM,Mexico,Running Shoes,Apparel,Consumer,1,85.28,0,85.28,52.98
32,2023-01-06,North America,Canada,Smart Watch,Electronics,Enterprise,6,193.37,0,1160.22,694.69
33,2023-01-06,North America,USA,Ceramic Cookware Set,Home,Enterprise,2,151.98,0.1,273.56,131.66
34,2023-01-06,North America,USA,Running Shoes,Apparel,Consumer,5,77.78,0,388.9,210.9
35,2023-01-06,North America,Canada,Notebook Set,Office,SMB,1,15.37,0.05,14.6,6.7
36,2023-01-06,Europe,France,Bluetooth Speaker,Electronics,Enterprise,3,62.2,0.05,177.27,90.24
37,2023-01-06,LATAM,Brazil,Smart Watch,Electronics,SMB,1,193.41,0.15,164.4,81.3
38,2023-01-06,LATAM,Brazil,Wireless Headphones,Electronics,SMB,2,85.26,0.05,161.99,86.48
39,2023-01-07,APAC,India,Smart Watch,Electronics,Enterprise,1,194.56,0.15,165.38,82.54
40,2023-01-07,APAC,Singapore,Tablet Stand,Electronics,SMB,1,23.68,0.15,20.13,11.45
41,2023-01-07,Europe,France,Smart Watch,Electronics,Enterprise,4,211.96,0.1,763.06,463.28
42,2023-01-07,North America,Canada,Rain Jacket,Apparel,Consumer,2,99.31,0.15,168.83,98.11
43,2023-01-07,North America,Canada,Smart Watch,Electronics,Enterprise,2,204.06,0,408.12,252.34
44,2023-01-07,Europe,Spain,Wool Sweater,Apparel,Enterprise,4,85.93,0.05,326.53,167.43
45,2023-01-07,North America,Canada,LED Desk Lamp,Home,Enterprise,3,37.33,0.2,89.59,55.91
46,2023-01-07,Europe,Spain,Denim Jacket,Apparel,Enterprise,4,63.72,0,254.88,122.84
47,2023-01-07,North America,USA,Bluetooth Speaker,Electronics,SMB,1,59.17,0.1,53.25,30.15
48,2023-01-07,APAC,Japan,Rain Jacket,Apparel,Consumer,1,103.48,0.05,98.31,54.84
49,2023-01-08,North America,Canada,LED Desk Lamp,Home,SMB,1,36.83,0,36.83,23.31
50,2023-01-08,Europe,Spain,Tablet Stand,Electronics,SMB,5,26.32,0,131.6,84.53
51,2023-01-08,North America,Canada,Monitor Arm,Office,Enterprise,1,63.6,0.05,60.42,31.31
52,2023-01-08,APAC,Australia,Smart Watch,Electronics,Consumer,3,188.44,0.05,537.05,320.75
53,2023-01-09,Europe,France,LED Desk Lamp,Home,Consumer,3,40.61,0.15,103.56,65.69
54,2023-01-09,North America,USA,Standing Desk,Office,SMB,4,388.28,0.1,1397.81,661.5
55,2023-01-09,Europe,Spain,Smart Watch,Electronics,SMB,5,195.97,0,979.85,491.61
56,2023-01-09,Europe,UK,Wool Sweater,Apparel,Enterprise,1,89.83,0,89.83,42.01
57,2023-01-10,North America,USA,Notebook Set,Office,Consumer,1,14.01,0.2,11.21,5.27
58,2023-01-10,Europe,UK,Wool Sweater,Apparel,Enterprise,2,94.11,0,188.22,99.7
59,2023-01-10,APAC,India,Notebook Set,Office,Consumer,1,14.25,0.05,13.54,7.39
60,2023-01-10,Europe,Spain,Air Purifier,Home,SMB,1,119.0,0.05,113.05,60.93
61,2023-01-10,LATAM,Mexico,Ceramic Cookware Set,Home,Enterprise,2,147.85,0,295.7,169.68
62,2023-01-10,Europe,Germany,Tablet Stand,Electronics,Enterprise,2,25.95,0.1,46.71,28.65
63,2023-01-10,Europe,UK,Ceramic Cookware Set,Home,Enterprise,4,138.88,0.05,527.74,288.42
64,2023-01-11,APAC,Japan,Ergonomic Chair,Office,Consumer,1,231.34,0.05,219.77,106.83
65,2023-01-11,North America,USA,Smart Watch,Electronics,Consumer,3,200.68,0,602.04,273.09
66,2023-01-11,APAC,India,Ceramic Cookware Set,Home,Consumer,1,149.71,0,149.71,87.56
67,2023-01-11,North America,Canada,Running Shoes,Apparel,Consumer,1,83.72,0.1,75.35,41.0
68,2023-01-11,Europe,France,Smart Watch,Electronics,SMB,1,190.09,0,190.09,120.96
69,2023-01-11,North America,Canada,Denim Jacket,Apparel,Consumer,2,64.48,0.15,109.62,65.72
70,2023-01-12,Europe,France,Wireless Headphones,Electronics,SMB,4,95.03,0.15,323.1,195.14
71,2023-01-12,Europe,UK,Bluetooth Speaker,Electronics,Enterprise,3,60.87,0.2,146.09,77.34
72,2023-01-12,Europe,Spain,LED Desk Lamp,Home,Consumer,4,36.27,0.2,116.06,57.8
73,2023-01-12,North America,Canada,LED Desk Lamp,Home,SMB,4,40.59,0.05,154.24,92.22
74,2023-01-12,APAC,India,Monitor Arm,Office,Enterprise,3,62.97,0,188.91,117.62
75,2023-01-13,North America,Canada,Running Shoes,Apparel,SMB,4,82.43,0,329.72,176.4
76,2023-01-13,LATAM,Brazil,Bluetooth Speaker,Electronics,Enterprise,1,54.58,0,54.58,29.24
77,2023-01-13,Europe,Spain,Wireless Headphones,Electronics,Consumer,2,84.79,0.2,135.66,71.38
78,2023-01-13,Europe,Spain,Wireless Headphones,Electronics,Consumer,2,84.98,0,169.96,93.06
79,2023-01-13,LATAM,Brazil,Rain Jacket,Apparel,Enterprise,1,95.93,0.1,86.34,50.29
80,2023-01-13,North America,USA,Bluetooth Speaker,Electronics,Consumer,1,59.27,0,59.27,29.18
81,2023-01-13,North America,USA,Vacuum Cleaner,Home,Consumer,3,201.81,0,605.43,372.31
82,2023-01-13,North America,USA,Wireless Headphones,Electronics,Consumer,3,94.7,0.05,269.89,167.89
83,2023-01-13,North America,Canada,Smart Watch,Electronics,Enterprise,4,184.38,0.2,590.02,281.79
84,2023-01-14,LATAM,Brazil,Wool Sweater,Apparel,Enterprise,3,84.77,0.05,241.59,143.72
85,2023-01-14,Europe,Germany,Air Purifier,Home,SMB,1,139.23,0.15,118.35,67.05
86,2023-01-14,North America,USA,Standing Desk,Office,SMB,4,377.75,0,1511.0,955.53
87,2023-01-15,LATAM,Mexico,Tablet Stand,Electronics,Enterprise,2,26.32,0,52.64,28.13
88,2023-01-15,North America,Canada,Wireless Headphones,Electronics,SMB,4,91.39,0,365.56,206.25
89,2023-01-15,North America,Canada,Denim Jacket,Apparel,Consumer,1,73.04,0.15,62.08,32.24
90,2023-01-15,APAC,Japan,Denim Jacket,Apparel,SMB,2,63.49,0.1,114.28,63.55
91,2023-01-16,North America,USA,LED Desk Lamp,Home,Enterprise,7,38.85,0.1,244.75,117.72
92,2023-01-16,Europe,Spain,Denim Jacket,Apparel,Consumer,4,72.69,0,290.76,170.97
93,2023-01-17,North America,USA,LED Desk Lamp,Home,Consumer,3,40.04,0.05,114.11,72.8
94,2023-01-17,LATAM,Brazil,LED Desk Lamp,Home,Enterprise,2,39.85,0.1,71.73,37.39
95,2023-01-17,North America,USA,Bluetooth Speaker,Electronics,Consumer,2,58.67,0.05,111.47,61.36
96,2023-01-17,LATAM,Brazil,LED Desk Lamp,Home,Consumer,1,36.77,0,36.77,18.13
97,2023-01-17,APAC,Singapore,Smart Watch,Electronics,Enterprise,3,206.91,0,620.73,332.18
98,2023-01-17,North America,Canada,Ceramic Cookware Set,Home,Enterprise,5,141.99,0.1,638.96,409.7
99,2023-01-18,Europe,Spain,Ceramic Cookware Set,Home,Enterprise,3,147.63,0.2,354.31,212.51
100,2023-01-18,LATAM,Brazil,Smart Watch,Electronics,Enterprise,4,187.12,0.15,636.21,376.78
101,2023-01-18,APAC,Japan,Running Shoes,Apparel,Enterprise,2,80.24,0.1,144.43,76.83
102,2023-01-19,North America,USA,Wireless Headphones,Electronics,Consumer,3,86.69,0,260.07,149.15
103,2023-01-19,Europe,Germany,Tablet Stand,Electronics,Enterprise,3,24.82,0.1,67.01,35.26
104,2023-01-19,Europe,Germany,Running Shoes,Apparel,SMB,1,84.24,0,84.24,50.53
105,2023-01-19,Europe,Spain,Standing Desk,Office,SMB,5,428.92,0.2,1715.68,912.68
106,2023-01-19,North America,Canada,Ceramic Cookware Set,Home,Consumer,1,156.79,0.05,148.95,73.25
107,2023-01-19,APAC,Australia,Denim Jacket,Apparel,SMB,2,73.8,0,147.6,67.89
108,2023-01-20,APAC,India,LED Desk Lamp,Home,Consumer,4,36.09,0.15,122.71,65.53
109,2023-01-20,APAC,Australia,Wool Sweater,Apparel,SMB,3,89.41,0,268.23,157.68
110,2023-01-20,APAC,India,Denim Jacket,Apparel,Enterprise,1,67.51,0.1,60.76,35.95
111,2023-01-20,APAC,Australia,Wool Sweater,Apparel,SMB,2,94.44,0,188.88,103.77
112,2023-01-20,Europe,Germany,Wool Sweater,Apparel,Enterprise,4,91.22,0.05,346.64,191.75
113,2023-01-21,North America,USA,Bluetooth Speaker,Electronics,SMB,1,58.86,0,58.86,28.29
114,2023-01-22,LATAM,Mexico,Denim Jacket,Apparel,Enterprise,3,73.52,0.05,209.53,98.49
115,2023-01-22,North America,USA,Wool Sweater,Apparel,SMB,2,87.99,0,175.98,107.41
116,2023-01-22,North America,Canada,Ceramic Cookware Set,Home,Enterprise,6,144.89,0.05,825.87,408.16
117,2023-01-22,LATAM,Mexico,Running Shoes,Apparel,SMB,3,77.33,0.05,220.39,131.88
118,2023-01-23,North America,USA,Rain Jacket,Apparel,Enterprise,4,98.98,0.15,336.53,165.46
119,2023-01-23,Europe,UK,Vacuum Cleaner,Home,Enterprise,4,226.64,0,906.56,534.87
120,2023-01-23,Europe,France,Bluetooth Speaker,Electronics,SMB,1,60.33,0.05,57.31,34.14
121,2023-01-23,North America,Canada,Smart Watch,Electronics,SMB,2,195.22,0.15,331.87,180.47
122,2023-01-23,North America,USA,Ergonomic Chair,Office,Consumer,3,248.95,0.2,597.48,317.38
123,2023-01-23,LATAM,Mexico,Bluetooth Speaker,Electronics,SMB,1,61.6,0.15,52.36,29.4
124,2023-01-23,North America,USA,Running Shoes,Apparel,Consumer,1,72.69,0,72.69,39.42
125,2023-01-23,North America,Canada,Running Shoes,Apparel,SMB,3,73.68,0.2,176.83,108.77
126,2023-01-24,APAC,Japan,Notebook Set,Office,Enterprise,2,14.56,0.1,26.21,14.48
127,2023-01-24,North America,Canada,Wireless Headphones,Electronics,SMB,3,94.0,0.2,225.6,136.19
128,2023-01-24,APAC,Australia,Smart Watch,Electronics,Consumer,1,209.75,0.1,188.78,121.79
129,2023-01-24,North America,USA,Air Purifier,Home,Enterprise,5,125.56,0,627.8,302.51
130,2023-01-24,North America,Canada,Wireless Headphones,Electronics,SMB,3,85.21,0.1,230.07,142.89
131,2023-01-25,North America,USA,Wireless Headphones,Electronics,Enterprise,3,95.34,0.15,243.12,129.0
132,2023-01-25,North America,USA,Ceramic Cookware Set,Home,SMB,4,140.76,0.1,506.74,291.37
133,2023-01-25,Europe,France,LED Desk Lamp,Home,SMB,4,40.97,0.15,139.3,63.53
134,2023-01-25,APAC,Japan,Vacuum Cleaner,Home,SMB,2,205.22,0.05,389.92,218.16
135,2023-01-25,LATAM,Brazil,Wireless Headphones,Electronics,SMB,1,90.84,0,90.84,47.92
136,2023-01-25,North America,Canada,Smart Watch,Electronics,SMB,4,196.66,0,786.64,508.91
137,2023-01-26,Europe,UK,Ceramic Cookware Set,Home,SMB,2,148.91,0,297.82,141.2
138,2023-01-26,North America,USA,Tablet Stand,Electronics,Consumer,3,26.86,0,80.58,44.19
139,2023-01-26,LATAM,Brazil,Ergonomic Chair,Office,Consumer,2,253.61,0.15,431.14,221.2
140,2023-01-26,North America,Canada,Standing Desk,Office,Enterprise,5,425.0,0,2125.0,1155.17
141,2023-01-26,Europe,UK,Vacuum Cleaner,Home,Consumer,1,204.84,0.2,163.87,79.94
142,2023-01-26,Europe,UK,Running Shoes,Apparel,SMB,1,80.1,0.2,64.08,34.56
143,2023-01-26,LATAM,Mexico,Running Shoes,Apparel,Consumer,1,80.62,0.05,76.59,36.93
144,2023-01-26,North America,USA,Smart Watch,Electronics,Enterprise,6,207.56,0,1245.36,722.19
145,2023-01-27,Europe,Spain,Denim Jacket,Apparel,SMB,3,74.52,0.15,190.03,103.71
146,2023-01-27,North America,USA,Wool Sweater,Apparel,Enterprise,5,90.85,0,454.25,282.35
147,2023-01-27,APAC,Japan,Bluetooth Speaker,Electronics,SMB,2,56.47,0,112.94,53.78
148,2023-01-27,North America,Canada,Wireless Headphones,Electronics,Consumer,2,89.9,0,179.8,102.33
149,2023-01-27,North America,Canada,Wireless Headphones,Electronics,Enterprise,6,94.35,0,566.1,262.51
150,2023-01-27,Europe,Germany,Ergonomic Chair,Office,SMB,4,249.76,0,999.04,501.05
151,2023-01-27,LATAM,Brazil,Ceramic Cookware Set,Home,Consumer,1,152.87,0,152.87,76.77
152,2023-01-27,North America,USA,Vacuum Cleaner,Home,SMB,4,228.33,0,913.32,431.74
153,2023-01-28,LATAM,Mexico,Wool Sweater,Apparel,Enterprise,1,91.49,0.2,73.19,39.14
154,2023-01-28,LATAM,Brazil,Notebook Set,Office,Enterprise,2,15.09,0,30.18,14.66
155,2023-01-28,APAC,India,Wireless Headphones,Electronics,Consumer,1,84.33,0,84.33,44.57
156,2023-01-29,APAC,India,Smart Watch,Electronics,SMB,2,210.47,0.15,357.8,220.93
157,2023-01-29,North America,USA,Smart Watch,Electronics,Enterprise,6,200.97,0,1205.82,628.94
158,2023-01-29,APAC,Japan,Ceramic Cookware Set,Home,Consumer,1,143.54,0.1,129.19,76.52
159,2023-01-30,APAC,Australia,Wireless Headphones,Electronics,Consumer,3,89.57,0.05,255.27,144.69
160,2023-01-30,North America,USA,Rain Jacket,Apparel,SMB,1,98.73,0.05,93.79,56.43
161,2023-01-30,North America,Canada,Standing Desk,Office,Consumer,1,401.99,0.2,321.59,180.84
162,2023-01-30,North America,USA,Wool Sweater,Apparel,SMB,2,86.24,0.1,155.23,76.46
163,2023-01-30,APAC,Singapore,Smart Watch,Electronics,Consumer,1,199.98,0.1,179.98,101.03
164,2023-01-30,APAC,Japan,Running Shoes,Apparel,Enterprise,3,77.58,0,232.74,124.82
165,2023-01-31,Europe,Germany,Wireless Headphones,Electronics,SMB,4,89.15,0,356.6,196.1
166,2023-01-31,North America,USA,Running Shoes,Apparel,Consumer,4,76.26,0,305.04,165.63
167,2023-01-31,LATAM,Mexico,Smart Watch,Electronics,Consumer,1,212.41,0.15,180.55,91.81
168,2023-01-31,APAC,Singapore,Vacuum Cleaner,Home,SMB,6,217.81,0.15,1110.83,506.92
169,2023-01-31,LATAM,Brazil,Rain Jacket,Apparel,SMB,1,97.03,0.2,77.62,39.83
170,2023-02-01,Europe,France,Vacuum Cleaner,Home,Enterprise,6,212.28,0.2,1018.94,522.61
171,2023-02-01,APAC,Singapore,Running Shoes,Apparel,Consumer,1,79.54,0.2,63.63,39.41
172,2023-02-01,North America,Canada,LED Desk Lamp,Home,SMB,5,40.06,0.05,190.28,108.82
173,2023-02-01,Europe,Spain,Wireless Headphones,Electronics,Consumer,1,84.46,0.2,67.57,36.7
174,2023-02-01,APAC,Japan,Smart Watch,Electronics,Enterprise,4,183.48,0,733.92,416.03
175,2023-02-01,North America,Canada,Tablet Stand,Electronics,Consumer,3,23.45,0,70.35,32.5
176,2023-02-02,LATAM,Brazil,Running Shoes,Apparel,SMB,2,77.59,0.15,131.9,77.08
177,2023-02-02,APAC,India,Denim Jacket,Apparel,SMB,3,68.21,0,204.63,111.46
178,2023-02-02,APAC,Australia,Smart Watch,Electronics,Enterprise,3,201.81,0,605.43,281.21
179,2023-02-02,North America,Canada,Ceramic Cookware Set,Home,Consumer,2,156.14,0,312.28,158.31
180,2023-02-02,APAC,Singapore,Vacuum Cleaner,Home,SMB,2,214.92,0.05,408.35,221.34
181,2023-02-02,North America,USA,Wireless Headphones,Electronics,Consumer,3,86.41,0.05,246.27,113.98
182,2023-02-03,Europe,France,Rain Jacket,Apparel,Enterprise,3,103.5,0.2,248.4,146.36
183,2023-02-03,APAC,Australia,Running Shoes,Apparel,SMB,2,76.92,0,153.84,85.07
184,2023-02-03,APAC,Singapore,Ergonomic Chair,Office,SMB,4,257.33,0.1,926.39,428.79
185,2023-02-03,APAC,Singapore,Rain Jacket,Apparel,Consumer,3,99.25,0,297.75,140.17
186,2023-02-03,North America,Canada,Denim Jacket,Apparel,Enterprise,4,71.79,0.05,272.8,159.18
187,2023-02-03,North America,USA,Monitor Arm,Office,SMB,3,55.74,0.15,142.14,86.94
188,2023-02-03,LATAM,Mexico,Bluetooth Speaker,Electronics,Enterprise,3,61.3,0,183.9,88.8
189,2023-02-04,APAC,Japan,LED Desk Lamp,Home,SMB,2,37.9,0.15,64.43,38.38
190,2023-02-04,North America,USA,Notebook Set,Office,Consumer,5,14.6,0.15,62.05,28.16
191,2023-02-04,Europe,France,Wireless Headphones,Electronics,Enterprise,6,89.43,0,536.58,305.27
192,2023-02-04,North America,Canada,Tablet Stand,Electronics,Enterprise,4,24.74,0.2,79.17,38.04
193,2023-02-04,North America,Canada,Smart Watch,Electronics,SMB,3,204.18,0.2,490.03,243.24
194,2023-02-04,Europe,UK,Ceramic Cookware Set,Home,Consumer,2,157.14,0,314.28,159.93
195,2023-02-04,Europe,UK,Smart Watch,Electronics,SMB,5,207.84,0,1039.2,469.0
196,2023-02-05,LATAM,Brazil,Wireless Headphones,Electronics,SMB,2,83.06,0.15,141.2,84.23
197,2023-02-05,LATAM,Brazil,LED Desk Lamp,Home,SMB,1,41.88,0,41.88,24.98
198,2023-02-05,North America,Canada,Wool Sweater,Apparel,SMB,4,90.12,0.2,288.38,163.73
199,2023-02-05,North America,USA,Ergonomic Chair,Office,SMB,2,248.3,0.15,422.11,211.63
200,2023-02-05,APAC,Japan,Notebook Set,Office,Consumer,2,16.18,0.2,25.89,13.1
201,2023-02-05,LATAM,Mexico,Tablet Stand,Electronics,Consumer,1,26.35,0.05,25.03,13.17
202,2023-02-06,Europe,Germany,Bluetooth Speaker,Electronics,Enterprise,5,57.57,0.05,273.46,171.93
203,2023-02-06,APAC,Japan,Smart Watch,Electronics,Consumer,1,183.81,0,183.81,92.73
204,2023-02-06,Europe,France,Rain Jacket,Apparel,SMB,2,101.27,0.15,172.16,83.97
205,2023-02-06,North America,USA,Denim Jacket,Apparel,Consumer,2,63.93,0.1,115.07,71.09
206,2023-02-06,Europe,UK,Bluetooth Speaker,Electronics,Enterprise,4,55.34,0.2,177.09,102.64
207,2023-02-06,North America,USA,Vacuum Cleaner,Home,Enterprise,6,213.91,0.15,1090.94,570.39
208,2023-02-06,North America,USA,Standing Desk,Office,Consumer,3,377.67,0,1133.01,594.6
209,2023-02-06,LATAM,Brazil,Smart Watch,Electronics,SMB,1,209.43,0.15,178.02,114.85
210,2023-02-07,North America,Canada,Vacuum Cleaner,Home,Enterprise,8,234.47,0.2,1500.61,814.02
211,2023-02-07,APAC,Singapore,Smart Watch,Electronics,Consumer,1,209.45,0,209.45,113.32
212,2023-02-07,Europe,France,Denim Jacket,Apparel,SMB,5,70.18,0,350.9,181.48
213,2023-02-08,Europe,Germany,Smart Watch,Electronics,SMB,2,194.89,0.15,331.31,195.24
214,2023-02-08,North America,Canada,Wireless Headphones,Electronics,Consumer,1,85.18,0,85.18,52.09
215,2023-02-08,North America,Canada,Ceramic Cookware Set,Home,SMB,6,142.41,0,854.46,525.14
216,2023-02-08,Europe,UK,Wireless Headphones,Electronics,Enterprise,6,92.93,0,557.58,340.04
217,2023-02-08,APAC,Australia,Standing Desk,Office,Consumer,1,374.2,0.1,336.78,161.43
218,2023-02-08,North America,USA,Wireless Headphones,Electronics,Enterprise,4,84.08,0,336.32,152.2
219,2023-02-08,LATAM,Mexico,Running Shoes,Apparel,Enterprise,3,80.03,0.05,228.09,121.05
220,2023-02-08,North America,Canada,Ergonomic Chair,Office,Consumer,1,237.34,0.15,201.74,126.17
221,2023-02-09,North America,Canada,Denim Jacket,Apparel,SMB,1,65.47,0,65.47,40.47
222,2023-02-09,Europe,Spain,Ergonomic Chair,Office,SMB,2,267.52,0.1,481.54,274.69
223,2023-02-09,APAC,Australia,Ceramic Cookware Set,Home,SMB,1,138.54,0,138.54,70.17
224,2023-02-09,APAC,Singapore,LED Desk Lamp,Home,Enterprise,4,37.81,0,151.24,95.93
225,2023-02-10,APAC,Australia,Vacuum Cleaner,Home,Consumer,2,222.58,0.1,400.64,199.14
226,2023-02-10,APAC,Australia,Bluetooth Speaker,Electronics,Consumer,5,61.92,0.05,294.12,172.89
227,2023-02-10,Europe,UK,Wool Sweater,Apparel,SMB,5,91.76,0,458.8,292.33
228,2023-02-10,North America,USA,Air Purifier,Home,Consumer,1,135.24,0,135.24,72.68
229,2023-02-11,APAC,Singapore,Running Shoes,Apparel,Consumer,2,73.7,0,147.4,71.62
230,2023-02-11,LATAM,Brazil,Rain Jacket,Apparel,SMB,3,103.66,0.2,248.78,126.44
231,2023-02-11,North America,USA,Rain Jacket,Apparel,Consumer,2,104.75,0.1,188.55,112.63
232,2023-02-11,APAC,Australia,Tablet Stand,Electronics,SMB,4,26.12,0.2,83.58,41.87
233,2023-02-11,Europe,France,Denim Jacket,Apparel,Enterprise,4,65.16,0.2,208.51,101.04
234,2023-02-11,North America,USA,Running Shoes,Apparel,Enterprise,6,85.0,0.05,484.5,277.28
235,2023-02-11,APAC,Japan,Wireless Headphones,Electronics,SMB,2,90.01,0.1,162.02,99.76
236,2023-02-11,Europe,Germany,Tablet Stand,Electronics,Consumer,1,26.63,0,26.63,16.07
237,2023-02-11,LATAM,Mexico,Running Shoes,Apparel,Enterprise,3,79.66,0,238.98,131.66
238,2023-02-11,LATAM,Mexico,Wool Sweater,Apparel,SMB,1,95.94,0,95.94,57.05
239,2023-02-12,Europe,UK,Denim Jacket,Apparel,Enterprise,6,70.08,0.2,336.38,197.12
240,2023-02-12,Europe,Germany,Ceramic Cookware Set,Home,Consumer,1,147.32,0,147.32,86.38
241,2023-02-12,APAC,Australia,Smart Watch,Electronics,SMB,2,200.44,0.2,320.7,153.6
242,2023-02-12,Europe,France,Ceramic Cookware Set,Home,Enterprise,8,151.28,0,1210.24,665.84
243,2023-02-12,APAC,Japan,LED Desk Lamp,Home,SMB,4,36.75,0.1,132.3,63.33
244,2023-02-12,APAC,Singapore,Wool Sweater,Apparel,Consumer,1,82.46,0,82.46,47.64
245,2023-02-12,APAC,Japan,Wireless Headphones,Electronics,Consumer,3,94.6,0,283.8,169.37
246,2023-02-13,LATAM,Brazil,LED Desk Lamp,Home,Consumer,1,40.82,0.2,32.66,19.23
247,2023-02-13,North America,USA,Tablet Stand,Electronics,Enterprise,6,25.79,0.2,123.79,68.85
248,2023-02-13,Europe,UK,Rain Jacket,Apparel,SMB,3,99.05,0.1,267.44,141.26
249,2023-02-13,North America,Canada,Ceramic Cookware Set,Home,SMB,5,145.1,0,725.5,437.09
250,2023-02-14,North America,USA,LED Desk Lamp,Home,Consumer,3,38.07,0.2,91.37,41.91
251,2023-02-14,Europe,France,Bluetooth Speaker,Electronics,SMB,4,58.44,0,233.76,123.76
252,2023-02-14,North America,Canada,Ergonomic Chair,Office,Consumer,2,246.81,0,493.62,299.52
253,2023-02-14,APAC,Australia,Vacuum Cleaner,Home,Consumer,2,210.31,0.1,378.56,242.08
254,2023-02-14,Europe,UK,Wireless Headphones,Electronics,SMB,4,88.02,0,352.08,180.38
255,2023-02-14,North America,Canada,Wool Sweater,Apparel,SMB,2,93.59,0.1,168.46,97.07
256,2023-02-15,North America,Canada,Smart Watch,Electronics,Enterprise,5,196.68,0,983.4,512.02
257,2023-02-15,North America,USA,Smart Watch,Electronics,Consumer,1,199.26,0.1,179.33,106.27
258,2023-02-15,North America,USA,Air Purifier,Home,Enterprise,3,130.14,0.05,370.9,182.27
259,2023-02-15,Europe,Germany,LED Desk Lamp,Home,SMB,3,39.71,0.05,113.17,68.25
260,2023-02-15,LATAM,Brazil,Denim Jacket,Apparel,Consumer,2,73.94,0.05,140.49,63.67
261,2023-02-15,North America,Canada,Rain Jacket,Apparel,SMB,3,103.04,0.05,293.66,184.78
262,2023-02-15,APAC,Singapore,Ceramic Cookware Set,Home,Enterprise,4,151.27,0,605.08,380.85
263,2023-02-15,North America,Canada,Bluetooth Speaker,Electronics,SMB,5,59.91,0.15,254.62,154.65
264,2023-02-15,North America,Canada,Smart Watch,Electronics,SMB,4,209.33,0,837.32,420.36
265,2023-02-15,North America,Canada,Ceramic Cookware Set,Home,SMB,2,160.9,0.2,257.44,138.35
266,2023-02-15,Europe,UK,Wireless Headphones,Electronics,SMB,2,87.22,0.1,157.0,74.33
267,2023-02-16,North America,Canada,LED Desk Lamp,Home,SMB,5,37.06,0.2,148.24,78.67
268,2023-02-16,APAC,Australia,Wireless Headphones,Electronics,SMB,1,85.18,0.2,68.14,41.68
269,2023-02-16,APAC,Australia,Smart Watch,Electronics,Enterprise,5,210.77,0.05,1001.16,616.82
270,2023-02-16,North America,USA,Air Purifier,Home,Consumer,1,128.06,0.05,121.66,57.83
271,2023-02-16,APAC,Japan,Monitor Arm,Office,Enterprise,3,54.48,0.05,155.27,95.52
272,2023-02-16,North America,Canada,Running Shoes,Apparel,Consumer,4,74.48,0.15,253.23,132.66
273,2023-02-16,Europe,UK,Standing Desk,Office,Enterprise,3,385.0,0.15,981.75,525.13
274,2023-02-16,Europe,France,Rain Jacket,Apparel,Enterprise,3,105.37,0.15,268.69,134.48
275,2023-02-16,LATAM,Mexico,Air Purifier,Home,Consumer,2,134.21,0,268.42,158.8
276,2023-02-17,Europe,Germany,Ceramic Cookware Set,Home,Consumer,1,153.73,0.05,146.04,86.54
277,2023-02-17,Europe,Spain,Air Purifier,Home,Enterprise,3,133.38,0,400.14,230.98
278,2023-02-17,North America,USA,Vacuum Cleaner,Home,Consumer,1,228.69,0,228.69,122.94
279,2023-02-17,North America,Canada,Notebook Set,Office,Consumer,1,14.01,0,14.01,7.84
280,2023-02-17,North America,USA,Denim Jacket,Apparel,Consumer,1,65.88,0,65.88,31.44
281,2023-02-18,North America,USA,Denim Jacket,Apparel,Consumer,1,72.75,0.15,61.84,39.02
282,2023-02-18,North America,Canada,Vacuum Cleaner,Home,SMB,2,214.56,0,429.12,255.43
283,2023-02-18,North America,Canada,Ergonomic Chair,Office,SMB,3,246.97,0,740.91,385.63
284,2023-02-18,Europe,France,Tablet Stand,Electronics,Consumer,1,24.19,0,24.19,13.48
285,2023-02-18,North America,USA,Air Purifier,Home,SMB,4,139.18,0.2,445.38,262.84
286,2023-02-18,North America,Canada,Wireless Headphones,Electronics,SMB,4,84.17,0.2,269.34,135.11
287,2023-02-18,Europe,Spain,Ceramic Cookware Set,Home,Consumer,4,154.75,0.1,557.1,259.31
288,2023-02-18,Europe,Spain,Wireless Headphones,Electronics,Enterprise,6,84.3,0.2,404.64,241.34
289,2023-02-18,Europe,Germany,Standing Desk,Office,SMB,3,393.54,0,1180.62,596.7
290,2023-02-19,APAC,Australia,Notebook Set,Office,Consumer,1,15.79,0.2,12.63,7.87
291,2023-02-19,Europe,France,Bluetooth Speaker,Electronics,SMB,3,62.72,0,188.16,99.69
292,2023-02-19,North America,USA,Smart Watch,Electronics,SMB,3,198.59,0.1,536.19,247.91
293,2023-02-19,Europe,UK,Bluetooth Speaker,Electronics,Enterprise,1,56.6,0,56.6,36.36
294,2023-02-19,Europe,Germany,Ergonomic Chair,Office,Enterprise,3,229.12,0.2,549.89,302.11
295,2023-02-19,Europe,Germany,Standing Desk,Office,Consumer,2,397.73,0.1,715.91,397.51
296,2023-02-20,Europe,UK,Wool Sweater,Apparel,SMB,1,82.66,0.1,74.39,46.92
297,2023-02-20,APAC,Japan,Wool Sweater,Apparel,Consumer,1,87.63,0,87.63,44.9
298,2023-02-20,Europe,UK,Air Purifier,Home,SMB,3,136.17,0.05,388.08,251.62
299,2023-02-20,Europe,Spain,Tablet Stand,Electronics,Consumer,2,26.11,0.1,47.0,21.85
300,2023-02-20,North America,USA,Vacuum Cleaner,Home,Consumer,1,219.96,0,219.96,139.85
301,2023-02-20,Europe,Germany,Monitor Arm,Office,SMB,2,56.13,0,112.26,60.05
302,2023-02-20,Europe,UK,Wireless Headphones,Electronics,Enterprise,3,88.39,0,265.17,150.96
303,2023-02-20,APAC,Australia,Wireless Headphones,Electronics,Consumer,2,92.19,0,184.38,107.88
304,2023-02-21,Europe,France,Wool Sweater,Apparel,Consumer,3,83.48,0.05,237.92,109.16
305,2023-02-21,APAC,Australia,Smart Watch,Electronics,Enterprise,2,212.7,0.15,361.59,226.05
306,2023-02-21,Europe,France,Vacuum Cleaner,Home,Enterprise,3,213.38,0.2,512.11,325.82
307,2023-02-21,North America,USA,Ceramic Cookware Set,Home,Consumer,4,158.14,0,632.56,351.96
308,2023-02-21,Europe,UK,Wool Sweater,Apparel,Enterprise,5,95.67,0.15,406.6,245.37
309,2023-02-21,North America,Canada,Running Shoes,Apparel,Consumer,4,75.5,0,302.0,158.63
310,2023-02-22,Europe,UK,Bluetooth Speaker,Electronics,Consumer,4,60.29,0,241.16,116.32
311,2023-02-22,Europe,France,Vacuum Cleaner,Home,Enterprise,5,208.4,0.1,937.8,532.55
312,2023-02-22,APAC,Japan,Ceramic Cookware Set,Home,Enterprise,4,150.02,0.2,480.06,234.14
313,2023-02-22,Europe,Germany,Ceramic Cookware Set,Home,Enterprise,5,160.81,0.15,683.44,390.83
314,2023-02-22,APAC,India,Monitor Arm,Office,Enterprise,2,61.85,0.1,111.33,69.62
315,2023-02-22,LATAM,Brazil,Ceramic Cookware Set,Home,Enterprise,1,155.33,0.15,132.03,59.51
316,2023-02-23,APAC,Japan,Wool Sweater,Apparel,SMB,1,87.78,0,87.78,52.75
317,2023-02-23,APAC,Japan,Ergonomic Chair,Office,Consumer,3,241.46,0,724.38,406.1
318,2023-02-23,North America,Canada,Ergonomic Chair,Office,Enterprise,3,249.18,0.05,710.16,362.54
319,2023-02-23,APAC,Singapore,Ergonomic Chair,Office,Consumer,3,265.07,0,795.21,465.65
320,2023-02-23,Europe,France,Vacuum Cleaner,Home,SMB,3,230.73,0,692.19,325.38
321,2023-02-23,North America,Canada,Vacuum Cleaner,Home,Consumer,1,224.48,0.15,190.81,93.56
322,2023-02-23,Europe,Germany,Smart Watch,Electronics,Consumer,3,202.04,0.2,484.9,298.95
323,2023-02-23,North America,USA,Rain Jacket,Apparel,Enterprise,4,102.97,0.1,370.69,212.95
324,2023-02-23,North America,USA,Tablet Stand,Electronics,SMB,6,24.53,0.2,117.74,61.54
325,2023-02-23,North America,USA,Smart Watch,Electronics,Enterprise,7,191.52,0.1,1206.58,682.42
326,2023-02-23,North America,USA,Monitor Arm,Office,Consumer,6,62.8,0.1,339.12,188.0
327,2023-02-23,Europe,UK,Rain Jacket,Apparel,SMB,4,96.06,0.2,307.39,176.19
328,2023-02-24,North America,Canada,Running Shoes,Apparel,Consumer,3,82.52,0.2,198.05,125.75
329,2023-02-24,North America,Canada,Monitor Arm,Office,Enterprise,6,63.07,0.05,359.5,173.22
330,2023-02-24,APAC,India,Rain Jacket,Apparel,SMB,2,100.79,0.1,181.42,84.1
331,2023-02-24,Europe,Germany,Notebook Set,Office,SMB,5,14.86,0.15,63.15,35.5
332,2023-02-24,Europe,UK,Running Shoes,Apparel,SMB,3,79.43,0.15,202.55,100.03
333,2023-02-24,LATAM,Mexico,Air Purifier,Home,SMB,1,122.99,0,122.99,78.75
334,2023-02-25,Europe,France,Monitor Arm,Office,Enterprise,3,60.83,0,182.49,93.26
335,2023-02-25,Europe,Spain,Smart Watch,Electronics,SMB,5,189.19,0.15,804.06,479.23
336,2023-02-25,Europe,Spain,Rain Jacket,Apparel,SMB,3,99.04,0,297.12,153.53
337,2023-02-26,Europe,Germany,Tablet Stand,Electronics,SMB,4,23.07,0.2,73.82,39.59
338,2023-02-26,Europe,UK,Notebook Set,Office,Enterprise,1,14.52,0.15,12.34,6.64
339,2023-02-26,Europe,Germany,Standing Desk,Office,SMB,2,416.73,0.15,708.44,436.19
340,2023-02-27,LATAM,Mexico,Air Purifier,Home,SMB,1,119.43,0,119.43,75.98
341,2023-02-27,APAC,Japan,Tablet Stand,Electronics,Consumer,1,25.62,0.1,23.06,12.77
342,2023-02-28,Europe,UK,LED Desk Lamp,Home,Consumer,2,36.77,0.1,66.19,38.76
343,2023-02-28,Europe,UK,Wireless Headphones,Electronics,Enterprise,7,94.56,0,661.92,351.09
344,2023-02-28,North America,Canada,Smart Watch,Electronics,Enterprise,5,202.47,0,1012.35,571.75
345,2023-02-28,APAC,Singapore,Monitor Arm,Office,Consumer,1,60.55,0.2,48.44,28.05
346,2023-02-28,LATAM,Brazil,Rain Jacket,Apparel,SMB,3,100.42,0,301.26,151.3
347,2023-02-28,North America,Canada,Smart Watch,Electronics,SMB,5,185.43,0.15,788.08,413.0
348,2023-02-28,APAC,Singapore,Smart Watch,Electronics,Consumer,2,197.47,0,394.94,226.33
349,2023-02-28,Europe,UK,Bluetooth Speaker,Electronics,SMB,3,56.01,0,168.03,88.04
350,2023-03-01,LATAM,Brazil,Running Shoes,Apparel,Enterprise,1,79.03,0.05,75.08,40.43
351,2023-03-01,APAC,Singapore,Wool Sweater,Apparel,SMB,3,88.19,0,264.57,119.59
352,2023-03-01,North America,Canada,LED Desk Lamp,Home,Enterprise,5,36.03,0.1,162.14,73.71
353,2023-03-02,Europe,UK,Ergonomic Chair,Office,Enterprise,7,265.11,0.15,1577.4,973.26
354,2023-03-02,APAC,Japan,Wireless Headphones,Electronics,Consumer,1,85.21,0.05,80.95,41.71
355,2023-03-02,APAC,India,Tablet Stand,Electronics,Enterprise,4,25.52,0,102.08,64.34
356,2023-03-02,Europe,France,Denim Jacket,Apparel,Consumer,4,71.67,0.1,258.01,132.25
357,2023-03-03,North America,USA,Ceramic Cookware Set,Home,Enterprise,4,156.39,0,625.56,283.98
358,2023-03-03,APAC,Singapore,Denim Jacket,Apparel,SMB,1,67.24,0.2,53.79,30.56
359,2023-03-03,North America,Canada,Smart Watch,Electronics,Enterprise,4,191.57,0.1,689.65,359.11
360,2023-03-03,LATAM,Brazil,Tablet Stand,Electronics,SMB,1,23.78,0,23.78,11.52
361,2023-03-03,North America,Canada,Tablet Stand,Electronics,SMB,3,25.35,0,76.05,49.28
362,2023-03-03,Europe,Spain,Bluetooth Speaker,Electronics,Consumer,3,60.78,0.2,145.87,71.67
363,2023-03-03,APAC,Australia,Smart Watch,Electronics,Consumer,1,204.63,0.1,184.17,106.99
364,2023-03-03,APAC,Japan,Smart Watch,Electronics,Consumer,1,193.61,0.2,154.89,96.35
365,2023-03-04,APAC,Singapore,Running Shoes,Apparel,Consumer,1,73.57,0,73.57,34.25
366,2023-03-04,LATAM,Brazil,Smart Watch,Electronics,Consumer,3,191.95,0,575.85,293.13
367,2023-03-04,LATAM,Brazil,Notebook Set,Office,Consumer,1,15.82,0.2,12.66,6.6
368,2023-03-04,APAC,Australia,Bluetooth Speaker,Electronics,SMB,2,54.4,0,108.8,66.99
369,2023-03-04,Europe,UK,Standing Desk,Office,Enterprise,5,386.41,0,1932.05,902.05
370,2023-03-05,LATAM,Brazil,LED Desk Lamp,Home,SMB,2,37.89,0,75.78,39.05
371,2023-03-05,APAC,Singapore,Tablet Stand,Electronics,Consumer,1,24.54,0.1,22.09,13.75
372,2023-03-05,APAC,India,Rain Jacket,Apparel,SMB,3,101.77,0,305.31,190.68
373,2023-03-05,North America,USA,Standing Desk,Office,SMB,4,427.87,0.1,1540.33,777.96
374,2023-03-05,North America,USA,Bluetooth Speaker,Electronics,Consumer,4,57.33,0,229.32,129.58
375,2023-03-05,North America,USA,Monitor Arm,Office,Consumer,1,59.8,0.15,50.83,27.32
376,2023-03-06,North America,Canada,Air Purifier,Home,SMB,6,128.91,0.1,696.11,340.47
377,2023-03-06,Europe,Spain,Denim Jacket,Apparel,Enterprise,6,69.82,0.2,335.14,212.13
378,2023-03-06,Europe,Germany,Tablet Stand,Electronics,Consumer,1,26.12,0.15,22.2,14.33
379,2023-03-06,Europe,France,Rain Jacket,Apparel,SMB,3,100.07,0,300.21,162.2
380,2023-03-07,North America,Canada,Denim Jacket,Apparel,SMB,3,66.99,0,200.97,125.49
381,2023-03-07,Europe,France,Running Shoes,Apparel,SMB,6,81.08,0,486.48,271.01
382,2023-03-07,LATAM,Brazil,Air Purifier,Home,Consumer,2,120.57,0.1,217.03,106.46
383,2023-03-07,APAC,India,Denim Jacket,Apparel,SMB,3,65.29,0,195.87,122.26
384,2023-03-07,North America,Canada,Bluetooth Speaker,Electronics,SMB,4,59.87,0,239.48,146.24
385,2023-03-08,APAC,Japan,Monitor Arm,Office,Consumer,3,59.28,0,177.84,89.33
386,2023-03-08,Europe,UK,Vacuum Cleaner,Home,Consumer,1,234.62,0,234.62,128.08
387,2023-03-08,Europe,Germany,Air Purifier,Home,SMB,2,124.92,0.1,224.86,120.56
388,2023-03-08,Europe,Germany,Running Shoes,Apparel,Consumer,4,78.19,0,312.76,177.5
389,2023-03-08,APAC,Australia,Tablet Stand,Electronics,SMB,2,23.82,0.2,38.11,17.67
390,2023-03-09,Europe,France,Wireless Headphones,Electronics,Consumer,1,83.53,0.1,75.18,42.99
391,2023-03-09,LATAM,Mexico,LED Desk Lamp,Home,Consumer,1,40.08,0.15,34.07,19.61
392,2023-03-09,APAC,Singapore,LED Desk Lamp,Home,Consumer,3,40.79,0.1,110.13,65.89
393,2023-03-09,North America,USA,Ergonomic Chair,Office,SMB,32,246.79,0.2,6317.82,3255.05
394,2023-03-09,North America,USA,Denim Jacket,Apparel,SMB,4,69.86,0.05,265.47,121.56
395,2023-03-10,APAC,Japan,Bluetooth Speaker,Electronics,SMB,4,60.67,0,242.68,154.34
396,2023-03-10,APAC,India,Wireless Headphones,Electronics,Enterprise,4,94.48,0,377.92,244.84
397,2023-03-10,APAC,Singapore,Bluetooth Speaker,Electronics,Consumer,1,59.98,0.1,53.98,28.13
398,2023-03-10,APAC,Singapore,Vacuum Cleaner,Home,SMB,1,209.18,0,209.18,133.63
399,2023-03-10,Europe,Germany,Smart Watch,Electronics,Consumer,20,209.93,0.05,3988.67,2049.03
400,2023-03-10,Europe,Spain,Vacuum Cleaner,Home,Enterprise,3,225.19,0.05,641.79,408.43
401,2023-03-10,North America,USA,Vacuum Cleaner,Home,SMB,3,230.46,0.1,622.24,312.18
402,2023-03-10,North America,USA,Running Shoes,Apparel,Enterprise,6,84.56,0,507.36,286.97
403,2023-03-11,North America,USA,Standing Desk,Office,Enterprise,7,390.08,0,2730.56,1413.42
404,2023-03-11,Europe,Germany,Wireless Headphones,Electronics,Enterprise,5,92.66,0.15,393.8,196.76
405,2023-03-11,Europe,France,Tablet Stand,Electronics,SMB,2,23.68,0,47.36,27.04
406,2023-03-12,LATAM,Brazil,Smart Watch,Electronics,SMB,1,209.12,0.15,177.75,96.87
407,2023-03-12,APAC,Singapore,Tablet Stand,Electronics,Enterprise,6,23.87,0,143.22,91.7
408,2023-03-12,North America,USA,Running Shoes,Apparel,Enterprise,8,83.77,0.2,536.13,332.75
409,2023-03-12,Europe,Germany,Ergonomic Chair,Office,Enterprise,3,257.44,0.05,733.7,456.44
410,2023-03-12,APAC,Singapore,Ergonomic Chair,Office,Consumer,2,246.24,0,492.48,310.8
411,2023-03-13,APAC,Singapore,Bluetooth Speaker,Electronics,Consumer,1,59.82,0.15,50.85,27.86
412,2023-03-13,Europe,Germany,Smart Watch,Electronics,SMB,4,197.52,0,790.08,414.01
413,2023-03-13,Europe,UK,Wireless Headphones,Electronics,Consumer,3,91.66,0,274.98,125.94
414,2023-03-13,Europe,UK,Smart Watch,Electronics,Consumer,2,198.31,0.2,317.3,194.71
415,2023-03-13,North America,USA,Bluetooth Speaker,Electronics,Consumer,2,63.64,0.2,101.82,57.11
416,2023-03-13,Europe,France,Bluetooth Speaker,Electronics,Enterprise,4,61.76,0.2,197.63,94.29
417,2023-03-13,LATAM,Brazil,Denim Jacket,Apparel,SMB,2,67.02,0.1,120.64,61.37
418,2023-03-13,APAC,India,Smart Watch,Electronics,Enterprise,5,211.2,0,1056.0,684.34
419,2023-03-14,Europe,Spain,Wool Sweater,Apparel,Consumer,2,91.91,0,183.82,116.47
420,2023-03-14,Europe,UK,LED Desk Lamp,Home,Enterprise,6,41.65,0.1,224.91,132.65
421,2023-03-14,Europe,Spain,Bluetooth Speaker,Electronics,Enterprise,7,62.51,0.1,393.81,179.7
422,2023-03-14,Europe,France,Tablet Stand,Electronics,Enterprise,6,25.99,0.15,132.55,81.84
423,2023-03-14,LATAM,Brazil,Air Purifier,Home,Enterprise,1,137.36,0.15,116.76,54.43
424,2023-03-14,Europe,Germany,LED Desk Lamp,Home,Consumer,3,41.98,0.2,100.75,54.47
425,2023-03-14,North America,USA,Tablet Stand,Electronics,Enterprise,4,24.74,0,98.96,59.03
426,2023-03-14,APAC,India,Tablet Stand,Electronics,Consumer,1,23.44,0.1,21.1,9.58
427,2023-03-15,APAC,Singapore,Smart Watch,Electronics,SMB,1,202.77,0.1,182.49,113.27
428,2023-03-15,Europe,Spain,LED Desk Lamp,Home,SMB,2,36.34,0,72.68,43.42
429,2023-03-15,Europe,Spain,Running Shoes,Apparel,Enterprise,4,85.01,0,340.04,172.03
430,2023-03-15,North America,Canada,Tablet Stand,Electronics,Enterprise,5,23.58,0,117.9,54.92
431,2023-03-16,North America,Canada,Wireless Headphones,Electronics,Consumer,2,87.55,0,175.1,100.81
432,2023-03-16,Europe,Germany,Monitor Arm,Office,Enterprise,3,60.3,0.1,162.81,79.77
433,2023-03-16,North America,USA,Running Shoes,Apparel,Consumer,1,78.08,0.05,74.18,46.09
434,2023-03-16,LATAM,Brazil,LED Desk Lamp,Home,Consumer,3,40.73,0,122.19,72.54
435,2023-03-17,North America,USA,Ceramic Cookware Set,Home,Enterprise,6,156.84,0.1,846.94,489.5
436,2023-03-17,Europe,UK,Air Purifier,Home,Enterprise,5,125.53,0,627.65,386.4
437,2023-03-17,Europe,UK,Wireless Headphones,Electronics,Consumer,1,95.3,0,95.3,42.92
438,2023-03-17,North America,Canada,LED Desk Lamp,Home,Consumer,2,40.86,0,81.72,50.35
439,2023-03-17,Europe,Spain,Notebook Set,Office,Enterprise,6,14.92,0,89.52,55.34
440,2023-03-17,Europe,Germany,Wool Sweater,Apparel,Consumer,1,86.08,0,86.08,51.05
441,2023-03-18,LATAM,Brazil,Smart Watch,Electronics,SMB,1,185.3,0,185.3,92.78
442,2023-03-18,LATAM,Brazil,Denim Jacket,Apparel,SMB,1,74.16,0.1,66.74,37.05
443,2023-03-18,Europe,France,Smart Watch,Electronics,Consumer,4,202.86,0,811.44,459.71
444,2023-03-19,APAC,Japan,Wireless Headphones,Electronics,Consumer,3,95.07,0.2,228.17,113.46
445,2023-03-19,North America,USA,Bluetooth Speaker,Electronics,Enterprise,5,56.43,0,282.15,166.27
446,2023-03-19,North America,Canada,Wireless Headphones,Electronics,Enterprise,4,89.24,0,356.96,217.5
447,2023-03-19,Europe,Spain,Running Shoes,Apparel,Consumer,2,77.0,0.15,130.9,75.41
448,2023-03-19,North America,USA,Monitor Arm,Office,Enterprise,5,56.12,0,280.6,167.94
449,2023-03-19,LATAM,Brazil,Notebook Set,Office,SMB,1,13.84,0,13.84,7.07
450,2023-03-19,North America,Canada,Monitor Arm,Office,Enterprise,6,61.43,0.2,294.86,147.99
451,2023-03-19,North America,Canada,Wool Sweater,Apparel,Enterprise,5,92.39,0.2,369.56,212.87
452,2023-03-20,APAC,Japan,Vacuum Cleaner,Home,SMB,2,218.59,0,437.18,238.05
453,2023-03-20,APAC,Singapore,Smart Watch,Electronics,Enterprise,1,201.81,0.05,191.72,93.72
454,2023-03-20,LATAM,Brazil,Notebook Set,Office,Enterprise,1,15.09,0.2,12.07,7.21
455,2023-03-20,Europe,France,Smart Watch,Electronics,Consumer,1,183.8,0,183.8,103.23
456,2023-03-20,APAC,Singapore,Smart Watch,Electronics,Enterprise,2,189.4,0,378.8,222.98
457,2023-03-20,Europe,Spain,Smart Watch,Electronics,SMB,3,203.8,0,611.4,396.99
458,2023-03-20,APAC,Australia,Tablet Stand,Electronics,SMB,1,24.62,0.2,19.7,12.47
459,2023-03-20,Europe,Germany,Tablet Stand,Electronics,Enterprise,6,24.93,0.15,127.14,71.56
460,2023-03-20,North America,USA,Wireless Headphones,Electronics,SMB,4,91.85,0,367.4,238.46
461,2023-03-21,APAC,Japan,Denim Jacket,Apparel,SMB,3,71.13,0.1,192.05,117.5
462,2023-03-21,Europe,Spain,Wireless Headphones,Electronics,SMB,2,94.25,0,188.5,95.14
463,2023-03-21,APAC,Australia,Bluetooth Speaker,Electronics,Consumer,2,58.43,0.2,93.49,51.65
464,2023-03-21,LATAM,Brazil,Wireless Headphones,Electronics,Consumer,1,84.72,0.15,72.01,43.46
465,2023-03-22,Europe,UK,Air Purifier,Home,Enterprise,4,134.01,0,536.04,330.94
466,2023-03-22,North America,USA,Rain Jacket,Apparel,Enterprise,3,91.99,0,275.97,146.43
467,2023-03-22,APAC,Australia,Tablet Stand,Electronics,Consumer,3,25.87,0,77.61,38.85
468,2023-03-22,APAC,Australia,Bluetooth Speaker,Electronics,SMB,3,59.04,0.15,150.55,90.63
469,2023-03-22,North America,Canada,Smart Watch,Electronics,Consumer,3,200.32,0.05,570.91,296.55
470,2023-03-22,Europe,Germany,Smart Watch,Electronics,Consumer,4,195.33,0.1,703.19,414.27
471,2023-03-22,Europe,France,Tablet Stand,Electronics,Enterprise,4,24.13,0.15,82.04,42.26
472,2023-03-22,Europe,Spain,Denim Jacket,Apparel,SMB,3,71.02,0,213.06,133.84
473,2023-03-23,Europe,UK,Wireless Headphones,Electronics,SMB,2,88.69,0.15,150.77,90.78
474,2023-03-23,Europe,Germany,Monitor Arm,Office,SMB,1,56.25,0.2,45.0,28.98
475,2023-03-23,Europe,UK,Running Shoes,Apparel,Consumer,1,85.3,0,85.3,42.64
476,2023-03-23,Europe,Germany,Notebook Set,Office,SMB,3,13.96,0.1,37.69,19.51
477,2023-03-23,North America,USA,Wireless Headphones,Electronics,SMB,3,90.72,0.2,217.73,111.19
478,2023-03-23,North America,Canada,Denim Jacket,Apparel,Consumer,1,72.12,0.15,61.3,28.88
479,2023-03-23,North America,USA,Monitor Arm,Office,Consumer,1,55.56,0,55.56,28.6
480,2023-03-23,North America,USA,LED Desk Lamp,Home,SMB,3,38.82,0.15,98.99,53.53
481,2023-03-24,North America,USA,Running Shoes,Apparel,SMB,4,76.86,0.05,292.07,155.72
482,2023-03-24,North America,USA,Ergonomic Chair,Office,Consumer,2,236.44,0.2,378.3,204.95
483,2023-03-24,North America,Canada,Wireless Headphones,Electronics,Enterprise,4,95.95,0,383.8,182.76
484,2023-03-24,Europe,France,Smart Watch,Electronics,Consumer,1,196.75,0.2,157.4,92.0
485,2023-03-24,Europe,UK,Air Purifier,Home,Enterprise,7,133.02,0,931.14,559.38
486,2023-03-24,North America,USA,Bluetooth Speaker,Electronics,Enterprise,7,59.43,0.2,332.81,211.59
487,2023-03-25,North America,USA,Wool Sweater,Apparel,Consumer,1,83.84,0,83.84,53.11
488,2023-03-25,Europe,Germany,Smart Watch,Electronics,Enterprise,4,204.79,0.05,778.2,467.28
489,2023-03-25,North America,USA,LED Desk Lamp,Home,SMB,4,40.48,0.1,145.73,87.35
490,2023-03-25,Europe,France,Monitor Arm,Office,Consumer,1,55.72,0.1,50.15,31.44
491,2023-03-26,Europe,France,Wool Sweater,Apparel,SMB,3,83.18,0,249.54,134.49
492,2023-03-26,North America,Canada,Ceramic Cookware Set,Home,Consumer,3,146.79,0.2,352.3,188.69
493,2023-03-26,North America,USA,Smart Watch,Electronics,Consumer,4,191.8,0.05,728.84,360.7
494,2023-03-26,APAC,Australia,Vacuum Cleaner,Home,Consumer,40,225.92,0,9036.8,4110.86
495,2023-03-26,Europe,France,LED Desk Lamp,Home,Enterprise,6,36.01,0.2,172.85,82.62
496,2023-03-26,LATAM,Mexico,Vacuum Cleaner,Home,SMB,2,231.2,0,462.4,278.93
497,2023-03-26,LATAM,Mexico,Smart Watch,Electronics,Enterprise,2,187.68,0.15,319.06,145.33
498,2023-03-26,LATAM,Brazil,Notebook Set,Office,Enterprise,1,14.52,0.15,12.34,7.64
499,2023-03-26,Europe,Spain,Ceramic Cookware Set,Home,SMB,1,141.97,0,141.97,76.86
500,2023-03-27,North America,USA,Notebook Set,Office,Consumer,1,14.75,0.2,11.8,7.02
501,2023-03-27,APAC,India,Vacuum Cleaner,Home,Consumer,2,217.25,0.2,347.6,174.85
502,2023-03-27,APAC,Singapore,Ergonomic Chair,Office,Enterprise,5,246.79,0,1233.95,735.67
503,2023-03-27,Europe,Spain,Ceramic Cookware Set,Home,SMB,2,159.56,0.15,271.25,135.55
504,2023-03-27,North America,USA,LED Desk Lamp,Home,Consumer,3,38.8,0.2,93.12,46.95
505,2023-03-27,North America,Canada,Wool Sweater,Apparel,Consumer,5,87.38,0,436.9,219.12
506,2023-03-27,North America,Canada,Monitor Arm,Office,Enterprise,3,56.76,0.05,161.77,80.93
507,2023-03-28,North America,Canada,Standing Desk,Office,Enterprise,7,406.15,0,2843.05,1795.01
508,2023-03-28,Europe,France,Vacuum Cleaner,Home,Consumer,1,233.1,0,233.1,150.48
509,2023-03-28,North America,Canada,Ceramic Cookware Set,Home,Enterprise,5,152.54,0.15,648.29,412.06
510,2023-03-28,APAC,Singapore,Vacuum Cleaner,Home,SMB,2,203.04,0,406.08,213.54
511,2023-03-28,LATAM,Mexico,Air Purifier,Home,Enterprise,2,129.28,0,258.56,135.51
512,2023-03-28,Europe,Spain,Tablet Stand,Electronics,Consumer,1,23.8,0,23.8,12.33
513,2023-03-28,LATAM,Mexico,Tablet Stand,Electronics,Consumer,1,23.2,0.1,20.88,11.06
514,2023-03-29,Europe,France,Rain Jacket,Apparel,SMB,3,91.35,0,274.05,135.47
515,2023-03-29,LATAM,Brazil,Bluetooth Speaker,Electronics,SMB,2,58.77,0.05,111.66,66.37
516,2023-03-29,Europe,Spain,Wool Sweater,Apparel,SMB,3,91.73,0.15,233.91,130.69
517,2023-03-29,North America,Canada,Denim Jacket,Apparel,SMB,5,70.15,0,350.75,207.1
518,2023-03-29,APAC,India,Wool Sweater,Apparel,SMB,2,86.28,0,172.56,84.18
519,2023-03-29,LATAM,Brazil,LED Desk Lamp,Home,SMB,3,35.92,0,107.76,48.56
520,2023-03-29,LATAM,Mexico,Smart Watch,Electronics,Consumer,1,188.54,0,188.54,116.75
521,2023-03-29,North America,Canada,Denim Jacket,Apparel,SMB,5,65.39,0,326.95,169.12
522,2023-03-29,Europe,France,Bluetooth Speaker,Electronics,Consumer,1,62.22,0.1,56.0,27.77
523,2023-03-29,LATAM,Brazil,Rain Jacket,Apparel,Consumer,1,94.56,0.1,85.1,54.02
524,2023-03-30,Europe,Spain,Vacuum Cleaner,Home,SMB,1,218.56,0,218.56,133.23
525,2023-03-30,Europe,France,Vacuum Cleaner,Home,Enterprise,4,227.06,0.15,772.0,482.13
526,2023-03-30,Europe,Germany,Running Shoes,Apparel,Enterprise,4,81.83,0,327.32,167.44
527,2023-03-30,LATAM,Brazil,LED Desk Lamp,Home,Enterprise,3,38.14,0,114.42,64.38
528,2023-03-30,Europe,France,Ceramic Cookware Set,Home,Enterprise,5,155.73,0.15,661.85,336.86
529,2023-03-30,LATAM,Mexico,Vacuum Cleaner,Home,Enterprise,3,208.5,0.1,562.95,264.61
530,2023-03-30,North America,USA,Smart Watch,Electronics,Consumer,2,202.22,0.2,323.55,151.67
531,2023-03-30,Europe,Spain,Notebook Set,Office,SMB,2,13.9,0,27.8,17.66
532,2023-03-30,LATAM,Brazil,Ceramic Cookware Set,Home,Enterprise,4,146.63,0,586.52,313.14
533,2023-03-31,Europe,France,Bluetooth Speaker,Electronics,SMB,3,60.81,0.1,164.19,92.68
534,2023-03-31,LATAM,Mexico,Ergonomic Chair,Office,Enterprise,4,240.07,0.15,816.24,391.46
535,2023-03-31,Europe,Spain,Air Purifier,Home,Consumer,1,131.17,0.2,104.94,49.99
536,2023-03-31,Europe,Germany,Rain Jacket,Apparel,SMB,2,104.25,0.05,198.07,90.71
537,2023-03-31,North America,Canada,Ceramic Cookware Set,Home,Enterprise,4,159.64,0.1,574.7,326.43
538,2023-03-31,North America,USA,LED Desk Lamp,Home,Consumer,3,41.0,0,123.0,58.02
539,2023-03-31,LATAM,Brazil,Running Shoes,Apparel,Enterprise,2,81.84,0.15,139.13,88.54
540,2023-03-31,Europe,UK,Monitor Arm,Office,Enterprise,5,61.26,0,306.3,165.62
541,2023-03-31,Europe,France,Smart Watch,Electronics,SMB,3,192.88,0.05,549.71,283.96
542,2023-03-31,LATAM,Brazil,Ceramic Cookware Set,Home,Consumer,1,146.2,0.15,124.27,59.76
543,2023-04-01,Europe,Spain,Vacuum Cleaner,Home,SMB,4,214.55,0,858.2,539.29
544,2023-04-01,Europe,Spain,Air Purifier,Home,Enterprise,7,137.72,0,964.04,498.13
545,2023-04-01,Europe,UK,Vacuum Cleaner,Home,Consumer,2,208.0,0.05,395.2,200.72
546,2023-04-01,Europe,Spain,Ergonomic Chair,Office,Consumer,3,233.47,0.2,560.33,305.07
547,2023-04-01,North America,Canada,Standing Desk,Office,Enterprise,6,386.58,0,2319.48,1260.75
548,2023-04-01,LATAM,Brazil,Monitor Arm,Office,SMB,3,59.89,0.2,143.74,67.96
549,2023-04-01,LATAM,Mexico,Denim Jacket,Apparel,Consumer,1,66.23,0.2,52.98,27.31
550,2023-04-01,APAC,Australia,Denim Jacket,Apparel,Enterprise,2,69.81,0,139.62,86.86
551,2023-04-01,Europe,France,Ergonomic Chair,Office,SMB,1,265.85,0,265.85,121.95
552,2023-04-01,North America,Canada,Air Purifier,Home,SMB,5,128.73,0.1,579.28,304.05
553,2023-04-01,North America,USA,Bluetooth Speaker,Electronics,SMB,4,55.56,0,222.24,139.18
554,2023-04-01,North America,USA,LED Desk Lamp,Home,Enterprise,4,37.41,0.15,127.19,72.51
555,2023-04-01,North America,Canada,Air Purifier,Home,SMB,5,134.63,0,673.15,348.44
556,2023-04-01,Europe,UK,Tablet Stand,Electronics,Consumer,1,26.89,0,26.89,13.97
557,2023-04-02,LATAM,Brazil,Bluetooth Speaker,Electronics,Enterprise,2,55.21,0,110.42,58.81
558,2023-04-02,Europe,UK,Wool Sweater,Apparel,Consumer,27,86.27,0,2329.29,1318.52
559,2023-04-02,Europe,France,Bluetooth Speaker,Electronics,Enterprise,3,61.1,0.15,155.81,82.77
560,2023-04-02,Europe,Spain,Bluetooth Speaker,Electronics,SMB,2,55.72,0.15,94.72,58.12
561,2023-04-02,APAC,Australia,Tablet Stand,Electronics,Consumer,1,23.36,0,23.36,13.86
562,2023-04-02,North America,USA,Wool Sweater,Apparel,Consumer,5,94.36,0,471.8,263.77
563,2023-04-02,North America,USA,Denim Jacket,Apparel,Enterprise,7,67.38,0.1,424.49,214.23
564,2023-04-02,North America,USA,Monitor Arm,Office,SMB,4,54.79,0,219.16,137.02
565,2023-04-02,North America,USA,Smart Watch,Electronics,Consumer,4,202.63,0.05,769.99,422.8
566,2023-04-02,LATAM,Brazil,Ceramic Cookware Set,Home,Enterprise,2,147.05,0,294.1,142.63
567,2023-04-02,Europe,France,Tablet Stand,Electronics,SMB,2,26.85,0.05,51.02,31.39
568,2023-04-03,North America,USA,Ceramic Cookware Set,Home,Consumer,5,144.07,0,720.35,386.21
569,2023-04-03,APAC,Japan,Bluetooth Speaker,Electronics,Enterprise,4,60.99,0,243.96,129.12
570,2023-04-03,LATAM,Brazil,Denim Jacket,Apparel,SMB,1,64.21,0.1,57.79,36.51
571,2023-04-03,Europe,France,LED Desk Lamp,Home,Enterprise,2,38.05,0,76.1,35.91
572,2023-04-03,North America,USA,Wool Sweater,Apparel,Consumer,1,81.99,0,81.99,48.81
573,2023-04-03,APAC,India,Denim Jacket,Apparel,Consumer,3,73.18,0,219.54,126.98
574,2023-04-03,LATAM,Mexico,Wool Sweater,Apparel,SMB,2,94.95,0.2,151.92,69.32
575,2023-04-03,North America,USA,Ergonomic Chair,Office,Consumer,1,244.08,0.05,231.88,109.29
576,2023-04-04,Europe,Spain,Monitor Arm,Office,Consumer,3,56.69,0.1,153.06,81.98
577,2023-04-04,North America,Canada,Air Purifier,Home,Consumer,1,119.66,0,119.66,69.55
578,2023-04-04,North America,USA,Wireless Headphones,Electronics,Enterprise,3,85.55,0.15,218.15,135.29
579,2023-04-05,North America,USA,Monitor Arm,Office,Enterprise,6,57.52,0.15,293.35,174.37
580,2023-04-05,Europe,UK,Standing Desk,Office,Consumer,3,372.75,0,1118.25,711.7
581,2023-04-06,LATAM,Mexico,Rain Jacket,Apparel,Consumer,2,93.57,0,187.14,96.61
582,2023-04-06,North America,USA,Vacuum Cleaner,Home,Enterprise,7,215.0,0.2,1204.0,656.96
583,2023-04-06,North America,Canada,Vacuum Cleaner,Home,Consumer,3,201.85,0.05,575.27,336.77
584,2023-04-06,LATAM,Brazil,Bluetooth Speaker,Electronics,Enterprise,1,61.27,0.05,58.21,32.43
585,2023-04-06,North America,Canada,Ceramic Cookware Set,Home,Consumer,4,148.67,0,594.68,351.07
586,2023-04-06,Europe,France,Standing Desk,Office,Consumer,3,375.09,0.2,900.22,529.49
587,2023-04-06,North America,USA,Vacuum Cleaner,Home,Consumer,4,230.09,0.05,874.34,419.25
588,2023-04-07,North America,Canada,Ceramic Cookware Set,Home,Consumer,4,137.93,0,551.72,358.51
589,2023-04-07,LATAM,Brazil,Tablet Stand,Electronics,Consumer,2,26.23,0,52.46,29.52
590,2023-04-08,North America,Canada,Ergonomic Chair,Office,Enterprise,2,238.46,0.2,381.54,192.07
591,2023-04-08,LATAM,Brazil,Tablet Stand,Electronics,SMB,2,25.47,0,50.94,29.59
592,2023-04-08,LATAM,Brazil,Tablet Stand,Electronics,SMB,2,24.5,0,49.0,31.42
593,2023-04-08,APAC,India,Tablet Stand,Electronics,Consumer,2,24.0,0.15,40.8,19.31
594,2023-04-08,North America,USA,Bluetooth Speaker,Electronics,Enterprise,4,55.69,0.2,178.21,110.9
595,2023-04-08,APAC,Singapore,Wool Sweater,Apparel,Consumer,1,83.66,0,83.66,49.3
596,2023-04-08,APAC,Australia,Wireless Headphones,Electronics,SMB,1,82.0,0.05,77.9,49.9
597,2023-04-09,LATAM,Brazil,Denim Jacket,Apparel,Consumer,1,72.02,0.2,57.62,33.83
598,2023-04-09,North America,USA,Ceramic Cookware Set,Home,Consumer,3,147.2,0.05,419.52,233.6
599,2023-04-09,APAC,Singapore,Monitor Arm,Office,Enterprise,4,58.35,0,233.4,148.52
600,2023-04-09,APAC,Australia,Wool Sweater,Apparel,Enterprise,6,88.56,0.1,478.22,307.88
601,2023-04-09,North America,Canada,Denim Jacket,Apparel,SMB,4,64.62,0,258.48,135.12
602,2023-04-09,Europe,France,LED Desk Lamp,Home,Consumer,1,38.51,0.1,34.66,20.65
603,2023-04-09,North America,Canada,Rain Jacket,Apparel,Consumer,2,91.95,0,183.9,90.87
604,2023-04-09,APAC,Singapore,Air Purifier,Home,Enterprise,4,129.7,0.2,415.04,266.47
605,2023-04-09,North America,Canada,Tablet Stand,Electronics,SMB,7,26.7,0.15,158.87,88.92
606,2023-04-10,LATAM,Mexico,LED Desk Lamp,Home,Enterprise,4,39.92,0.1,143.71,67.11
607,2023-04-10,APAC,Singapore,Notebook Set,Office,Consumer,1,15.45,0,15.45,9.39
608,2023-04-10,Europe,UK,Bluetooth Speaker,Electronics,Consumer,4,55.69,0.2,178.21,103.12
609,2023-04-10,APAC,India,Wool Sweater,Apparel,Consumer,2,89.92,0.15,152.86,77.05
610,2023-04-10,North America,Canada,Air Purifier,Home,Consumer,4,127.16,0.1,457.78,237.94
611,2023-04-10,Europe,Spain,LED Desk Lamp,Home,SMB,6,36.81,0.15,187.73,90.67
612,2023-04-10,North America,USA,Denim Jacket,Apparel,SMB,5,70.14,0.15,298.09,139.04
613,2023-04-10,Europe,Spain,Denim Jacket,Apparel,SMB,5,72.84,0,364.2,165.79
614,2023-04-10,Europe,Spain,Notebook Set,Office,Enterprise,3,15.73,0,47.19,27.11
615,2023-04-11,LATAM,Mexico,Wireless Headphones,Electronics,SMB,1,94.94,0.2,75.95,35.74
616,2023-04-11,North America,USA,Running Shoes,Apparel,SMB,6,78.65,0.2,377.52,225.82
617,2023-04-11,Europe,Spain,Bluetooth Speaker,Electronics,SMB,4,63.41,0,253.64,158.96
618,2023-04-11,North America,Canada,Notebook Set,Office,Consumer,1,13.9,0.15,11.81,7.14
619,2023-04-11,Europe,France,Tablet Stand,Electronics,Consumer,2,23.17,0,46.34,29.32
620,2023-04-12,APAC,India,Rain Jacket,Apparel,Consumer,2,92.01,0.1,165.62,82.98
621,2023-04-12,LATAM,Brazil,Smart Watch,Electronics,SMB,3,198.84,0.15,507.04,256.49
622,2023-04-12,North America,USA,Smart Watch,Electronics,Enterprise,4,203.7,0.1,733.32,467.97
623,2023-04-13,North America,USA,Denim Jacket,Apparel,SMB,5,73.8,0.2,295.2,143.1
624,2023-04-13,LATAM,Mexico,Denim Jacket,Apparel,Enterprise,2,64.84,0.1,116.71,59.04
625,2023-04-13,North America,Canada,Wool Sweater,Apparel,Consumer,3,84.48,0,253.44,143.56
626,2023-04-13,North America,USA,Vacuum Cleaner,Home,SMB,3,220.55,0.1,595.49,279.57
627,2023-04-13,APAC,India,Wireless Headphones,Electronics,Consumer,2,84.96,0,169.92,110.24
628,2023-04-13,APAC,India,Running Shoes,Apparel,Consumer,2,77.12,0.2,123.39,57.93
629,2023-04-13,LATAM,Mexico,Air Purifier,Home,Enterprise,1,130.83,0.1,117.75,61.42
630,2023-04-13,APAC,Japan,Ceramic Cookware Set,Home,SMB,3,157.23,0.15,400.94,209.96
631,2023-04-13,APAC,India,Ergonomic Chair,Office,SMB,7,244.73,0.1,1541.8,954.7
632,2023-04-14,Europe,UK,Bluetooth Speaker,Electronics,Enterprise,4,60.4,0.1,217.44,125.46
633,2023-04-14,North America,Canada,Ceramic Cookware Set,Home,Enterprise,5,153.03,0.15,650.38,364.44
634,2023-04-14,APAC,India,Smart Watch,Electronics,SMB,1,193.72,0.1,174.35,94.51
635,2023-04-14,APAC,Australia,Running Shoes,Apparel,Enterprise,6,78.67,0.05,448.42,207.07
636,2023-04-14,North America,Canada,Bluetooth Speaker,Electronics,Consumer,1,56.24,0,56.24,28.11
637,2023-04-14,APAC,Australia,Smart Watch,Electronics,Enterprise,3,187.73,0.15,478.71,235.1
638,2023-04-14,Europe,Spain,Smart Watch,Electronics,Consumer,3,203.63,0,610.89,322.3
639,2023-04-14,Europe,Germany,Vacuum Cleaner,Home,Enterprise,2,203.18,0,406.36,200.8
640,2023-04-15,North America,Canada,Vacuum Cleaner,Home,Enterprise,7,222.4,0.2,1245.44,641.26
641,2023-04-15,North America,USA,Ceramic Cookware Set,Home,Enterprise,8,159.97,0,1279.76,782.81
642,2023-04-15,APAC,India,Smart Watch,Electronics,Enterprise,2,202.65,0,405.3,209.51
643,2023-04-15,North America,USA,Ergonomic Chair,Office,Consumer,1,258.14,0,258.14,119.65
644,2023-04-15,North America,Canada,Tablet Stand,Electronics,Enterprise,8,24.45,0.15,166.26,91.48
645,2023-04-15,North America,Canada,Tablet Stand,Electronics,Consumer,1,24.6,0,24.6,12.67
646,2023-04-16,APAC,India,Vacuum Cleaner,Home,Enterprise,2,226.95,0,453.9,260.07
647,2023-04-16,North America,USA,Bluetooth Speaker,Electronics,Consumer,2,61.12,0,122.24,59.17
648,2023-04-16,APAC,India,LED Desk Lamp,Home,Consumer,1,41.44,0,41.44,20.18
649,2023-04-16,LATAM,Mexico,Tablet Stand,Electronics,Consumer,2,23.09,0,46.18,23.26
650,2023-04-16,North America,Canada,Running Shoes,Apparel,SMB,3,76.29,0,228.87,113.34
651,2023-04-17,Europe,UK,Ergonomic Chair,Office,Consumer,4,260.07,0,1040.28,534.76
652,2023-04-17,North America,USA,Wool Sweater,Apparel,SMB,5,86.72,0,433.6,264.11
653,2023-04-17,APAC,Australia,Bluetooth Speaker,Electronics,Enterprise,2,59.23,0,118.46,73.68
654,2023-04-17,LATAM,Brazil,Vacuum Cleaner,Home,SMB,2,224.08,0,448.16,248.97
655,2023-04-17,North America,Canada,Wool Sweater,Apparel,SMB,3,86.4,0.05,246.24,157.97
656,2023-04-17,LATAM,Brazil,Bluetooth Speaker,Electronics,SMB,1,57.05,0.15,48.49,27.42
657,2023-04-17,North America,USA,Smart Watch,Electronics,Consumer,1,199.76,0,199.76,125.31
658,2023-04-17,LATAM,Brazil,Air Purifier,Home,Consumer,1,135.03,0,135.03,84.99
659,2023-04-17,Europe,Germany,Wireless Headphones,Electronics,Consumer,1,88.38,0,88.38,54.33
660,2023-04-17,LATAM,Mexico,Smart Watch,Electronics,Consumer,1,214.47,0.2,171.58,85.72
661,2023-04-18,Europe,UK,LED Desk Lamp,Home,Consumer,2,36.27,0,72.54,39.55
662,2023-04-18,Europe,Germany,Wireless Headphones,Electronics,Enterprise,3,91.33,0.2,219.19,105.51
663,2023-04-18,North America,Canada,Ceramic Cookware Set,Home,SMB,4,148.73,0.05,565.17,333.53
664,2023-04-18,Europe,Spain,Vacuum Cleaner,Home,SMB,2,213.44,0,426.88,235.79
665,2023-04-18,North America,USA,LED Desk Lamp,Home,SMB,1,36.18,0.05,34.37,18.33
666,2023-04-18,Europe,Germany,Bluetooth Speaker,Electronics,SMB,3,62.11,0,186.33,103.98
667,2023-04-18,Europe,Spain,Air Purifier,Home,Consumer,1,126.63,0.1,113.97,71.79
668,2023-04-18,Europe,France,Monitor Arm,Office,Consumer,1,57.18,0,57.18,34.76
669,2023-04-19,Europe,France,Smart Watch,Electronics,SMB,3,208.92,0.15,532.75,312.02
670,2023-04-19,North America,Canada,LED Desk Lamp,Home,SMB,6,38.25,0,229.5,128.48
671,2023-04-19,Europe,Germany,Smart Watch,Electronics,Consumer,1,202.77,0.2,162.22,75.42
672,2023-04-19,APAC,Japan,Tablet Stand,Electronics,Consumer,1,23.77,0,23.77,14.7
673,2023-04-19,Europe,Spain,Running Shoes,Apparel,Consumer,2,84.69,0.2,135.5,73.56
674,2023-04-19,APAC,India,Monitor Arm,Office,Consumer,3,59.36,0,178.08,108.48
675,2023-04-19,Europe,Germany,Bluetooth Speaker,Electronics,Enterprise,7,55.74,0,390.18,223.22
676,2023-04-19,Europe,UK,Wool Sweater,Apparel,Consumer,1,85.77,0,85.77,44.02
677,2023-04-20,Europe,UK,Monitor Arm,Office,Enterprise,5,62.12,0.05,295.07,148.98
678,2023-04-20,Europe,Spain,LED Desk Lamp,Home,SMB,1,40.63,0,40.63,19.29
679,2023-04-20,Europe,Spain,Bluetooth Speaker,Electronics,Consumer,4,59.0,0.05,224.2,107.5
680,2023-04-20,North America,USA,Denim Jacket,Apparel,SMB,4,74.06,0,296.24,178.84
681,2023-04-20,LATAM,Mexico,Air Purifier,Home,SMB,3,136.78,0.05,389.82,219.36
682,2023-04-20,North America,Canada,Ergonomic Chair,Office,Enterprise,6,239.44,0.1,1292.98,653.97
683,2023-04-20,APAC,Singapore,LED Desk Lamp,Home,Enterprise,3,36.84,0,110.52,69.88
684,2023-04-20,North America,Canada,Wireless Headphones,Electronics,Enterprise,6,84.25,0.1,454.95,246.18
685,2023-04-20,APAC,Australia,Air Purifier,Home,SMB,1,121.37,0.15,103.16,58.58
686,2023-04-20,Europe,Spain,Smart Watch,Electronics,Enterprise,4,195.38,0,781.52,478.29
687,2023-04-20,North America,Canada,Running Shoes,Apparel,SMB,3,73.1,0,219.3,106.17
688,2023-04-21,Europe,Spain,Monitor Arm,Office,Enterprise,2,56.63,0,113.26,58.24
689,2023-04-21,Europe,Germany,Rain Jacket,Apparel,Enterprise,2,105.28,0.1,189.5,120.3
690,2023-04-21,Europe,France,Wireless Headphones,Electronics,Enterprise,4,87.22,0.2,279.1,141.79
691,2023-04-21,Europe,Germany,Vacuum Cleaner,Home,SMB,2,223.64,0.2,357.82,209.02
692,2023-04-21,LATAM,Mexico,LED Desk Lamp,Home,SMB,1,40.61,0.05,38.58,21.95
693,2023-04-22,Europe,UK,Standing Desk,Office,Consumer,1,379.62,0.15,322.68,202.41
694,2023-04-22,Europe,UK,Smart Watch,Electronics,Consumer,2,186.59,0.05,354.52,176.49
695,2023-04-22,North America,USA,Air Purifier,Home,Enterprise,5,124.62,0,623.1,317.53
696,2023-04-22,Europe,France,Denim Jacket,Apparel,Consumer,1,70.04,0,70.04,38.34
697,2023-04-22,Europe,France,Wireless Headphones,Electronics,SMB,3,86.2,0,258.6,137.89
698,2023-04-22,Europe,France,LED Desk Lamp,Home,Enterprise,3,40.09,0,120.27,62.73
699,2023-04-23,North America,Canada,Vacuum Cleaner,Home,SMB,3,236.38,0.1,638.23,319.3
700,2023-04-23,Europe,UK,Wool Sweater,Apparel,Consumer,1,89.23,0,89.23,53.47
701,2023-04-23,North America,USA,Monitor Arm,Office,Consumer,2,63.59,0.05,120.82,67.58
702,2023-04-23,APAC,Australia,Wool Sweater,Apparel,Consumer,1,89.89,0.15,76.41,44.48
703,2023-04-23,LATAM,Mexico,Tablet Stand,Electronics,SMB,1,24.96,0,24.96,11.32
704,2023-04-24,Europe,Germany,LED Desk Lamp,Home,SMB,2,40.71,0,81.42,52.62
705,2023-04-24,North America,Canada,Wool Sweater,Apparel,Enterprise,3,85.54,0.2,205.3,99.45
706,2023-04-24,Europe,Spain,Rain Jacket,Apparel,Consumer,5,91.96,0,459.8,298.5
707,2023-04-24,North America,Canada,LED Desk Lamp,Home,Enterprise,5,41.43,0.15,176.08,114.18
708,2023-04-25,APAC,Singapore,Wireless Headphones,Electronics,Enterprise,4,91.28,0.1,328.61,151.77
709,2023-04-25,APAC,Singapore,Tablet Stand,Electronics,SMB,1,25.3,0.1,22.77,10.69
710,2023-04-25,Europe,UK,Air Purifier,Home,SMB,3,133.31,0,399.93,187.58
711,2023-04-25,Europe,UK,Air Purifier,Home,SMB,2,137.06,0.15,233.0,132.32
712,2023-04-25,Europe,Spain,Vacuum Cleaner,Home,Consumer,6,211.35,0,1268.1,590.77
713,2023-04-25,North America,USA,Running Shoes,Apparel,SMB,5,76.48,0.15,325.04,155.0
714,2023-04-25,APAC,India,Bluetooth Speaker,Electronics,SMB,2,62.97,0.2,100.75,52.4
715,2023-04-25,LATAM,Brazil,Denim Jacket,Apparel,Enterprise,1,70.19,0.1,63.17,39.42
716,2023-04-25,North America,Canada,Ceramic Cookware Set,Home,Consumer,4,158.32,0,633.28,395.69
717,2023-04-25,Europe,Spain,Standing Desk,Office,Consumer,2,372.91,0,745.82,451.74
718,2023-04-26,APAC,Japan,Wireless Headphones,Electronics,Enterprise,5,91.89,0,459.45,229.24
719,2023-04-26,Europe,Germany,Air Purifier,Home,Consumer,3,136.45,0.1,368.41,196.79
720,2023-04-26,Europe,Spain,Wireless Headphones,Electronics,SMB,4,90.96,0,363.84,190.59
721,2023-04-26,LATAM,Mexico,Air Purifier,Home,Consumer,1,137.22,0,137.22,71.83
722,2023-04-26,APAC,Singapore,Ceramic Cookware Set,Home,Consumer,1,151.98,0,151.98,80.93
723,2023-04-27,Europe,UK,Bluetooth Speaker,Electronics,SMB,1,57.08,0.15,48.52,23.7
724,2023-04-27,Europe,UK,Bluetooth Speaker,Electronics,Consumer,3,57.14,0,171.42,87.1
725,2023-04-27,Europe,France,LED Desk Lamp,Home,Enterprise,5,40.16,0.05,190.76,89.0
726,2023-04-27,North America,Canada,Running Shoes,Apparel,SMB,5,75.24,0,376.2,189.88
727,2023-04-28,North America,Canada,Denim Jacket,Apparel,Consumer,1,69.89,0.15,59.41,29.69
728,2023-04-28,LATAM,Mexico,Wireless Headphones,Electronics,Consumer,1,92.07,0.05,87.47,45.47
729,2023-04-28,Europe,UK,Smart Watch,Electronics,Consumer,4,195.96,0.1,705.46,327.59
730,2023-04-28,Europe,Spain,Ergonomic Chair,Office,Enterprise,1,240.42,0.15,204.36,103.22
731,2023-04-28,North America,USA,Rain Jacket,Apparel,Consumer,1,97.83,0.15,83.16,49.81
732,2023-04-28,APAC,Japan,Monitor Arm,Office,SMB,4,59.89,0,239.56,113.1
733,2023-04-28,Europe,Germany,Ergonomic Chair,Office,Enterprise,2,239.48,0,478.96,301.26
734,2023-04-28,APAC,Japan,Tablet Stand,Electronics,Consumer,1,26.8,0.2,21.44,13.46
735,2023-04-28,Europe,Spain,Ceramic Cookware Set,Home,SMB,3,145.86,0.15,371.94,191.48
736,2023-04-29,North America,USA,Wool Sweater,Apparel,Consumer,2,84.63,0,169.26,79.89
737,2023-04-29,APAC,Australia,Wireless Headphones,Electronics,SMB,3,85.55,0.15,218.15,109.65
738,2023-04-29,Europe,Germany,LED Desk Lamp,Home,Enterprise,4,36.48,0.2,116.74,61.99
739,2023-04-29,North America,Canada,Ergonomic Chair,Office,Enterprise,4,268.76,0.05,1021.29,608.46
740,2023-04-29,North America,Canada,Denim Jacket,Apparel,Consumer,1,69.62,0,69.62,31.84
741,2023-04-29,LATAM,Mexico,Denim Jacket,Apparel,SMB,1,67.88,0,67.88,41.14
742,2023-04-29,Europe,Spain,Wool Sweater,Apparel,SMB,5,91.61,0.15,389.34,247.62
743,2023-04-30,Europe,France,Air Purifier,Home,SMB,2,129.55,0.2,207.28,132.06
744,2023-04-30,Europe,Spain,Smart Watch,Electronics,SMB,4,204.31,0.1,735.52,399.9
745,2023-04-30,North America,Canada,Smart Watch,Electronics,SMB,4,197.67,0,790.68,456.36
746,2023-04-30,Europe,UK,LED Desk Lamp,Home,Consumer,1,38.49,0.05,36.57,18.62
747,2023-04-30,North America,USA,LED Desk Lamp,Home,Consumer,4,41.27,0.15,140.32,74.21
748,2023-04-30,North America,Canada,Running Shoes,Apparel,Consumer,5,84.59,0,422.95,192.29
749,2023-04-30,LATAM,Mexico,Standing Desk,Office,Consumer,2,408.75,0.05,776.62,356.73
750,2023-05-01,North America,USA,Wireless Headphones,Electronics,Enterprise,6,86.87,0,521.22,262.8
751,2023-05-01,LATAM,Mexico,Wireless Headphones,Electronics,Consumer,1,83.9,0.1,75.51,40.35
752,2023-05-01,Europe,UK,Tablet Stand,Electronics,Enterprise,3,25.57,0.2,61.37,38.58
753,2023-05-01,LATAM,Mexico,Tablet Stand,Electronics,Enterprise,2,23.26,0,46.52,22.79
754,2023-05-01,North America,Canada,Wireless Headphones,Electronics,Consumer,1,84.82,0,84.82,54.8
755,2023-05-01,Europe,Spain,Wireless Headphones,Electronics,Consumer,1,87.13,0.1,78.42,41.57
756,2023-05-01,North America,USA,Ceramic Cookware Set,Home,Consumer,3,137.56,0.2,330.14,172.29
757,2023-05-01,North America,Canada,Smart Watch,Electronics,SMB,3,208.04,0,624.12,323.17
758,2023-05-02,APAC,Australia,Wool Sweater,Apparel,Consumer,1,88.19,0.2,70.55,44.36
759,2023-05-02,North America,Canada,Air Purifier,Home,Enterprise,2,124.93,0.15,212.38,102.54
760,2023-05-02,APAC,Singapore,Notebook Set,Office,Enterprise,1,14.15,0.2,11.32,5.13
761,2023-05-02,Europe,France,Smart Watch,Electronics,SMB,1,183.95,0,183.95,99.11
762,2023-05-03,Europe,Germany,Bluetooth Speaker,Electronics,Consumer,1,56.11,0.1,50.5,30.17
763,2023-05-03,North America,USA,Wireless Headphones,Electronics,Consumer,4,95.15,0,380.6,172.36
764,2023-05-03,APAC,Australia,Running Shoes,Apparel,Enterprise,3,75.36,0,226.08,121.07
765,2023-05-04,North America,USA,Vacuum Cleaner,Home,Consumer,1,210.92,0,210.92,114.52
766,2023-05-04,North America,USA,Bluetooth Speaker,Electronics,Enterprise,3,57.15,0.05,162.88,102.87
767,2023-05-04,Europe,France,Tablet Stand,Electronics,SMB,4,24.53,0,98.12,61.01
768,2023-05-04,Europe,UK,Ergonomic Chair,Office,Consumer,2,240.1,0.2,384.16,175.11
769,2023-05-04,Europe,France,Monitor Arm,Office,Consumer,3,56.95,0,170.85,93.79
770,2023-05-04,APAC,Japan,LED Desk Lamp,Home,Enterprise,2,38.99,0.15,66.28,35.66
771,2023-05-04,North America,Canada,Wireless Headphones,Electronics,Enterprise,3,90.4,0.1,244.08,115.12
772,2023-05-05,APAC,India,Notebook Set,Office,SMB,5,15.53,0.1,69.88,37.41
773,2023-05-05,Europe,Spain,Tablet Stand,Electronics,SMB,2,23.07,0.1,41.53,23.46
774,2023-05-05,Europe,Germany,Tablet Stand,Electronics,SMB,2,23.56,0.2,37.7,21.09
775,2023-05-05,North America,Canada,Rain Jacket,Apparel,SMB,4,101.64,0,406.56,214.58
776,2023-05-05,Europe,Germany,Vacuum Cleaner,Home,Enterprise,7,219.53,0,1536.71,739.94
777,2023-05-05,North America,USA,Notebook Set,Office,Enterprise,6,14.41,0,86.46,52.51
778,2023-05-05,North America,Canada,Bluetooth Speaker,Electronics,SMB,4,59.19,0.05,224.92,110.87
779,2023-05-06,APAC,India,Bluetooth Speaker,Electronics,Consumer,1,59.96,0.1,53.96,26.63
780,2023-05-06,North America,Canada,Wireless Headphones,Electronics,Enterprise,5,94.8,0,474.0,289.82
781,2023-05-06,Europe,UK,Air Purifier,Home,Consumer,4,128.73,0.15,437.68,278.53
782,2023-05-06,North America,USA,Wireless Headphones,Electronics,Enterprise,4,90.02,0,360.08,199.0
783,2023-05-06,North America,USA,Bluetooth Speaker,Electronics,Enterprise,5,59.54,0.05,282.81,135.3
784,2023-05-06,Europe,UK,Air Purifier,Home,Consumer,3,128.13,0.15,326.73,171.04
785,2023-05-06,North America,Canada,Denim Jacket,Apparel,SMB,4,64.93,0,259.72,137.23
786,2023-05-06,North America,USA,Smart Watch,Electronics,SMB,5,209.51,0.15,890.42,564.6
787,2023-05-06,Europe,France,Smart Watch,Electronics,SMB,4,191.82,0.15,652.19,383.27
788,2023-05-07,Europe,France,Wireless Headphones,Electronics,SMB,1,95.65,0.15,81.3,51.48
789,2023-05-07,North America,Canada,Tablet Stand,Electronics,Consumer,1,24.28,0,24.28,13.3
790,2023-05-07,Europe,Germany,Denim Jacket,Apparel,SMB,2,68.99,0.15,117.28,58.45
791,2023-05-07,LATAM,Brazil,Smart Watch,Electronics,Enterprise,1,208.36,0,208.36,116.02
792,2023-05-08,APAC,Australia,Running Shoes,Apparel,Enterprise,2,77.43,0.15,131.63,60.23
793,2023-05-08,APAC,India,Rain Jacket,Apparel,SMB,1,106.38,0.05,101.06,58.37
794,2023-05-08,APAC,Japan,Smart Watch,Electronics,Enterprise,4,196.52,0.2,628.86,347.02
795,2023-05-08,North America,Canada,Tablet Stand,Electronics,Consumer,3,24.9,0.05,70.96,45.16
796,2023-05-08,APAC,Singapore,Bluetooth Speaker,Electronics,SMB,2,55.5,0,111.0,57.69
797,2023-05-09,North America,USA,Rain Jacket,Apparel,Enterprise,6,94.74,0,568.44,339.89
798,2023-05-09,North America,USA,Smart Watch,Electronics,Consumer,4,206.53,0,826.12,429.77
799,2023-05-09,APAC,Japan,Wool Sweater,Apparel,SMB,2,83.42,0.2,133.47,66.64
800,2023-05-10,LATAM,Mexico,Denim Jacket,Apparel,SMB,1,63.62,0,63.62,34.6
801,2023-05-10,APAC,India,Air Purifier,Home,SMB,1,126.36,0.2,101.09,47.04
802,2023-05-10,North America,Canada,Smart Watch,Electronics,Consumer,2,212.19,0,424.38,198.36
803,2023-05-10,Europe,Germany,Monitor Arm,Office,SMB,1,56.72,0.1,51.05,30.62
804,2023-05-10,APAC,Australia,Wireless Headphones,Electronics,SMB,2,90.83,0.15,154.41,79.41
805,2023-05-10,North America,Canada,Vacuum Cleaner,Home,Consumer,1,203.05,0,203.05,109.07
806,2023-05-10,North America,USA,Running Shoes,Apparel,Enterprise,7,79.39,0,555.73,357.28
807,2023-05-10,North America,Canada,Vacuum Cleaner,Home,SMB,4,234.38,0.05,890.64,536.5
808,2023-05-11,North America,Canada,Rain Jacket,Apparel,Enterprise,6,92.25,0,553.5,313.44
809,2023-05-11,Europe,UK,Ceramic Cookware Set,Home,Consumer,4,142.02,0,568.08,312.24
810,2023-05-11,Europe,Spain,Tablet Stand,Electronics,Enterprise,3,26.18,0,78.54,46.08
811,2023-05-11,APAC,India,Denim Jacket,Apparel,Consumer,1,74.29,0,74.29,44.09
812,2023-05-11,Europe,Germany,Ceramic Cookware Set,Home,Enterprise,5,137.75,0.2,551.0,303.16
813,2023-05-12,LATAM,Mexico,Air Purifier,Home,Consumer,1,131.15,0.15,111.48,57.93
814,2023-05-12,Europe,Spain,Bluetooth Speaker,Electronics,Enterprise,4,59.21,0.05,225.0,132.64
815,2023-05-12,Europe,Germany,Bluetooth Speaker,Electronics,Consumer,1,57.24,0,57.24,33.71
816,2023-05-12,Europe,Spain,Rain Jacket,Apparel,Enterprise,6,99.71,0.1,538.43,273.21
817,2023-05-12,APAC,India,Wireless Headphones,Electronics,Enterprise,3,92.43,0.2,221.83,127.42
818,2023-05-12,North America,Canada,Running Shoes,Apparel,Enterprise,7,76.37,0.1,481.13,248.27
819,2023-05-12,Europe,France,Ceramic Cookware Set,Home,Enterprise,5,139.98,0,699.9,358.5
820,2023-05-12,APAC,Singapore,Denim Jacket,Apparel,Consumer,1,67.23,0,67.23,30.99
821,2023-05-13,LATAM,Brazil,Denim Jacket,Apparel,SMB,3,65.97,0.1,178.12,112.03
822,2023-05-13,North America,USA,Air Purifier,Home,Enterprise,4,128.79,0.1,463.64,273.67
823,2023-05-13,Europe,France,Monitor Arm,Office,Enterprise,4,63.33,0.1,227.99,112.56
824,2023-05-13,North America,USA,Bluetooth Speaker,Electronics,SMB,3,57.82,0,173.46,103.45
825,2023-05-13,North America,USA,Running Shoes,Apparel,SMB,4,78.34,0,313.36,173.46
826,2023-05-13,APAC,Singapore,Ceramic Cookware Set,Home,Consumer,3,138.67,0,416.01,193.21
827,2023-05-13,LATAM,Brazil,Vacuum Cleaner,Home,SMB,1,236.1,0.15,200.69,119.62
828,2023-05-13,Europe,Germany,Ergonomic Chair,Office,Enterprise,7,254.44,0.1,1602.97,872.85
829,2023-05-13,North America,USA,Vacuum Cleaner,Home,SMB,4,211.09,0.1,759.92,440.37
830,2023-05-13,APAC,India,Wool Sweater,Apparel,Enterprise,4,85.69,0.2,274.21,167.85
831,2023-05-13,North America,Canada,Denim Jacket,Apparel,SMB,2,63.82,0,127.64,69.14
832,2023-05-13,LATAM,Brazil,Wireless Headphones,Electronics,SMB,1,94.58,0,94.58,44.23
833,2023-05-14,North America,Canada,Notebook Set,Office,Consumer,2,15.56,0,31.12,16.82
834,2023-05-14,North America,USA,Ergonomic Chair,Office,Enterprise,7,244.48,0.15,1454.66,908.32
835,2023-05-14,Europe,UK,Tablet Stand,Electronics,Consumer,4,25.29,0,101.16,65.07
836,2023-05-14,North America,USA,Air Purifier,Home,Enterprise,4,134.93,0.15,458.76,258.88
837,2023-05-14,APAC,Japan,Denim Jacket,Apparel,SMB,5,70.69,0.05,335.78,196.55
838,2023-05-15,North America,USA,Wireless Headphones,Electronics,SMB,3,91.0,0.2,218.4,121.64
839,2023-05-15,LATAM,Brazil,Smart Watch,Electronics,Enterprise,1,186.6,0,186.6,90.64
840,2023-05-15,Europe,France,Air Purifier,Home,Consumer,4,135.19,0.15,459.65,211.26
841,2023-05-15,APAC,Singapore,Monitor Arm,Office,SMB,36,62.94,0.2,1812.67,860.48
842,2023-05-15,APAC,India,Smart Watch,Electronics,Enterprise,5,209.63,0.2,838.52,450.53
843,2023-05-15,APAC,Australia,Notebook Set,Office,SMB,2,15.02,0,30.04,14.1
844,2023-05-15,APAC,Australia,Notebook Set,Office,SMB,2,15.24,0,30.48,16.77
845,2023-05-15,Europe,Germany,LED Desk Lamp,Home,Enterprise,5,36.07,0.15,153.3,78.85
846,2023-05-15,Europe,France,Wool Sweater,Apparel,Consumer,3,94.56,0.2,226.94,115.55
847,2023-05-15,North America,Canada,Tablet Stand,Electronics,Consumer,3,24.83,0.15,63.32,40.91
848,2023-05-15,Europe,UK,Wireless Headphones,Electronics,SMB,1,95.07,0.05,90.32,47.4
849,2023-05-16,North America,Canada,Running Shoes,Apparel,Enterprise,5,84.46,0.15,358.95,222.41
850,2023-05-16,Europe,UK,Smart Watch,Electronics,SMB,3,196.26,0.2,471.02,229.69
851,2023-05-16,Europe,UK,LED Desk Lamp,Home,Enterprise,3,41.07,0.2,98.57,49.67
852,2023-05-16,APAC,Singapore,Vacuum Cleaner,Home,SMB,1,215.39,0.15,183.08,88.99
853,2023-05-16,LATAM,Brazil,Ceramic Cookware Set,Home,Consumer,1,150.18,0,150.18,77.69
854,2023-05-16,Europe,Spain,Wireless Headphones,Electronics,SMB,1,88.6,0,88.6,53.68
855,2023-05-17,Europe,France,Denim Jacket,Apparel,Consumer,2,70.07,0,140.14,74.93
856,2023-05-17,Europe,Spain,Ceramic Cookware Set,Home,Enterprise,6,144.49,0,866.94,420.4
857,2023-05-17,North America,USA,Wireless Headphones,Electronics,Enterprise,6,89.71,0,538.26,293.42
858,2023-05-17,North America,USA,Running Shoes,Apparel,Enterprise,6,79.19,0,475.14,244.96
859,2023-05-18,North America,Canada,Rain Jacket,Apparel,Consumer,4,94.1,0,376.4,197.77
860,2023-05-18,Europe,France,Rain Jacket,Apparel,Consumer,1,105.63,0,105.63,52.2
861,2023-05-18,North America,USA,Denim Jacket,Apparel,Enterprise,7,71.02,0.2,397.71,229.86
862,2023-05-19,North America,Canada,LED Desk Lamp,Home,Enterprise,5,37.76,0.15,160.48,86.68
863,2023-05-19,North America,Canada,Vacuum Cleaner,Home,Consumer,4,227.33,0.1,818.39,469.72
864,2023-05-19,LATAM,Mexico,Ceramic Cookware Set,Home,Enterprise,1,151.98,0,151.98,89.64
865,2023-05-19,North America,USA,Wireless Headphones,Electronics,SMB,4,91.2,0,364.8,188.7
866,2023-05-19,North America,USA,Smart Watch,Electronics,SMB,3,198.22,0.2,475.73,231.18
867,2023-05-20,Europe,France,LED Desk Lamp,Home,Consumer,3,40.22,0.05,114.63,73.77
868,2023-05-20,Europe,Germany,Rain Jacket,Apparel,Consumer,2,97.9,0,195.8,111.49
869,2023-05-20,Europe,Spain,Notebook Set,Office,SMB,1,15.77,0.05,14.98,7.81
870,2023-05-20,North America,Canada,Wireless Headphones,Electronics,Enterprise,5,92.81,0.15,394.44,237.7
871,2023-05-20,Europe,UK,Smart Watch,Electronics,SMB,3,206.08,0,618.24,278.99
872,2023-05-20,LATAM,Brazil,Bluetooth Speaker,Electronics,Enterprise,1,56.61,0.15,48.12,28.88
873,2023-05-20,APAC,Japan,Notebook Set,Office,SMB,1,13.85,0,13.85,7.26
874,2023-05-20,North America,Canada,Wireless Headphones,Electronics,Enterprise,4,89.05,0.1,320.58,168.96
875,2023-05-21,APAC,Australia,Smart Watch,Electronics,SMB,4,205.92,0,823.68,482.87
876,2023-05-21,LATAM,Brazil,Tablet Stand,Electronics,Enterprise,1,26.24,0.05,24.93,13.92
877,2023-05-21,Europe,Spain,Notebook Set,Office,Enterprise,3,14.52,0,43.56,27.66
878,2023-05-21,APAC,Australia,Notebook Set,Office,Consumer,3,14.93,0,44.79,26.31
879,2023-05-21,Europe,France,Standing Desk,Office,Enterprise,1,429.19,0.15,364.81,173.31
880,2023-05-21,APAC,Japan,Wireless Headphones,Electronics,Enterprise,2,91.06,0.2,145.7,73.28
881,2023-05-21,LATAM,Mexico,Rain Jacket,Apparel,Consumer,1,94.82,0.05,90.08,55.17
882,2023-05-22,LATAM,Mexico,Running Shoes,Apparel,Consumer,1,82.85,0.15,70.42,45.52
883,2023-05-22,APAC,Japan,Smart Watch,Electronics,Enterprise,3,196.1,0,588.3,276.87
884,2023-05-22,North America,USA,Air Purifier,Home,SMB,4,122.49,0,489.96,256.26
885,2023-05-22,LATAM,Brazil,Vacuum Cleaner,Home,SMB,1,223.84,0,223.84,133.5
886,2023-05-23,North America,Canada,Smart Watch,Electronics,Enterprise,7,202.25,0.2,1132.6,536.47
887,2023-05-23,North America,Canada,Smart Watch,Electronics,Enterprise,7,205.49,0.05,1366.51,815.28
888,2023-05-23,North America,Canada,Running Shoes,Apparel,Consumer,2,82.84,0,165.68,97.76
889,2023-05-23,Europe,France,Vacuum Cleaner,Home,Consumer,3,206.68,0,620.04,392.45
890,2023-05-23,APAC,Japan,Wool Sweater,Apparel,Enterprise,3,88.6,0,265.8,153.61
891,2023-05-24,North America,USA,Wireless Headphones,Electronics,Consumer,3,87.55,0,262.65,149.3
892,2023-05-24,Europe,Germany,Vacuum Cleaner,Home,SMB,3,231.78,0.1,625.81,310.64
893,2023-05-24,Europe,France,LED Desk Lamp,Home,Enterprise,5,39.15,0.15,166.39,97.17
894,2023-05-24,North America,USA,Bluetooth Speaker,Electronics,Consumer,4,60.82,0.05,231.12,112.69
895,2023-05-24,North America,Canada,Vacuum Cleaner,Home,SMB,4,224.39,0.15,762.93,344.13
896,2023-05-25,North America,USA,Air Purifier,Home,SMB,1,125.86,0.15,106.98,52.94
897,2023-05-25,Europe,Spain,Rain Jacket,Apparel,Enterprise,5,105.19,0.05,499.65,271.54
898,2023-05-25,LATAM,Brazil,Wool Sweater,Apparel,Consumer,1,88.92,0.15,75.58,43.16
899,2023-05-25,APAC,Singapore,Standing Desk,Office,SMB,1,404.81,0,404.81,239.0
900,2023-05-25,Europe,France,Bluetooth Speaker,Electronics,Consumer,1,63.7,0.2,50.96,29.25
901,2023-05-25,Europe,Spain,Notebook Set,Office,SMB,2,14.7,0.2,23.52,13.15
902,2023-05-25,Europe,France,Ceramic Cookware Set,Home,Consumer,1,137.34,0.15,116.74,58.75
903,2023-05-26,North America,Canada,Smart Watch,Electronics,Consumer,1,201.14,0,201.14,124.76
904,2023-05-26,North America,USA,Ceramic Cookware Set,Home,Consumer,2,159.16,0,318.32,200.72
905,2023-05-26,North America,Canada,Wireless Headphones,Electronics,Enterprise,9,85.93,0,773.37,484.96
906,2023-05-26,North America,Canada,Rain Jacket,Apparel,Consumer,5,95.36,0.1,429.12,226.08
907,2023-05-26,North America,Canada,Running Shoes,Apparel,Consumer,3,77.81,0.1,210.09,110.13
908,2023-05-26,Europe,Germany,Smart Watch,Electronics,SMB,2,188.96,0.05,359.02,220.23
909,2023-05-26,North America,Canada,Notebook Set,Office,Consumer,3,16.11,0,48.33,31.35
910,2023-05-26,APAC,India,Monitor Arm,Office,SMB,1,58.42,0.2,46.74,30.35
911,2023-05-26,North America,Canada,Tablet Stand,Electronics,Enterprise,3,24.37,0.15,62.14,28.98
912,2023-05-26,Europe,Germany,Wireless Headphones,Electronics,Enterprise,4,93.63,0.1,337.07,152.92
913,2023-05-26,North America,USA,Denim Jacket,Apparel,SMB,2,68.16,0.15,115.87,66.3
914,2023-05-26,North America,Canada,LED Desk Lamp,Home,Consumer,4,40.72,0.2,130.3,73.28
915,2023-05-26,Europe,Germany,Bluetooth Speaker,Electronics,Consumer,3,59.3,0.2,142.32,67.65
916,2023-05-27,APAC,Singapore,Standing Desk,Office,Consumer,1,401.77,0,401.77,237.62
917,2023-05-27,LATAM,Mexico,LED Desk Lamp,Home,SMB,2,37.08,0,74.16,36.55
918,2023-05-27,APAC,Japan,Vacuum Cleaner,Home,Enterprise,3,236.08,0,708.24,359.64
919,2023-05-27,APAC,Japan,Vacuum Cleaner,Home,Consumer,1,221.54,0.15,188.31,115.27
920,2023-05-27,LATAM,Brazil,Smart Watch,Electronics,SMB,3,214.32,0,642.96,393.56
921,2023-05-27,Europe,Germany,Denim Jacket,Apparel,Consumer,4,64.41,0,257.64,120.15
922,2023-05-27,North America,Canada,Bluetooth Speaker,Electronics,Enterprise,5,54.49,0,272.45,166.76
923,2023-05-28,Europe,Germany,Smart Watch,Electronics,Consumer,2,187.82,0.1,338.08,161.59
924,2023-05-28,Europe,France,Standing Desk,Office,Consumer,1,389.61,0.05,370.13,197.73
925,2023-05-28,North America,Canada,Tablet Stand,Electronics,Enterprise,5,24.56,0,122.8,76.52
926,2023-05-28,North America,Canada,Denim Jacket,Apparel,Consumer,1,73.57,0.15,62.53,37.27
927,2023-05-28,APAC,Australia,Bluetooth Speaker,Electronics,SMB,2,56.75,0,113.5,73.69
928,2023-05-28,APAC,Japan,Wireless Headphones,Electronics,Enterprise,3,85.6,0.05,243.96,134.33
929,2023-05-28,North America,USA,Monitor Arm,Office,Consumer,3,56.74,0,170.22,103.71
930,2023-05-28,Europe,France,Vacuum Cleaner,Home,SMB,3,232.27,0.05,661.97,374.03
931,2023-05-29,North America,Canada,Denim Jacket,Apparel,Consumer,2,64.16,0.2,102.66,52.26
932,2023-05-29,North America,USA,Running Shoes,Apparel,Consumer,3,85.02,0.1,229.55,105.73
933,2023-05-29,Europe,France,Smart Watch,Electronics,SMB,5,192.29,0,961.45,516.66
934,2023-05-29,North America,Canada,Smart Watch,Electronics,SMB,5,205.98,0,1029.9,615.82
935,2023-05-29,Europe,Germany,Rain Jacket,Apparel,Enterprise,4,96.06,0,384.24,223.22
936,2023-05-29,North America,USA,Running Shoes,Apparel,Consumer,3,76.44,0,229.32,137.48
937,2023-05-30,North America,USA,Tablet Stand,Electronics,Consumer,1,25.99,0,25.99,12.75
938,2023-05-30,APAC,Japan,Smart Watch,Electronics,Consumer,1,183.6,0.15,156.06,86.52
939,2023-05-30,APAC,India,Denim Jacket,Apparel,Consumer,2,65.07,0.1,117.13,69.54
940,2023-05-31,North America,Canada,Running Shoes,Apparel,SMB,2,83.88,0.1,150.98,73.81
941,2023-05-31,North America,USA,Vacuum Cleaner,Home,SMB,4,221.23,0,884.92,553.7
942,2023-05-31,North America,USA,Tablet Stand,Electronics,Enterprise,6,23.11,0.15,117.86,65.55
943,2023-05-31,Europe,France,Running Shoes,Apparel,SMB,5,77.16,0,385.8,225.6
944,2023-05-31,LATAM,Brazil,Ceramic Cookware Set,Home,SMB,1,159.23,0,159.23,82.69
945,2023-05-31,APAC,Australia,Tablet Stand,Electronics,Consumer,3,23.57,0,70.71,42.01
946,2023-05-31,North America,Canada,Smart Watch,Electronics,SMB,3,210.81,0,632.43,317.02
947,2023-05-31,Europe,UK,Wireless Headphones,Electronics,Consumer,2,87.86,0.1,158.15,95.11
948,2023-06-01,North America,Canada,Denim Jacket,Apparel,Consumer,3,73.92,0,221.76,134.42
949,2023-06-01,North America,USA,Vacuum Cleaner,Home,Consumer,2,217.97,0,435.94,265.08
950,2023-06-01,APAC,India,Running Shoes,Apparel,Enterprise,4,76.55,0.1,275.58,175.46
951,2023-06-01,North America,Canada,Vacuum Cleaner,Home,SMB,2,216.59,0.2,346.54,178.94
952,2023-06-02,North America,Canada,Notebook Set,Office,Enterprise,5,14.0,0.05,66.5,40.45
953,2023-06-02,Europe,Spain,Smart Watch,Electronics,SMB,2,192.92,0.2,308.67,161.15
954,2023-06-02,North America,Canada,Smart Watch,Electronics,Consumer,3,202.75,0,608.25,283.68
955,2023-06-02,North America,USA,Bluetooth Speaker,Electronics,Enterprise,6,55.38,0.05,315.67,203.29
956,2023-06-02,APAC,Japan,Monitor Arm,Office,SMB,4,59.65,0.15,202.81,118.15
957,2023-06-02,APAC,Japan,Rain Jacket,Apparel,Consumer,2,93.75,0,187.5,111.95
958,2023-06-02,APAC,Australia,Tablet Stand,Electronics,SMB,1,26.4,0.1,23.76,13.11
959,2023-06-02,LATAM,Brazil,Denim Jacket,Apparel,Consumer,3,66.43,0,199.29,126.47
960,2023-06-02,North America,USA,Denim Jacket,Apparel,SMB,3,67.01,0,201.03,121.68
961,2023-06-02,APAC,Australia,Wireless Headphones,Electronics,Enterprise,5,85.9,0.1,386.55,207.97
962,2023-06-02,Europe,Germany,LED Desk Lamp,Home,SMB,4,40.2,0,160.8,75.93
963,2023-06-03,Europe,Germany,Ergonomic Chair,Office,Consumer,4,264.06,0,1056.24,556.23
964,2023-06-03,LATAM,Brazil,Standing Desk,Office,SMB,1,430.78,0.15,366.16,204.92
965,2023-06-03,APAC,Japan,Wool Sweater,Apparel,SMB,2,89.99,0.15,152.98,96.57
966,2023-06-03,LATAM,Brazil,Monitor Arm,Office,Enterprise,2,61.76,0.2,98.82,46.11
967,2023-06-03,APAC,Singapore,Air Purifier,Home,SMB,1,127.87,0,127.87,65.16
968,2023-06-03,APAC,India,Wireless Headphones,Electronics,SMB,3,83.95,0.15,214.07,104.37
969,2023-06-03,Europe,Germany,Smart Watch,Electronics,SMB,3,209.51,0.1,565.68,280.58
970,2023-06-03,Europe,France,Smart Watch,Electronics,Enterprise,7,210.13,0.1,1323.82,652.45
971,2023-06-03,LATAM,Brazil,Ergonomic Chair,Office,Enterprise,1,254.6,0.1,229.14,116.94
972,2023-06-03,Europe,France,Tablet Stand,Electronics,SMB,4,23.64,0.2,75.65,38.96
973,2023-06-03,North America,USA,Monitor Arm,Office,Enterprise,6,57.19,0.2,274.51,144.96
974,2023-06-03,Europe,UK,Ceramic Cookware Set,Home,Enterprise,5,147.34,0,736.7,469.48
975,2023-06-03,LATAM,Brazil,Rain Jacket,Apparel,Consumer,1,98.9,0.1,89.01,51.8
976,2023-06-04,Europe,UK,Running Shoes,Apparel,SMB,1,73.62,0.05,69.94,37.79
977,2023-06-04,North America,Canada,Tablet Stand,Electronics,Consumer,1,24.32,0.2,19.46,11.68
978,2023-06-04,APAC,Singapore,Monitor Arm,Office,Consumer,1,59.43,0,59.43,38.15
979,2023-06-04,Europe,UK,Bluetooth Speaker,Electronics,SMB,2,57.48,0,114.96,71.59
980,2023-06-04,North America,Canada,Running Shoes,Apparel,SMB,7,74.58,0.05,495.96,287.85
981,2023-06-05,APAC,Australia,Bluetooth Speaker,Electronics,Enterprise,2,63.62,0,127.24,76.55
982,2023-06-05,North America,Canada,Rain Jacket,Apparel,Enterprise,5,98.14,0,490.7,299.35
983,2023-06-05,LATAM,Brazil,Air Purifier,Home,Consumer,1,137.44,0.15,116.82,64.87
984,2023-06-05,North America,USA,Air Purifier,Home,Consumer,1,119.69,0.05,113.71,64.47
985,2023-06-05,LATAM,Brazil,Ergonomic Chair,Office,SMB,4,267.2,0.1,961.92,596.04
986,2023-06-05,Europe,Spain,Wool Sweater,Apparel,SMB,2,89.44,0,178.88,93.51
987,2023-06-05,North America,Canada,Ergonomic Chair,Office,SMB,5,256.46,0.05,1218.18,565.24
988,2023-06-06,APAC,Japan,Monitor Arm,Office,Enterprise,3,54.49,0,163.47,84.28
989,2023-06-06,North America,USA,Wool Sweater,Apparel,Enterprise,6,84.07,0.1,453.98,294.21
990,2023-06-06,Europe,France,Tablet Stand,Electronics,Enterprise,5,25.5,0.1,114.75,52.26
991,2023-06-06,APAC,Singapore,Air Purifier,Home,SMB,4,124.21,0,496.84,244.92
992,2023-06-06,Europe,Spain,Tablet Stand,Electronics,Enterprise,4,25.29,0.05,96.1,47.62
993,2023-06-06,North America,Canada,Wireless Headphones,Electronics,Consumer,2,86.19,0,172.38,81.6
994,2023-06-06,LATAM,Brazil,Ceramic Cookware Set,Home,SMB,5,148.45,0.15,630.91,303.79
995,2023-06-07,Europe,UK,Running Shoes,Apparel,Consumer,2,80.79,0.1,145.42,73.14
996,2023-06-07,LATAM,Brazil,Wireless Headphones,Electronics,SMB,1,83.93,0.05,79.73,46.37
997,2023-06-07,North America,Canada,Monitor Arm,Office,Consumer,1,62.88,0,62.88,34.37
998,2023-06-07,APAC,Singapore,Vacuum Cleaner,Home,Enterprise,1,210.02,0.2,168.02,105.31
999,2023-06-07,North America,USA,Denim Jacket,Apparel,Consumer,1,68.56,0.2,54.85,32.73
1000,2023-06-07,North America,Canada,Denim Jacket,Apparel,Consumer,1,70.44,0,70.44,32.99
1001,2023-06-07,Europe,UK,Standing Desk,Office,Consumer,3,394.59,0,1183.77,680.45
1002,2023-06-07,North America,Canada,Wireless Headphones,Electronics,Enterprise,3,91.23,0,273.69,133.18
1003,2023-06-07,APAC,India,LED Desk Lamp,Home,Enterprise,2,39.4,0,78.8,50.76
1004,2023-06-07,APAC,India,Notebook Set,Office,SMB,1,15.69,0,15.69,7.35
1005,2023-06-07,North America,Canada,Ceramic Cookware Set,Home,Consumer,1,143.25,0.05,136.09,74.53
1006,2023-06-08,North America,USA,Denim Jacket,Apparel,Enterprise,7,64.82,0,453.74,226.62
1007,2023-06-08,North America,Canada,Wireless Headphones,Electronics,SMB,1,95.21,0.05,90.45,45.87
1008,2023-06-08,LATAM,Brazil,Wool Sweater,Apparel,SMB,1,96.1,0,96.1,61.87
1009,2023-06-08,Europe,Spain,Denim Jacket,Apparel,SMB,3,70.59,0,211.77,107.14
1010,2023-06-08,North America,USA,Denim Jacket,Apparel,Enterprise,6,68.44,0.2,328.51,195.93
1011,2023-06-08,APAC,Japan,Standing Desk,Office,Enterprise,1,407.08,0,407.08,251.62
1012,2023-06-08,Europe,Spain,Bluetooth Speaker,Electronics,SMB,6,61.39,0,368.34,180.94
1013,2023-06-09,North America,Canada,Air Purifier,Home,Enterprise,6,136.72,0.05,779.3,354.2
1014,2023-06-09,North America,USA,Rain Jacket,Apparel,SMB,4,97.79,0,391.16,200.81
1015,2023-06-09,North America,Canada,Monitor Arm,Office,Enterprise,5,57.44,0,287.2,152.65
1016,2023-06-09,APAC,Singapore,Tablet Stand,Electronics,Consumer,1,24.54,0.15,20.86,12.59
1017,2023-06-09,LATAM,Mexico,Bluetooth Speaker,Electronics,Consumer,1,57.56,0,57.56,26.9
1018,2023-06-09,APAC,Japan,Vacuum Cleaner,Home,Enterprise,1,212.72,0.05,202.08,130.88
1019,2023-06-09,APAC,Japan,Tablet Stand,Electronics,Consumer,1,24.42,0,24.42,15.87
1020,2023-06-10,Europe,France,Tablet Stand,Electronics,Consumer,1,24.88,0,24.88,12.35
1021,2023-06-10,APAC,India,Denim Jacket,Apparel,Consumer,2,64.16,0,128.32,80.29
1022,2023-06-10,North America,USA,Running Shoes,Apparel,Consumer,3,80.5,0.05,229.42,115.04
1023,2023-06-10,APAC,Japan,LED Desk Lamp,Home,Enterprise,2,39.54,0.15,67.22,35.01
1024,2023-06-10,APAC,India,Wireless Headphones,Electronics,SMB,1,93.88,0,93.88,55.2
1025,2023-06-10,North America,Canada,Wireless Headphones,Electronics,Consumer,2,83.74,0,167.48,82.55
1026,2023-06-10,APAC,Singapore,Tablet Stand,Electronics,SMB,1,24.89,0,24.89,14.23
1027,2023-06-10,APAC,India,Standing Desk,Office,SMB,1,380.6,0,380.6,191.22
1028,2023-06-11,Europe,UK,Running Shoes,Apparel,Consumer,3,79.69,0.15,203.21,95.65
1029,2023-06-11,LATAM,Mexico,LED Desk Lamp,Home,Consumer,1,37.67,0,37.67,21.82
1030,2023-06-11,North America,Canada,Smart Watch,Electronics,Consumer,1,210.99,0,210.99,122.57
1031,2023-06-11,North America,USA,Denim Jacket,Apparel,SMB,4,73.69,0.2,235.81,113.77
1032,2023-06-11,APAC,Singapore,LED Desk Lamp,Home,Enterprise,3,39.66,0.15,101.13,59.13
1033,2023-06-11,North America,USA,Tablet Stand,Electronics,Enterprise,5,23.61,0,118.05,60.58
1034,2023-06-11,Europe,UK,Vacuum Cleaner,Home,Enterprise,7,232.68,0.05,1547.32,916.47
1035,2023-06-12,APAC,Singapore,Wireless Headphones,Electronics,Enterprise,4,82.7,0,330.8,179.06
1036,2023-06-12,APAC,Australia,Tablet Stand,Electronics,SMB,1,23.7,0,23.7,12.33
1037,2023-06-12,LATAM,Mexico,Tablet Stand,Electronics,SMB,1,25.0,0.05,23.75,15.19
1038,2023-06-12,APAC,Japan,Denim Jacket,Apparel,SMB,1,72.27,0.15,61.43,32.63
1039,2023-06-12,North America,USA,LED Desk Lamp,Home,Consumer,3,41.82,0.2,100.37,63.53
1040,2023-06-12,APAC,Singapore,LED Desk Lamp,Home,SMB,2,41.73,0.15,70.94,45.62
1041,2023-06-12,APAC,India,Smart Watch,Electronics,Enterprise,1,204.85,0.1,184.37,84.78
1042,2023-06-12,Europe,Spain,LED Desk Lamp,Home,Enterprise,5,36.88,0.2,147.52,72.52
1043,2023-06-12,North America,USA,Rain Jacket,Apparel,Consumer,3,92.51,0,277.53,140.77
1044,2023-06-12,Europe,France,Wool Sweater,Apparel,SMB,2,92.94,0.1,167.29,83.48
1045,2023-06-12,North America,USA,Running Shoes,Apparel,Consumer,4,84.87,0.05,322.51,191.12
1046,2023-06-13,Europe,Germany,Smart Watch,Electronics,Consumer,1,213.34,0.1,192.01,106.78
1047,2023-06-13,Europe,France,Standing Desk,Office,Enterprise,5,376.31,0.2,1505.24,891.72
1048,2023-06-13,APAC,Japan,Wireless Headphones,Electronics,Consumer,4,87.67,0.1,315.61,204.86
1049,2023-06-13,North America,USA,Denim Jacket,Apparel,Enterprise,6,69.81,0,418.86,206.54
1050,2023-06-13,North America,USA,Ceramic Cookware Set,Home,SMB,3,150.58,0.05,429.15,222.46
1051,2023-06-13,Europe,Germany,Running Shoes,Apparel,SMB,4,75.08,0,300.32,173.8
1052,2023-06-13,North America,USA,LED Desk Lamp,Home,Enterprise,6,40.69,0.15,207.52,101.56
1053,2023-06-13,North America,Canada,Bluetooth Speaker,Electronics,Enterprise,4,55.08,0.15,187.27,86.04
1054,2023-06-13,Europe,Germany,Wireless Headphones,Electronics,Enterprise,5,95.69,0.15,406.68,239.62
1055,2023-06-13,North America,Canada,Air Purifier,Home,Enterprise,4,130.57,0.05,496.17,272.02
1056,2023-06-13,Europe,Spain,Wireless Headphones,Electronics,SMB,3,92.54,0,277.62,133.51
1057,2023-06-13,North America,Canada,Tablet Stand,Electronics,SMB,4,25.52,0.2,81.66,48.16
1058,2023-06-13,Europe,Spain,Denim Jacket,Apparel,Enterprise,4,67.4,0.1,242.64,136.29
1059,2023-06-14,Europe,France,Rain Jacket,Apparel,SMB,5,105.44,0.2,421.76,238.22
1060,2023-06-14,North America,USA,Running Shoes,Apparel,Enterprise,6,77.01,0,462.06,252.65
1061,2023-06-14,North America,USA,Smart Watch,Electronics,Enterprise,4,199.37,0.2,637.98,411.83
1062,2023-06-14,LATAM,Brazil,Standing Desk,Office,SMB,2,423.4,0,846.8,434.62
1063,2023-06-14,APAC,Singapore,Wireless Headphones,Electronics,Enterprise,1,82.53,0,82.53,38.5
1064,2023-06-14,APAC,Australia,Smart Watch,Electronics,SMB,2,184.23,0,368.46,226.33
1065,2023-06-14,LATAM,Brazil,Denim Jacket,Apparel,Consumer,1,72.62,0.05,68.99,34.42
1066,2023-06-14,North America,USA,Rain Jacket,Apparel,Enterprise,5,96.7,0.15,410.97,258.64
1067,2023-06-15,Europe,UK,Running Shoes,Apparel,Enterprise,5,84.87,0,424.35,259.22
1068,2023-06-15,North America,Canada,Vacuum Cleaner,Home,Enterprise,9,207.94,0.1,1684.31,996.15
1069,2023-06-15,APAC,Australia,Smart Watch,Electronics,SMB,1,189.67,0.05,180.19,97.63
1070,2023-06-15,North America,USA,Running Shoes,Apparel,SMB,4,84.72,0.15,288.05,140.89
1071,2023-06-15,APAC,Australia,Vacuum Cleaner,Home,Consumer,1,205.62,0,205.62,103.47
1072,2023-06-15,North America,Canada,Bluetooth Speaker,Electronics,Enterprise,4,63.61,0.1,229.0,107.59
1073,2023-06-15,Europe,Germany,Tablet Stand,Electronics,Enterprise,4,23.03,0,92.12,59.42
1074,2023-06-15,North America,Canada,Smart Watch,Electronics,Enterprise,6,199.6,0,1197.6,575.77
1075,2023-06-16,North America,USA,Ceramic Cookware Set,Home,Enterprise,6,157.43,0.2,755.66,454.42
1076,2023-06-16,Europe,UK,Vacuum Cleaner,Home,Enterprise,3,207.15,0.15,528.23,302.67
1077,2023-06-16,APAC,Singapore,Ceramic Cookware Set,Home,SMB,3,144.42,0,433.26,260.76
1078,2023-06-16,APAC,Australia,Wireless Headphones,Electronics,Enterprise,5,94.91,0.1,427.09,275.38
1079,2023-06-16,North America,USA,Tablet Stand,Electronics,Enterprise,1,26.94,0.1,24.25,14.43
1080,2023-06-16,North America,USA,Wool Sweater,Apparel,SMB,2,90.69,0,181.38,85.97
1081,2023-06-16,Europe,France,Smart Watch,Electronics,Enterprise,5,212.67,0.2,850.68,550.21
1082,2023-06-16,APAC,Australia,Wireless Headphones,Electronics,SMB,5,82.12,0.15,349.01,177.89
1083,2023-06-17,Europe,UK,Bluetooth Speaker,Electronics,SMB,4,61.52,0,246.08,148.37
1084,2023-06-17,Europe,UK,Ceramic Cookware Set,Home,Enterprise,9,155.0,0.15,1185.75,740.42
1085,2023-06-17,APAC,Australia,Smart Watch,Electronics,Enterprise,2,191.99,0,383.98,233.27
1086,2023-06-18,Europe,Germany,Rain Jacket,Apparel,Enterprise,4,99.16,0.2,317.31,146.32
1087,2023-06-18,APAC,India,Bluetooth Speaker,Electronics,Consumer,2,63.2,0.05,120.08,58.06
1088,2023-06-18,APAC,Singapore,Wireless Headphones,Electronics,SMB,3,95.9,0.2,230.16,132.43
1089,2023-06-18,North America,USA,Wool Sweater,Apparel,Enterprise,6,88.04,0.15,449.0,259.23
1090,2023-06-18,North America,USA,Rain Jacket,Apparel,Enterprise,5,100.48,0.05,477.28,253.59
1091,2023-06-18,LATAM,Mexico,Smart Watch,Electronics,Consumer,1,200.49,0.1,180.44,99.49
1092,2023-06-19,Europe,UK,Standing Desk,Office,Consumer,1,398.15,0,398.15,192.26
1093,2023-06-20,APAC,Japan,Standing Desk,Office,Enterprise,5,403.4,0.05,1916.15,931.73
1094,2023-06-20,Europe,Spain,Wool Sweater,Apparel,Enterprise,4,93.1,0.05,353.78,194.36
1095,2023-06-20,Europe,Spain,Wool Sweater,Apparel,Enterprise,3,93.72,0,281.16,178.08
1096,2023-06-20,North America,USA,Rain Jacket,Apparel,SMB,5,92.03,0,460.15,247.83
1097,2023-06-20,LATAM,Brazil,Air Purifier,Home,SMB,3,134.9,0.2,323.76,177.51
1098,2023-06-21,North America,USA,LED Desk Lamp,Home,Consumer,2,41.4,0,82.8,44.84
1099,2023-06-21,LATAM,Brazil,Monitor Arm,Office,Enterprise,3,60.01,0.05,171.03,80.96
1100,2023-06-21,APAC,Australia,Vacuum Cleaner,Home,Enterprise,2,233.56,0,467.12,235.64
1101,2023-06-21,Europe,UK,Denim Jacket,Apparel,Enterprise,2,64.4,0,128.8,60.87
1102,2023-06-21,Europe,Spain,Smart Watch,Electronics,Enterprise,4,199.16,0,796.64,448.39
1103,2023-06-21,North America,USA,Tablet Stand,Electronics,Consumer,2,24.05,0,48.1,30.7
1104,2023-06-21,APAC,Japan,Smart Watch,Electronics,Enterprise,2,200.99,0,401.98,224.37
1105,2023-06-21,Europe,France,Wireless Headphones,Electronics,Enterprise,5,91.41,0.2,365.64,219.47
1106,2023-06-21,Europe,UK,Bluetooth Speaker,Electronics,Consumer,1,56.68,0.1,51.01,25.46
1107,2023-06-21,North America,USA,Smart Watch,Electronics,SMB,5,183.48,0.15,779.79,424.44
1108,2023-06-22,Europe,Germany,Smart Watch,Electronics,Enterprise,5,212.36,0.15,902.53,468.15
1109,2023-06-22,LATAM,Mexico,Wireless Headphones,Electronics,SMB,1,92.09,0,92.09,51.76
1110,2023-06-22,LATAM,Mexico,Denim Jacket,Apparel,Enterprise,2,64.76,0,129.52,74.16
1111,2023-06-22,APAC,Japan,Wireless Headphones,Electronics,SMB,1,90.88,0,90.88,45.98
1112,2023-06-22,North America,USA,Rain Jacket,Apparel,SMB,3,103.62,0.05,295.32,189.68
1113,2023-06-22,APAC,Australia,Smart Watch,Electronics,Consumer,3,192.68,0,578.04,309.14
1114,2023-06-22,LATAM,Brazil,Tablet Stand,Electronics,SMB,1,24.34,0,24.34,11.46
1115,2023-06-23,LATAM,Brazil,Bluetooth Speaker,Electronics,Consumer,1,58.19,0,58.19,27.0
1116,2023-06-23,North America,USA,LED Desk Lamp,Home,SMB,3,36.92,0.2,88.61,41.25
1117,2023-06-23,LATAM,Brazil,LED Desk Lamp,Home,Enterprise,1,39.73,0.2,31.78,18.09
1118,2023-06-23,Europe,Germany,Air Purifier,Home,SMB,6,130.42,0.15,665.14,359.21
1119,2023-06-23,LATAM,Brazil,Vacuum Cleaner,Home,Consumer,1,213.78,0,213.78,132.45
1120,2023-06-24,Europe,France,Wireless Headphones,Electronics,Consumer,1,93.41,0,93.41,42.55
1121,2023-06-24,Europe,UK,Bluetooth Speaker,Electronics,Enterprise,5,60.64,0,303.2,184.46
1122,2023-06-24,Europe,Spain,Bluetooth Speaker,Electronics,SMB,2,60.81,0.05,115.54,54.88
1123,2023-06-24,North America,Canada,LED Desk Lamp,Home,Consumer,2,41.9,0,83.8,51.01
1124,2023-06-24,North America,USA,Ceramic Cookware Set,Home,Enterprise,5,142.66,0.15,606.3,372.15
1125,2023-06-24,Europe,Germany,Running Shoes,Apparel,SMB,1,73.38,0.15,62.37,28.54
1126,2023-06-25,Europe,UK,Air Purifier,Home,Enterprise,2,120.87,0,241.74,112.95
1127,2023-06-25,Europe,UK,Running Shoes,Apparel,Consumer,3,81.26,0.15,207.21,108.41
1128,2023-06-25,APAC,Japan,Tablet Stand,Electronics,SMB,2,25.17,0.15,42.79,23.09
1129,2023-06-25,APAC,Singapore,Rain Jacket,Apparel,Enterprise,3,98.05,0.2,235.32,117.21
1130,2023-06-26,Europe,Germany,Smart Watch,Electronics,Consumer,3,198.29,0,594.87,335.05
1131,2023-06-26,Europe,Germany,Bluetooth Speaker,Electronics,Consumer,4,61.11,0.15,207.77,127.95
1132,2023-06-26,North America,USA,Monitor Arm,Office,Enterprise,5,55.77,0.05,264.91,148.65
1133,2023-06-26,APAC,Japan,Air Purifier,Home,Enterprise,1,134.37,0.1,120.93,74.32
1134,2023-06-26,North America,Canada,Denim Jacket,Apparel,Consumer,4,64.46,0,257.84,135.62
1135,2023-06-26,LATAM,Brazil,Vacuum Cleaner,Home,SMB,1,219.81,0.1,197.83,114.78
1136,2023-06-26,APAC,India,Ceramic Cookware Set,Home,Consumer,2,140.95,0.05,267.8,130.69
1137,2023-06-27,Europe,UK,Wool Sweater,Apparel,SMB,3,84.62,0,253.86,128.4
1138,2023-06-27,APAC,India,Denim Jacket,Apparel,SMB,1,70.47,0,70.47,34.29
1139,2023-06-27,North America,Canada,Rain Jacket,Apparel,SMB,1,96.61,0,96.61,56.87
1140,2023-06-27,North America,Canada,LED Desk Lamp,Home,Consumer,4,40.47,0,161.88,78.46
1141,2023-06-27,North America,USA,LED Desk Lamp,Home,Enterprise,4,41.19,0.1,148.28,93.81
1142,2023-06-27,APAC,Japan,Bluetooth Speaker,Electronics,Enterprise,2,57.46,0.05,109.17,67.64
1143,2023-06-27,North America,USA,Bluetooth Speaker,Electronics,Consumer,4,56.84,0.05,215.99,138.23
1144,2023-06-27,North America,USA,Wool Sweater,Apparel,Consumer,5,86.42,0,432.1,198.5
1145,2023-06-27,Europe,France,LED Desk Lamp,Home,Enterprise,5,40.27,0.1,181.22,84.46
1146,2023-06-28,North America,Canada,Wireless Headphones,Electronics,Enterprise,5,86.51,0.1,389.3,242.29
1147,2023-06-28,Europe,UK,Vacuum Cleaner,Home,Consumer,4,220.2,0.15,748.68,377.11
1148,2023-06-28,North America,Canada,Rain Jacket,Apparel,Enterprise,4,103.75,0.15,352.75,217.4
1149,2023-06-28,Europe,UK,Rain Jacket,Apparel,SMB,4,93.28,0,373.12,174.86
1150,2023-06-28,North America,USA,Ceramic Cookware Set,Home,SMB,7,158.74,0.05,1055.62,495.37
1151,2023-06-28,LATAM,Brazil,Smart Watch,Electronics,SMB,1,184.84,0.2,147.87,91.01
1152,2023-06-28,North America,USA,Rain Jacket,Apparel,SMB,5,96.91,0.15,411.87,188.53
1153,2023-06-29,APAC,Japan,Notebook Set,Office,Consumer,2,15.89,0,31.78,19.87
1154,2023-06-29,North America,Canada,LED Desk Lamp,Home,Consumer,4,36.15,0.2,115.68,55.71
1155,2023-06-29,APAC,India,Notebook Set,Office,SMB,1,14.21,0,14.21,7.35
1156,2023-06-29,LATAM,Brazil,LED Desk Lamp,Home,SMB,3,37.37,0.2,89.69,42.21
1157,2023-06-29,North America,Canada,Tablet Stand,Electronics,Enterprise,5,26.37,0.05,125.26,80.12
1158,2023-06-29,North America,USA,Wool Sweater,Apparel,Enterprise,4,94.69,0,378.76,214.06
1159,2023-06-29,Europe,UK,Wool Sweater,Apparel,SMB,3,94.83,0.05,270.27,145.24
1160,2023-06-29,Europe,Germany,Wool Sweater,Apparel,Consumer,1,82.55,0.1,74.3,36.21
1161,2023-06-30,LATAM,Mexico,Tablet Stand,Electronics,Enterprise,1,23.65,0.15,20.1,12.8
1162,2023-06-30,APAC,Australia,Smart Watch,Electronics,Consumer,1,206.43,0.15,175.47,110.03
1163,2023-06-30,Europe,Spain,Vacuum Cleaner,Home,Enterprise,6,208.19,0,1249.14,633.75
1164,2023-06-30,Europe,UK,Denim Jacket,Apparel,Consumer,1,73.54,0.15,62.51,31.97
1165,2023-06-30,Europe,Spain,Ergonomic Chair,Office,SMB,3,230.68,0.15,588.23,362.14
1166,2023-07-01,APAC,Japan,Monitor Arm,Office,Enterprise,1,63.59,0,63.59,37.64
1167,2023-07-01,North America,USA,LED Desk Lamp,Home,SMB,3,41.62,0,124.86,72.15
1168,2023-07-02,APAC,Japan,Wool Sweater,Apparel,Enterprise,5,86.08,0.2,344.32,156.97
1169,2023-07-02,LATAM,Brazil,Running Shoes,Apparel,SMB,3,72.78,0.05,207.42,111.49
1170,2023-07-02,North America,USA,LED Desk Lamp,Home,Enterprise,7,37.18,0.2,208.21,125.51
1171,2023-07-02,North America,Canada,Monitor Arm,Office,Enterprise,4,63.22,0.05,240.24,143.08
1172,2023-07-02,Europe,UK,Bluetooth Speaker,Electronics,SMB,1,59.19,0.15,50.31,25.54
1173,2023-07-02,Europe,France,Air Purifier,Home,Consumer,1,128.26,0.15,109.02,65.47
1174,2023-07-02,APAC,Singapore,Running Shoes,Apparel,Consumer,1,72.99,0,72.99,32.86
1175,2023-07-02,North America,Canada,Vacuum Cleaner,Home,SMB,1,227.66,0,227.66,125.3
1176,2023-07-03,North America,USA,Bluetooth Speaker,Electronics,Consumer,2,57.8,0.05,109.82,59.5
1177,2023-07-03,Europe,Germany,Rain Jacket,Apparel,Consumer,1,95.48,0,95.48,47.24
1178,2023-07-03,APAC,Japan,Ceramic Cookware Set,Home,Consumer,1,139.69,0.15,118.74,71.48
1179,2023-07-03,APAC,Singapore,Running Shoes,Apparel,SMB,1,74.11,0.15,62.99,38.02
1180,2023-07-03,APAC,India,Tablet Stand,Electronics,SMB,1,23.5,0.15,19.97,12.83
1181,2023-07-03,North America,Canada,Ergonomic Chair,Office,Consumer,1,234.37,0.1,210.93,99.3
1182,2023-07-03,Europe,UK,Monitor Arm,Office,Consumer,1,63.11,0,63.11,34.47
1183,2023-07-04,North America,Canada,Denim Jacket,Apparel,SMB,4,69.92,0,279.68,151.65
1184,2023-07-04,APAC,Singapore,Monitor Arm,Office,Enterprise,2,54.41,0.15,92.5,48.74
1185,2023-07-04,North America,USA,Wireless Headphones,Electronics,Consumer,4,94.07,0.2,301.02,150.03
1186,2023-07-04,Europe,Germany,Bluetooth Speaker,Electronics,SMB,3,59.69,0,179.07,93.53
1187,2023-07-04,Europe,Spain,Ceramic Cookware Set,Home,Enterprise,3,159.12,0.05,453.49,235.4
1188,2023-07-05,APAC,Singapore,Running Shoes,Apparel,Consumer,2,81.71,0.05,155.25,93.81
1189,2023-07-05,North America,USA,Bluetooth Speaker,Electronics,Enterprise,1,62.35,0,62.35,33.96
1190,2023-07-05,APAC,Singapore,Rain Jacket,Apparel,SMB,3,99.66,0.05,284.03,181.25
1191,2023-07-05,Europe,Germany,Denim Jacket,Apparel,Consumer,1,65.02,0.1,58.52,32.68
1192,2023-07-05,North America,Canada,LED Desk Lamp,Home,SMB,1,36.86,0,36.86,18.23
1193,2023-07-05,APAC,Singapore,Smart Watch,Electronics,Consumer,1,207.46,0.05,197.09,96.87
1194,2023-07-05,Europe,UK,Ceramic Cookware Set,Home,SMB,4,139.65,0.15,474.81,250.9
1195,2023-07-05,Europe,Germany,Bluetooth Speaker,Electronics,Consumer,3,60.46,0.05,172.31,83.95
1196,2023-07-05,North America,Canada,Air Purifier,Home,Consumer,2,128.64,0.05,244.42,111.27
1197,2023-07-06,Europe,France,Bluetooth Speaker,Electronics,Enterprise,1,56.05,0.2,44.84,27.5
1198,2023-07-06,Europe,France,Bluetooth Speaker,Electronics,SMB,1,56.81,0.05,53.97,34.23
1199,2023-07-06,Europe,UK,Rain Jacket,Apparel,Enterprise,5,106.6,0,533.0,244.29
1200,2023-07-06,North America,USA,Air Purifier,Home,Enterprise,5,133.2,0.1,599.4,302.55
1201,2023-07-07,APAC,Singapore,Tablet Stand,Electronics,Consumer,3,26.79,0,80.37,37.8
1202,2023-07-07,Europe,Spain,Air Purifier,Home,Consumer,1,122.46,0,122.46,69.91
1203,2023-07-07,Europe,UK,Monitor Arm,Office,Consumer,2,54.46,0.2,87.14,45.26
1204,2023-07-07,North America,USA,Air Purifier,Home,Consumer,5,133.64,0,668.2,378.72
1205,2023-07-07,Europe,Germany,Ceramic Cookware Set,Home,Enterprise,3,157.52,0.2,378.05,184.91
1206,2023-07-07,North America,USA,Tablet Stand,Electronics,SMB,2,23.62,0.15,40.15,20.68
1207,2023-07-08,North America,Canada,Ergonomic Chair,Office,SMB,4,259.03,0.1,932.51,467.7
1208,2023-07-08,Europe,UK,Wireless Headphones,Electronics,SMB,1,91.3,0.1,82.17,48.52
1209,2023-07-08,APAC,India,Running Shoes,Apparel,SMB,1,83.19,0.05,79.03,47.61
1210,2023-07-08,Europe,Spain,Standing Desk,Office,SMB,3,378.07,0,1134.21,529.34
1211,2023-07-09,APAC,Japan,Ceramic Cookware Set,Home,Consumer,3,160.06,0.1,432.16,248.2
1212,2023-07-09,Europe,UK,Wool Sweater,Apparel,Enterprise,39,88.96,0,3469.44,1708.52
1213,2023-07-09,APAC,India,Ceramic Cookware Set,Home,SMB,3,155.9,0.15,397.55,189.67
1214,2023-07-09,Europe,UK,Vacuum Cleaner,Home,SMB,2,222.27,0.1,400.09,219.06
1215,2023-07-09,North America,USA,Running Shoes,Apparel,Consumer,1,82.04,0.2,65.63,35.57
1216,2023-07-09,APAC,Singapore,Standing Desk,Office,Enterprise,3,386.6,0.2,927.84,472.59
1217,2023-07-09,North America,Canada,Vacuum Cleaner,Home,Enterprise,4,222.67,0,890.68,565.06
1218,2023-07-09,Europe,Germany,Vacuum Cleaner,Home,Enterprise,6,209.5,0.05,1194.15,622.31
1219,2023-07-09,Europe,UK,Air Purifier,Home,Enterprise,4,125.07,0.05,475.27,231.21
1220,2023-07-10,North America,Canada,LED Desk Lamp,Home,Enterprise,6,41.04,0.1,221.62,114.26
1221,2023-07-10,LATAM,Brazil,LED Desk Lamp,Home,Enterprise,2,40.35,0.05,76.66,39.41
1222,2023-07-10,North America,Canada,Tablet Stand,Electronics,Enterprise,5,26.78,0.05,127.2,60.86
1223,2023-07-10,APAC,Japan,Ergonomic Chair,Office,Consumer,1,266.96,0,266.96,131.89
1224,2023-07-10,LATAM,Mexico,LED Desk Lamp,Home,SMB,1,41.98,0.1,37.78,20.84
1225,2023-07-10,LATAM,Mexico,Ceramic Cookware Set,Home,Consumer,1,144.52,0,144.52,74.14
1226,2023-07-10,Europe,France,Air Purifier,Home,SMB,4,123.36,0.2,394.75,187.37
1227,2023-07-11,Europe,Germany,Ergonomic Chair,Office,SMB,1,236.85,0.05,225.01,144.63
1228,2023-07-11,North America,Canada,Ergonomic Chair,Office,SMB,5,229.61,0.15,975.84,532.25
1229,2023-07-11,LATAM,Mexico,Smart Watch,Electronics,Consumer,1,191.37,0,191.37,96.64
1230,2023-07-11,North America,Canada,Bluetooth Speaker,Electronics,SMB,3,60.22,0.15,153.56,94.96
1231,2023-07-11,North America,USA,Air Purifier,Home,Consumer,1,138.92,0.1,125.03,65.48
1232,2023-07-11,Europe,Spain,Standing Desk,Office,Enterprise,3,389.06,0,1167.18,577.91
1233,2023-07-11,LATAM,Brazil,Ceramic Cookware Set,Home,SMB,1,139.02,0,139.02,80.39
1234,2023-07-11,LATAM,Mexico,Vacuum Cleaner,Home,Consumer,1,209.44,0.05,198.97,97.08
1235,2023-07-12,Europe,France,Notebook Set,Office,Enterprise,3,15.96,0,47.88,30.95
1236,2023-07-12,APAC,Japan,Rain Jacket,Apparel,Consumer,1,101.46,0,101.46,50.92
1237,2023-07-12,Europe,Germany,Ergonomic Chair,Office,Consumer,2,267.01,0.05,507.32,308.65
1238,2023-07-12,North America,Canada,Ergonomic Chair,Office,Consumer,1,235.16,0.05,223.4,142.19
1239,2023-07-12,APAC,Singapore,Tablet Stand,Electronics,SMB,1,26.24,0.1,23.62,15.03
1240,2023-07-12,Europe,Germany,Standing Desk,Office,SMB,2,419.74,0.2,671.58,302.33
1241,2023-07-12,LATAM,Brazil,Air Purifier,Home,Enterprise,3,122.94,0.1,331.94,180.61
1242,2023-07-12,North America,USA,Bluetooth Speaker,Electronics,Enterprise,4,59.27,0,237.08,136.47
1243,2023-07-12,APAC,Singapore,Monitor Arm,Office,Consumer,2,60.13,0.1,108.23,59.28
1244,2023-07-12,Europe,France,Air Purifier,Home,Consumer,1,118.91,0.05,112.96,68.34
1245,2023-07-13,Europe,Spain,Air Purifier,Home,Consumer,2,132.02,0,264.04,130.41
1246,2023-07-13,Europe,France,Rain Jacket,Apparel,Consumer,1,92.39,0.05,87.77,52.56
1247,2023-07-13,North America,Canada,Tablet Stand,Electronics,Consumer,3,25.7,0,77.1,45.83
1248,2023-07-13,North America,USA,Ceramic Cookware Set,Home,SMB,3,137.87,0,413.61,240.81
1249,2023-07-13,Europe,UK,Rain Jacket,Apparel,Consumer,1,91.89,0,91.89,51.9
1250,2023-07-13,LATAM,Mexico,Air Purifier,Home,Enterprise,1,129.9,0.1,116.91,75.76
1251,2023-07-14,Europe,UK,Tablet Stand,Electronics,Consumer,2,25.46,0,50.92,31.62
1252,2023-07-14,North America,Canada,Notebook Set,Office,Consumer,4,14.32,0,57.28,28.77
1253,2023-07-14,APAC,Australia,Tablet Stand,Electronics,Enterprise,3,25.83,0,77.49,45.72
1254,2023-07-14,LATAM,Mexico,Bluetooth Speaker,Electronics,Enterprise,1,55.79,0.2,44.63,25.11
1255,2023-07-14,APAC,Singapore,Ergonomic Chair,Office,Enterprise,4,264.98,0,1059.92,666.54
1256,2023-07-14,LATAM,Brazil,Wool Sweater,Apparel,SMB,1,82.0,0.05,77.9,48.0
1257,2023-07-14,North America,Canada,Wireless Headphones,Electronics,Enterprise,4,88.63,0.2,283.62,177.72
1258,2023-07-14,Europe,Spain,Running Shoes,Apparel,Consumer,2,80.83,0.1,145.49,72.76
1259,2023-07-14,APAC,India,Tablet Stand,Electronics,SMB,4,24.01,0.2,76.83,46.11
1260,2023-07-15,North America,USA,Bluetooth Speaker,Electronics,SMB,4,55.17,0,220.68,139.73
1261,2023-07-15,North America,USA,Tablet Stand,Electronics,SMB,3,24.44,0,73.32,39.25
1262,2023-07-15,APAC,Singapore,Wool Sweater,Apparel,SMB,3,90.38,0.2,216.91,114.93
1263,2023-07-15,Europe,Germany,Rain Jacket,Apparel,Consumer,7,103.96,0,727.72,437.53
1264,2023-07-15,APAC,India,Running Shoes,Apparel,SMB,2,74.29,0.2,118.86,76.78
1265,2023-07-16,APAC,India,Vacuum Cleaner,Home,SMB,3,233.21,0,699.63,337.13
1266,2023-07-16,APAC,Singapore,Rain Jacket,Apparel,Consumer,1,102.27,0,102.27,62.45
1267,2023-07-16,Europe,Spain,Monitor Arm,Office,Enterprise,4,57.89,0,231.56,108.52
1268,2023-07-16,LATAM,Brazil,Smart Watch,Electronics,Enterprise,3,196.8,0.2,472.32,271.68
1269,2023-07-16,Europe,Spain,Running Shoes,Apparel,SMB,3,73.03,0,219.09,101.88
1270,2023-07-16,North America,Canada,Bluetooth Speaker,Electronics,SMB,6,55.88,0.2,268.22,147.81
1271,2023-07-16,North America,Canada,Tablet Stand,Electronics,Consumer,2,26.65,0,53.3,24.28
1272,2023-07-16,North America,USA,Wool Sweater,Apparel,SMB,2,84.11,0,168.22,97.6
1273,2023-07-16,North America,USA,Notebook Set,Office,SMB,2,15.82,0.15,26.89,12.25
1274,2023-07-16,APAC,Japan,Wireless Headphones,Electronics,Enterprise,2,91.07,0.1,163.93,99.63
1275,2023-07-17,LATAM,Brazil,Smart Watch,Electronics,SMB,2,209.55,0,419.1,208.4
1276,2023-07-17,North America,USA,Denim Jacket,Apparel,Consumer,2,64.16,0.05,121.9,60.36
1277,2023-07-17,LATAM,Mexico,Running Shoes,Apparel,Enterprise,1,73.74,0.15,62.68,32.67
1278,2023-07-17,North America,Canada,Ceramic Cookware Set,Home,SMB,4,145.99,0.1,525.56,313.38
1279,2023-07-17,North America,USA,Tablet Stand,Electronics,Consumer,2,23.68,0,47.36,25.86
1280,2023-07-17,North America,Canada,Bluetooth Speaker,Electronics,Consumer,2,54.85,0,109.7,57.84
1281,2023-07-17,North America,USA,Running Shoes,Apparel,Consumer,5,73.76,0,368.8,167.68
1282,2023-07-17,Europe,Germany,LED Desk Lamp,Home,Consumer,1,36.33,0.2,29.06,15.82
1283,2023-07-17,Europe,Spain,Wireless Headphones,Electronics,SMB,1,95.56,0.2,76.45,39.53
1284,2023-07-18,LATAM,Mexico,Ceramic Cookware Set,Home,Consumer,1,140.94,0,140.94,86.01
1285,2023-07-18,Europe,UK,Denim Jacket,Apparel,SMB,1,67.5,0,67.5,43.32
1286,2023-07-18,APAC,Australia,Vacuum Cleaner,Home,SMB,16,203.13,0,3250.08,1630.45
1287,2023-07-18,LATAM,Brazil,Smart Watch,Electronics,Consumer,2,188.87,0.05,358.85,180.25
1288,2023-07-18,Europe,UK,Rain Jacket,Apparel,SMB,3,98.19,0,294.57,189.02
1289,2023-07-18,Europe,Germany,Rain Jacket,Apparel,SMB,3,92.73,0,278.19,136.99
1290,2023-07-19,North America,Canada,Wool Sweater,Apparel,Enterprise,4,82.81,0.1,298.12,134.81
1291,2023-07-19,APAC,Australia,Denim Jacket,Apparel,Enterprise,4,68.46,0,273.84,141.72
1292,2023-07-19,Europe,France,Bluetooth Speaker,Electronics,Enterprise,8,56.29,0.2,360.26,210.84
1293,2023-07-19,Europe,France,Running Shoes,Apparel,Consumer,1,84.68,0.15,71.98,45.82
1294,2023-07-19,APAC,Japan,Air Purifier,Home,SMB,1,133.32,0.15,113.32,59.28
1295,2023-07-19,APAC,Singapore,Air Purifier,Home,Consumer,1,130.38,0.15,110.82,64.94
1296,2023-07-19,Europe,UK,Bluetooth Speaker,Electronics,SMB,5,62.15,0.05,295.21,140.09
1297,2023-07-19,Europe,Spain,Air Purifier,Home,Enterprise,1,138.68,0,138.68,76.97
1298,2023-07-19,North America,USA,Tablet Stand,Electronics,Consumer,3,23.55,0.2,56.52,25.45
1299,2023-07-20,Europe,France,Ceramic Cookware Set,Home,Enterprise,5,152.38,0.05,723.8,392.42
1300,2023-07-20,Europe,Spain,Wireless Headphones,Electronics,SMB,1,85.01,0,85.01,53.32
1301,2023-07-20,LATAM,Mexico,Running Shoes,Apparel,SMB,4,82.49,0,329.96,190.56
1302,2023-07-20,North America,Canada,Wool Sweater,Apparel,SMB,6,84.1,0.1,454.14,267.03
1303,2023-07-20,North America,Canada,LED Desk Lamp,Home,Enterprise,5,40.81,0.2,163.24,95.1
1304,2023-07-20,APAC,Singapore,Rain Jacket,Apparel,SMB,2,99.62,0,199.24,121.78
1305,2023-07-20,Europe,Spain,Rain Jacket,Apparel,Enterprise,2,91.28,0,182.56,112.41
1306,2023-07-20,North America,USA,Rain Jacket,Apparel,Enterprise,4,92.59,0.2,296.29,179.99
1307,2023-07-21,APAC,India,Air Purifier,Home,Consumer,1,130.58,0.05,124.05,77.57
1308,2023-07-21,Europe,Spain,Smart Watch,Electronics,Consumer,2,197.11,0.05,374.51,206.78
1309,2023-07-21,North America,Canada,Bluetooth Speaker,Electronics,Consumer,1,63.41,0,63.41,30.14
1310,2023-07-21,North America,Canada,Ceramic Cookware Set,Home,SMB,6,147.06,0.05,838.24,469.69
1311,2023-07-21,North America,Canada,Standing Desk,Office,SMB,3,373.68,0.05,1064.99,649.61
1312,2023-07-21,North America,USA,Smart Watch,Electronics,SMB,2,195.3,0.15,332.01,183.53
1313,2023-07-22,Europe,Spain,Air Purifier,Home,SMB,1,128.67,0.05,122.24,62.49
1314,2023-07-22,North America,Canada,Air Purifier,Home,SMB,5,122.92,0.1,553.14,291.19
1315,2023-07-22,Europe,UK,Tablet Stand,Electronics,Consumer,2,25.91,0,51.82,30.48
1316,2023-07-22,North America,Canada,Monitor Arm,Office,Consumer,3,58.93,0,176.79,109.6
1317,2023-07-22,APAC,Japan,Notebook Set,Office,SMB,1,15.89,0.2,12.71,7.13
1318,2023-07-22,Europe,Germany,Notebook Set,Office,SMB,2,15.35,0,30.7,14.73
1319,2023-07-22,APAC,Japan,Wireless Headphones,Electronics,SMB,3,83.92,0.15,214.0,138.73
1320,2023-07-22,APAC,India,LED Desk Lamp,Home,Consumer,1,36.65,0,36.65,17.7
1321,2023-07-22,North America,Canada,LED Desk Lamp,Home,Enterprise,7,41.29,0.2,231.22,114.87
1322,2023-07-23,APAC,Japan,Vacuum Cleaner,Home,SMB,2,206.71,0,413.42,200.11
1323,2023-07-23,LATAM,Mexico,Vacuum Cleaner,Home,SMB,1,205.79,0.2,164.63,100.47
1324,2023-07-23,Europe,Spain,Smart Watch,Electronics,SMB,3,204.18,0,612.54,359.88
1325,2023-07-23,Europe,France,Running Shoes,Apparel,Enterprise,3,73.19,0.15,186.63,90.15
1326,2023-07-23,APAC,India,Tablet Stand,Electronics,SMB,3,26.94,0,80.82,42.68
1327,2023-07-24,Europe,France,Wireless Headphones,Electronics,Enterprise,5,95.08,0.05,451.63,252.54
1328,2023-07-24,APAC,India,Standing Desk,Office,Consumer,1,429.75,0.05,408.26,242.93
1329,2023-07-24,Europe,UK,Denim Jacket,Apparel,Consumer,1,68.44,0.1,61.6,27.99
1330,2023-07-25,APAC,Australia,Vacuum Cleaner,Home,Consumer,1,228.67,0.15,194.37,122.47
1331,2023-07-25,LATAM,Mexico,Air Purifier,Home,Enterprise,2,134.42,0.2,215.07,99.68
1332,2023-07-25,LATAM,Brazil,Rain Jacket,Apparel,Consumer,3,95.85,0.2,230.04,109.24
1333,2023-07-25,APAC,India,Standing Desk,Office,SMB,3,369.18,0.15,941.41,609.89
1334,2023-07-25,APAC,Australia,Tablet Stand,Electronics,Enterprise,3,26.61,0,79.83,37.99
1335,2023-07-25,Europe,UK,Denim Jacket,Apparel,Consumer,1,68.31,0,68.31,42.31
1336,2023-07-26,North America,USA,Bluetooth Speaker,Electronics,Enterprise,3,60.88,0.05,173.51,84.99
1337,2023-07-26,LATAM,Brazil,Wool Sweater,Apparel,Consumer,1,85.85,0,85.85,47.39
1338,2023-07-26,Europe,Germany,Bluetooth Speaker,Electronics,Consumer,2,57.46,0,114.92,69.88
1339,2023-07-26,APAC,India,Running Shoes,Apparel,Enterprise,4,79.57,0.1,286.45,175.44
1340,2023-07-26,APAC,India,Rain Jacket,Apparel,Consumer,1,98.34,0,98.34,44.57
1341,2023-07-26,Europe,Spain,Ergonomic Chair,Office,Consumer,1,241.39,0.15,205.18,123.7
1342,2023-07-26,North America,Canada,Wireless Headphones,Electronics,Consumer,3,88.4,0.15,225.42,134.88
1343,2023-07-26,North America,Canada,Running Shoes,Apparel,Enterprise,5,83.72,0,418.6,215.86
1344,2023-07-27,APAC,Japan,Smart Watch,Electronics,SMB,1,194.49,0.2,155.59,76.48
1345,2023-07-27,North America,USA,Bluetooth Speaker,Electronics,SMB,5,55.48,0.1,249.66,141.67
1346,2023-07-27,North America,USA,Ergonomic Chair,Office,Enterprise,7,250.5,0,1753.5,1129.41
1347,2023-07-27,APAC,India,Tablet Stand,Electronics,Enterprise,1,26.02,0.05,24.72,14.05
1348,2023-07-27,North America,USA,Tablet Stand,Electronics,SMB,5,23.21,0.15,98.64,54.08
1349,2023-07-27,APAC,Australia,Wireless Headphones,Electronics,SMB,4,86.69,0.15,294.75,172.74
1350,2023-07-27,North America,USA,Bluetooth Speaker,Electronics,Consumer,4,56.42,0.1,203.11,111.66
1351,2023-07-27,North America,Canada,Smart Watch,Electronics,Consumer,2,204.09,0.15,346.95,182.99
1352,2023-07-27,Europe,Spain,Wireless Headphones,Electronics,Consumer,1,92.7,0.05,88.06,42.29
1353,2023-07-28,North America,Canada,Running Shoes,Apparel,Enterprise,6,84.15,0.1,454.41,247.81
1354,2023-07-28,Europe,Germany,Running Shoes,Apparel,SMB,2,84.57,0,169.14,79.49
1355,2023-07-28,Europe,Germany,Air Purifier,Home,Consumer,5,134.16,0.2,536.64,284.69
1356,2023-07-28,Europe,France,Tablet Stand,Electronics,SMB,3,26.36,0,79.08,47.83
1357,2023-07-28,North America,USA,Wireless Headphones,Electronics,SMB,3,86.05,0.1,232.33,120.0
1358,2023-07-29,APAC,India,Rain Jacket,Apparel,Enterprise,4,92.08,0,368.32,200.64
1359,2023-07-29,Europe,Spain,Denim Jacket,Apparel,Enterprise,6,71.14,0.15,362.81,178.79
1360,2023-07-29,Europe,Germany,Denim Jacket,Apparel,Enterprise,4,69.53,0,278.12,147.53
1361,2023-07-29,APAC,Australia,Bluetooth Speaker,Electronics,Enterprise,2,60.19,0.1,108.34,61.38
1362,2023-07-29,LATAM,Mexico,Wireless Headphones,Electronics,SMB,5,87.81,0,439.05,232.76
1363,2023-07-29,APAC,Australia,Denim Jacket,Apparel,Consumer,1,66.11,0.2,52.89,25.86
1364,2023-07-29,Europe,France,Wireless Headphones,Electronics,Consumer,1,93.38,0,93.38,48.67
1365,2023-07-29,Europe,UK,Wireless Headphones,Electronics,SMB,1,85.02,0.15,72.27,45.95
1366,2023-07-29,APAC,Japan,Wireless Headphones,Electronics,SMB,1,90.54,0,90.54,57.51
1367,2023-07-30,APAC,Japan,Vacuum Cleaner,Home,Enterprise,2,227.33,0,454.66,246.51
1368,2023-07-30,APAC,Japan,LED Desk Lamp,Home,Enterprise,5,39.49,0,197.45,113.66
1369,2023-07-30,Europe,Spain,Bluetooth Speaker,Electronics,SMB,2,56.93,0.1,102.47,63.79
1370,2023-07-30,APAC,Australia,Wireless Headphones,Electronics,Enterprise,3,94.86,0.05,270.35,174.8
1371,2023-07-30,North America,Canada,Wireless Headphones,Electronics,SMB,1,87.5,0.05,83.12,52.71
1372,2023-07-31,North America,USA,Wool Sweater,Apparel,Consumer,1,85.16,0,85.16,41.76
1373,2023-07-31,APAC,Australia,Vacuum Cleaner,Home,Consumer,3,205.15,0,615.45,366.33
1374,2023-07-31,LATAM,Brazil,Standing Desk,Office,Consumer,1,428.81,0.05,407.37,222.09
1375,2023-07-31,APAC,Australia,Standing Desk,Office,SMB,2,396.75,0,793.5,460.43
1376,2023-07-31,Europe,France,Wireless Headphones,Electronics,SMB,3,84.61,0,253.83,118.58
1377,2023-07-31,APAC,India,Running Shoes,Apparel,Enterprise,2,83.06,0,166.12,88.33
1378,2023-07-31,North America,Canada,Bluetooth Speaker,Electronics,Enterprise,4,62.92,0,251.68,160.38
1379,2023-08-01,Europe,Germany,Vacuum Cleaner,Home,Consumer,4,214.63,0,858.52,495.12
1380,2023-08-01,Europe,UK,Running Shoes,Apparel,Consumer,1,78.38,0.2,62.7,35.56
1381,2023-08-01,Europe,France,Monitor Arm,Office,Enterprise,6,62.34,0,374.04,209.51
1382,2023-08-01,Europe,UK,Bluetooth Speaker,Electronics,Consumer,6,59.44,0.1,320.98,203.57
1383,2023-08-01,North America,Canada,Wireless Headphones,Electronics,Enterprise,7,95.21,0.1,599.82,299.61
1384,2023-08-01,APAC,Japan,Vacuum Cleaner,Home,SMB,1,224.27,0,224.27,109.3
1385,2023-08-01,Europe,Germany,Wireless Headphones,Electronics,Enterprise,3,93.9,0,281.7,126.77
1386,2023-08-01,APAC,Japan,Rain Jacket,Apparel,SMB,2,92.37,0.1,166.27,94.59
1387,2023-08-02,Europe,Spain,Tablet Stand,Electronics,SMB,6,25.03,0.1,135.16,80.41
1388,2023-08-02,APAC,Singapore,Air Purifier,Home,SMB,2,119.88,0,239.76,148.71
1389,2023-08-02,North America,Canada,Smart Watch,Electronics,Consumer,1,189.67,0.05,180.19,107.87
1390,2023-08-02,North America,USA,Tablet Stand,Electronics,Enterprise,2,23.39,0.05,44.44,24.47
1391,2023-08-02,North America,USA,Rain Jacket,Apparel,Enterprise,4,92.87,0.05,352.91,217.21
1392,2023-08-02,LATAM,Mexico,Denim Jacket,Apparel,SMB,1,66.09,0.15,56.18,29.28
1393,2023-08-02,North America,USA,Ceramic Cookware Set,Home,SMB,4,152.2,0.2,487.04,253.83
1394,2023-08-02,Europe,Spain,LED Desk Lamp,Home,Enterprise,3,36.77,0.15,93.76,56.0
1395,2023-08-02,Europe,UK,Ergonomic Chair,Office,Enterprise,5,266.25,0.15,1131.56,644.45
1396,2023-08-02,Europe,Spain,Denim Jacket,Apparel,Enterprise,5,64.04,0.15,272.17,132.07
1397,2023-08-02,North America,Canada,Wool Sweater,Apparel,Consumer,3,89.11,0,267.33,121.2
1398,2023-08-02,Europe,UK,Monitor Arm,Office,Enterprise,6,62.76,0,376.56,233.35
1399,2023-08-02,North America,Canada,Wool Sweater,Apparel,Consumer,2,83.23,0.2,133.17,85.27
1400,2023-08-03,North America,USA,Rain Jacket,Apparel,Consumer,3,95.08,0,285.24,169.16
1401,2023-08-03,North America,USA,LED Desk Lamp,Home,Enterprise,5,38.51,0,192.55,93.04
1402,2023-08-03,Europe,UK,Wool Sweater,Apparel,SMB,6,84.88,0,509.28,310.64
1403,2023-08-03,LATAM,Brazil,Bluetooth Speaker,Electronics,Consumer,1,59.35,0.15,50.45,32.17
1404,2023-08-03,LATAM,Brazil,Tablet Stand,Electronics,Consumer,2,25.36,0.05,48.18,29.02
1405,2023-08-03,Europe,France,Tablet Stand,Electronics,Consumer,4,23.36,0,93.44,59.07
1406,2023-08-03,APAC,India,Wireless Headphones,Electronics,Consumer,1,95.97,0,95.97,59.28
1407,2023-08-03,North America,Canada,Tablet Stand,Electronics,Enterprise,5,26.02,0.2,104.08,56.42
1408,2023-08-03,Europe,Germany,Wireless Headphones,Electronics,Consumer,4,91.19,0.2,291.81,140.56
1409,2023-08-04,North America,USA,Standing Desk,Office,Consumer,2,395.59,0.2,632.94,326.56
1410,2023-08-04,APAC,Japan,Notebook Set,Office,Consumer,2,15.94,0,31.88,19.82
1411,2023-08-04,Europe,France,LED Desk Lamp,Home,Consumer,4,35.93,0,143.72,87.36
1412,2023-08-04,North America,USA,Bluetooth Speaker,Electronics,Consumer,1,58.16,0.1,52.34,25.63
1413,2023-08-04,LATAM,Brazil,Denim Jacket,Apparel,Consumer,1,72.69,0.05,69.06,42.29
1414,2023-08-05,North America,Canada,Smart Watch,Electronics,Enterprise,9,207.51,0.2,1494.07,805.05
1415,2023-08-05,APAC,Singapore,Smart Watch,Electronics,Enterprise,4,197.71,0,790.84,399.52
1416,2023-08-05,Europe,Germany,Smart Watch,Electronics,Consumer,2,191.43,0.1,344.57,212.6
1417,2023-08-05,North America,USA,Bluetooth Speaker,Electronics,Consumer,2,60.68,0,121.36,57.9
1418,2023-08-05,APAC,Australia,Rain Jacket,Apparel,Enterprise,3,100.31,0,300.93,143.49
1419,2023-08-05,North America,USA,Running Shoes,Apparel,Enterprise,5,80.64,0,403.2,231.97
1420,2023-08-05,APAC,Australia,Ceramic Cookware Set,Home,SMB,1,146.86,0.15,124.83,77.74
1421,2023-08-05,Europe,Germany,Wireless Headphones,Electronics,SMB,2,87.56,0,175.12,95.73
1422,2023-08-05,North America,USA,Smart Watch,Electronics,SMB,7,186.24,0.2,1042.94,591.72
1423,2023-08-05,LATAM,Brazil,Denim Jacket,Apparel,Enterprise,1,72.7,0.1,65.43,33.36
1424,2023-08-06,North America,USA,Denim Jacket,Apparel,Enterprise,6,70.4,0.1,380.16,179.37
1425,2023-08-06,North America,Canada,Air Purifier,Home,Consumer,3,122.52,0,367.56,225.13
1426,2023-08-06,Europe,France,Tablet Stand,Electronics,Consumer,2,23.01,0,46.02,24.32
1427,2023-08-06,North America,USA,Ergonomic Chair,Office,Consumer,3,263.4,0.15,671.67,326.83
1428,2023-08-06,North America,USA,Bluetooth Speaker,Electronics,SMB,3,55.41,0,166.23,87.14
1429,2023-08-07,Europe,UK,Denim Jacket,Apparel,Enterprise,4,73.31,0.1,263.92,150.04
1430,2023-08-07,APAC,Australia,Smart Watch,Electronics,Consumer,1,193.67,0.15,164.62,102.19
1431,2023-08-07,APAC,Singapore,Smart Watch,Electronics,Enterprise,1,191.99,0.1,172.79,95.13
1432,2023-08-08,Europe,Spain,LED Desk Lamp,Home,Consumer,1,40.55,0,40.55,19.39
1433,2023-08-08,APAC,India,Smart Watch,Electronics,SMB,3,202.12,0.1,545.72,286.7
1434,2023-08-08,Europe,Spain,LED Desk Lamp,Home,SMB,1,40.0,0.05,38.0,22.04
1435,2023-08-08,Europe,Spain,LED Desk Lamp,Home,Enterprise,4,37.13,0.05,141.09,77.46
1436,2023-08-08,APAC,Australia,Bluetooth Speaker,Electronics,Enterprise,2,55.67,0.2,89.07,40.85
1437,2023-08-08,APAC,Australia,Rain Jacket,Apparel,Consumer,2,97.8,0.1,176.04,99.93
1438,2023-08-08,Europe,Germany,Rain Jacket,Apparel,Consumer,1,105.27,0.05,100.01,46.99
1439,2023-08-08,North America,Canada,Running Shoes,Apparel,Consumer,2,72.91,0.2,116.66,57.07
1440,2023-08-08,Europe,Germany,Smart Watch,Electronics,SMB,4,195.34,0,781.36,429.23
1441,2023-08-08,LATAM,Mexico,Bluetooth Speaker,Electronics,SMB,1,59.52,0.05,56.54,29.27
1442,2023-08-08,LATAM,Mexico,Tablet Stand,Electronics,SMB,4,23.54,0.05,89.45,46.54
1443,2023-08-08,North America,USA,Running Shoes,Apparel,SMB,3,79.16,0,237.48,121.94
1444,2023-08-09,APAC,Japan,Bluetooth Speaker,Electronics,Enterprise,5,57.2,0.05,271.7,171.19
1445,2023-08-09,Europe,Spain,Notebook Set,Office,SMB,1,15.27,0,15.27,9.67
1446,2023-08-09,North America,USA,Ceramic Cookware Set,Home,SMB,5,141.49,0,707.45,377.49
1447,2023-08-09,North America,USA,Wireless Headphones,Electronics,SMB,7,88.58,0.1,558.05,318.59
1448,2023-08-09,APAC,Australia,Tablet Stand,Electronics,Consumer,4,23.22,0,92.88,57.65
1449,2023-08-10,LATAM,Mexico,Tablet Stand,Electronics,SMB,2,23.73,0.15,40.34,22.27
1450,2023-08-10,LATAM,Mexico,Air Purifier,Home,SMB,4,138.06,0,552.24,290.7
1451,2023-08-10,North America,Canada,Standing Desk,Office,SMB,4,405.42,0,1621.68,949.78
1452,2023-08-10,APAC,India,Wool Sweater,Apparel,Enterprise,3,95.17,0.1,256.96,154.15
1453,2023-08-10,APAC,Japan,Bluetooth Speaker,Electronics,SMB,4,61.5,0.1,221.4,142.45
1454,2023-08-10,Europe,France,Rain Jacket,Apparel,SMB,1,99.25,0.2,79.4,51.34
1455,2023-08-10,North America,USA,Running Shoes,Apparel,Enterprise,7,73.33,0,513.31,231.35
1456,2023-08-10,North America,USA,Air Purifier,Home,SMB,5,128.0,0.2,512.0,265.14
1457,2023-08-10,Europe,UK,LED Desk Lamp,Home,Enterprise,5,39.86,0.05,189.34,88.5
1458,2023-08-10,Europe,Spain,Running Shoes,Apparel,SMB,4,81.76,0,327.04,152.05
1459,2023-08-10,APAC,India,Vacuum Cleaner,Home,Enterprise,4,208.68,0.1,751.25,423.97
1460,2023-08-10,Europe,Germany,LED Desk Lamp,Home,SMB,1,41.25,0.05,39.19,20.63
1461,2023-08-11,North America,USA,Vacuum Cleaner,Home,SMB,1,210.16,0.15,178.64,83.4
1462,2023-08-11,North America,USA,Denim Jacket,Apparel,Enterprise,5,68.8,0,344.0,178.78
1463,2023-08-11,APAC,Japan,Bluetooth Speaker,Electronics,Enterprise,2,58.59,0.1,105.46,58.27
1464,2023-08-11,North America,USA,Rain Jacket,Apparel,Consumer,3,91.35,0.15,232.94,107.8
1465,2023-08-11,North America,Canada,Rain Jacket,Apparel,SMB,4,95.59,0.05,363.24,184.5
1466,2023-08-11,North America,USA,Wireless Headphones,Electronics,Consumer,4,96.07,0.1,345.85,183.49
1467,2023-08-11,Europe,France,Wireless Headphones,Electronics,SMB,5,94.9,0,474.5,297.51
1468,2023-08-11,APAC,Japan,Tablet Stand,Electronics,SMB,1,24.23,0.15,20.6,10.28
1469,2023-08-12,North America,USA,Denim Jacket,Apparel,SMB,3,64.68,0.15,164.93,102.17
1470,2023-08-12,APAC,India,Bluetooth Speaker,Electronics,Enterprise,2,59.64,0.2,95.42,59.52
1471,2023-08-12,North America,Canada,Bluetooth Speaker,Electronics,Consumer,2,63.66,0.05,120.95,60.22
1472,2023-08-12,North America,USA,Wool Sweater,Apparel,SMB,3,94.77,0,284.31,135.16
1473,2023-08-12,Europe,Germany,Ceramic Cookware Set,Home,SMB,6,154.42,0.15,787.54,502.78
1474,2023-08-12,APAC,India,Bluetooth Speaker,Electronics,Enterprise,2,56.85,0,113.7,72.26
1475,2023-08-12,Europe,UK,Denim Jacket,Apparel,Consumer,1,70.59,0,70.59,39.42
1476,2023-08-13,North America,USA,Bluetooth Speaker,Electronics,Enterprise,7,62.19,0.05,413.56,232.12
1477,2023-08-13,North America,Canada,Tablet Stand,Electronics,Enterprise,5,24.34,0,121.7,66.96
1478,2023-08-13,Europe,Germany,Wireless Headphones,Electronics,SMB,2,90.53,0.2,144.85,77.43
1479,2023-08-13,North America,Canada,Smart Watch,Electronics,Enterprise,7,205.06,0.1,1291.88,586.6
1480,2023-08-13,North America,Canada,Smart Watch,Electronics,Enterprise,4,187.85,0.05,713.83,368.38
1481,2023-08-13,APAC,Singapore,Bluetooth Speaker,Electronics,Consumer,1,57.13,0,57.13,30.46
1482,2023-08-14,North America,Canada,Wool Sweater,Apparel,Consumer,2,86.42,0.1,155.56,85.67
1483,2023-08-14,APAC,Japan,Bluetooth Speaker,Electronics,Consumer,3,61.28,0,183.84,114.42
1484,2023-08-14,North America,USA,Running Shoes,Apparel,Enterprise,7,80.69,0,564.83,255.27
1485,2023-08-14,APAC,India,Wool Sweater,Apparel,SMB,3,93.18,0.1,251.59,133.68
1486,2023-08-14,APAC,Japan,Running Shoes,Apparel,Enterprise,4,76.3,0,305.2,173.41
1487,2023-08-14,Europe,UK,Denim Jacket,Apparel,SMB,3,73.48,0,220.44,106.58
1488,2023-08-14,Europe,France,Wireless Headphones,Electronics,Enterprise,4,93.35,0.1,336.06,155.87
1489,2023-08-14,North America,USA,Smart Watch,Electronics,SMB,5,208.48,0.05,990.28,602.41
1490,2023-08-14,Europe,Spain,Monitor Arm,Office,Consumer,3,56.29,0,168.87,102.29
1491,2023-08-14,Europe,Spain,Bluetooth Speaker,Electronics,Consumer,1,56.84,0.2,45.47,24.77
1492,2023-08-14,LATAM,Brazil,LED Desk Lamp,Home,Enterprise,2,37.81,0.05,71.84,36.82
1493,2023-08-15,APAC,Japan,Wireless Headphones,Electronics,SMB,1,93.83,0,93.83,48.91
1494,2023-08-15,North America,USA,Running Shoes,Apparel,Consumer,1,76.77,0,76.77,39.46
1495,2023-08-15,North America,Canada,Running Shoes,Apparel,SMB,5,79.51,0,397.55,191.42
1496,2023-08-15,Europe,Spain,Rain Jacket,Apparel,Consumer,2,101.21,0.1,182.18,92.11
1497,2023-08-15,North America,Canada,Tablet Stand,Electronics,Enterprise,5,23.91,0,119.55,67.27
1498,2023-08-16,LATAM,Mexico,Smart Watch,Electronics,Enterprise,1,204.1,0.05,193.89,99.98
1499,2023-08-16,APAC,India,Running Shoes,Apparel,SMB,2,75.95,0.2,121.52,56.51
1500,2023-08-16,North America,USA,Bluetooth Speaker,Electronics,SMB,4,61.9,0,247.6,137.61
1501,2023-08-16,Europe,UK,Wireless Headphones,Electronics,SMB,2,87.45,0,174.9,79.6
1502,2023-08-16,North America,Canada,Running Shoes,Apparel,Enterprise,6,84.6,0.05,482.22,227.27
1503,2023-08-16,LATAM,Brazil,Ceramic Cookware Set,Home,Consumer,1,147.32,0,147.32,69.51
1504,2023-08-16,Europe,UK,Ceramic Cookware Set,Home,Consumer,4,140.16,0.2,448.51,278.2
1505,2023-08-16,Europe,Germany,Bluetooth Speaker,Electronics,Enterprise,3,62.63,0.1,169.1,88.63
1506,2023-08-16,North America,Canada,Ceramic Cookware Set,Home,Enterprise,7,140.98,0.05,937.52,479.24
1507,2023-08-16,APAC,Singapore,Running Shoes,Apparel,Enterprise,5,72.99,0.2,291.96,169.34
1508,2023-08-16,LATAM,Mexico,Denim Jacket,Apparel,Enterprise,4,69.89,0.2,223.65,102.46
1509,2023-08-16,North America,USA,Wool Sweater,Apparel,SMB,5,90.06,0.1,405.27,202.07
1510,2023-08-17,North America,USA,Smart Watch,Electronics,Consumer,1,186.78,0,186.78,88.81
1511,2023-08-17,North America,Canada,Air Purifier,Home,SMB,2,128.44,0.05,244.04,141.07
1512,2023-08-17,North America,Canada,Air Purifier,Home,Enterprise,4,122.01,0.05,463.64,271.18
1513,2023-08-17,APAC,Australia,Wireless Headphones,Electronics,Consumer,1,94.62,0,94.62,50.74
1514,2023-08-17,North America,Canada,Rain Jacket,Apparel,SMB,5,95.02,0.15,403.83,242.55
1515,2023-08-17,Europe,UK,Ceramic Cookware Set,Home,SMB,6,148.82,0,892.92,542.8
1516,2023-08-17,North America,Canada,Standing Desk,Office,Consumer,4,402.47,0,1609.88,968.63
1517,2023-08-18,LATAM,Mexico,Wool Sweater,Apparel,Consumer,3,90.49,0,271.47,160.52
1518,2023-08-18,Europe,Germany,Vacuum Cleaner,Home,SMB,1,207.48,0.1,186.73,100.78
1519,2023-08-18,APAC,Singapore,Rain Jacket,Apparel,Enterprise,6,103.17,0.1,557.12,273.22
1520,2023-08-18,Europe,UK,Notebook Set,Office,Enterprise,5,15.97,0,79.85,45.67
1521,2023-08-18,North America,USA,Smart Watch,Electronics,SMB,7,188.82,0,1321.74,809.88
1522,2023-08-18,LATAM,Brazil,Smart Watch,Electronics,SMB,28,190.17,0,5324.76,2946.05
1523,2023-08-18,North America,Canada,Denim Jacket,Apparel,Enterprise,3,73.77,0,221.31,101.2
1524,2023-08-18,North America,USA,Bluetooth Speaker,Electronics,Enterprise,3,60.77,0.15,154.96,98.0
1525,2023-08-18,North America,Canada,Bluetooth Speaker,Electronics,Consumer,1,59.02,0.15,50.17,30.57
1526,2023-08-19,North America,USA,Wireless Headphones,Electronics,SMB,4,91.4,0,365.6,166.95
1527,2023-08-19,Europe,France,Wireless Headphones,Electronics,Enterprise,4,91.31,0,365.24,177.26
1528,2023-08-19,North America,USA,Wool Sweater,Apparel,Enterprise,4,83.76,0.15,284.78,154.64
1529,2023-08-19,Europe,UK,Wool Sweater,Apparel,Consumer,1,95.15,0,95.15,58.68
1530,2023-08-19,Europe,Germany,Smart Watch,Electronics,Enterprise,5,184.95,0.15,786.04,496.1
1531,2023-08-19,Europe,Germany,Running Shoes,Apparel,Consumer,1,75.15,0,75.15,37.74
1532,2023-08-19,Europe,Spain,Smart Watch,Electronics,SMB,2,212.67,0.1,382.81,233.07
1533,2023-08-19,Europe,UK,Vacuum Cleaner,Home,SMB,5,232.01,0,1160.05,581.78
1534,2023-08-20,LATAM,Mexico,Notebook Set,Office,SMB,2,14.03,0,28.06,14.95
1535,2023-08-20,Europe,Spain,Denim Jacket,Apparel,SMB,3,73.92,0,221.76,131.04
1536,2023-08-20,North America,Canada,Ergonomic Chair,Office,Enterprise,6,239.75,0.2,1150.8,591.62
1537,2023-08-20,LATAM,Brazil,Ceramic Cookware Set,Home,Consumer,1,159.68,0,159.68,89.11
1538,2023-08-20,North America,USA,Bluetooth Speaker,Electronics,SMB,4,57.13,0.1,205.67,105.93
1539,2023-08-20,North America,Canada,Rain Jacket,Apparel,SMB,4,92.66,0,370.64,208.42
1540,2023-08-20,Europe,UK,Wireless Headphones,Electronics,Enterprise,4,92.73,0,370.92,175.31
1541,2023-08-21,Europe,Spain,Monitor Arm,Office,SMB,4,59.76,0.15,203.18,123.94
1542,2023-08-21,LATAM,Brazil,Ergonomic Chair,Office,Enterprise,2,257.88,0.1,464.18,242.89
1543,2023-08-21,Europe,UK,Smart Watch,Electronics,Enterprise,4,195.81,0.05,744.08,389.61
1544,2023-08-21,Europe,UK,Monitor Arm,Office,SMB,1,55.73,0.2,44.58,28.31
1545,2023-08-21,North America,Canada,Bluetooth Speaker,Electronics,SMB,4,60.64,0.2,194.05,92.54
1546,2023-08-21,LATAM,Brazil,Denim Jacket,Apparel,Consumer,1,73.85,0.2,59.08,36.52
1547,2023-08-21,APAC,Singapore,Bluetooth Speaker,Electronics,Consumer,1,62.25,0,62.25,39.51
1548,2023-08-22,APAC,Singapore,Tablet Stand,Electronics,Consumer,1,24.85,0.2,19.88,9.29
1549,2023-08-22,North America,USA,Vacuum Cleaner,Home,Consumer,2,203.31,0.2,325.3,170.93
1550,2023-08-22,APAC,India,Ergonomic Chair,Office,Consumer,1,263.24,0,263.24,146.91
1551,2023-08-22,LATAM,Brazil,Rain Jacket,Apparel,SMB,1,104.49,0,104.49,53.29
1552,2023-08-22,APAC,Singapore,Denim Jacket,Apparel,SMB,3,74.07,0.05,211.1,135.72
1553,2023-08-23,LATAM,Mexico,Ceramic Cookware Set,Home,SMB,1,141.84,0.05,134.75,65.35
1554,2023-08-23,North America,Canada,Wireless Headphones,Electronics,SMB,3,88.63,0,265.89,146.99
1555,2023-08-23,LATAM,Brazil,Bluetooth Speaker,Electronics,Enterprise,4,61.18,0.15,208.01,129.39
1556,2023-08-23,North America,USA,Rain Jacket,Apparel,Consumer,3,104.76,0.1,282.85,159.75
1557,2023-08-23,LATAM,Mexico,Air Purifier,Home,Consumer,2,122.9,0,245.8,124.14
1558,2023-08-23,North America,USA,Rain Jacket,Apparel,Enterprise,3,94.13,0.05,268.27,161.7
1559,2023-08-23,Europe,Germany,Wool Sweater,Apparel,Enterprise,2,86.03,0.05,163.46,100.49
1560,2023-08-23,North America,Canada,Wireless Headphones,Electronics,SMB,3,95.52,0.1,257.9,156.23
1561,2023-08-23,North America,USA,Standing Desk,Office,SMB,5,396.15,0.1,1782.67,1045.4
1562,2023-08-24,North America,Canada,Air Purifier,Home,Consumer,2,121.22,0.05,230.32,139.73
1563,2023-08-24,North America,USA,Vacuum Cleaner,Home,SMB,3,221.83,0.15,565.67,308.55
1564,2023-08-24,APAC,Japan,Standing Desk,Office,Enterprise,5,417.36,0.05,1982.46,1142.15
1565,2023-08-24,North America,Canada,Wool Sweater,Apparel,Consumer,1,92.96,0,92.96,48.19
1566,2023-08-24,APAC,Australia,Vacuum Cleaner,Home,Consumer,2,225.24,0.15,382.91,228.77
1567,2023-08-24,North America,Canada,Tablet Stand,Electronics,SMB,1,24.06,0,24.06,13.99
1568,2023-08-25,LATAM,Brazil,Smart Watch,Electronics,SMB,1,184.69,0.15,156.99,77.87
1569,2023-08-25,North America,Canada,Bluetooth Speaker,Electronics,Consumer,3,60.97,0.1,164.62,94.77
1570,2023-08-25,APAC,Australia,Denim Jacket,Apparel,SMB,1,72.67,0.1,65.4,30.1
1571,2023-08-25,North America,USA,Ceramic Cookware Set,Home,Consumer,1,140.88,0.2,112.7,62.43
1572,2023-08-25,APAC,India,Ceramic Cookware Set,Home,Consumer,1,157.84,0.05,149.95,77.4
1573,2023-08-25,North America,USA,Wool Sweater,Apparel,Enterprise,5,83.8,0.2,335.2,176.06
1574,2023-08-25,APAC,Japan,Ceramic Cookware Set,Home,Enterprise,3,150.12,0,450.36,245.35
1575,2023-08-25,North America,USA,Monitor Arm,Office,SMB,5,59.97,0,299.85,158.3
1576,2023-08-25,APAC,Australia,LED Desk Lamp,Home,SMB,1,37.01,0,37.01,19.57
1577,2023-08-25,North America,USA,Rain Jacket,Apparel,Enterprise,6,106.54,0,639.24,387.22
1578,2023-08-26,Europe,Germany,Wool Sweater,Apparel,Enterprise,4,89.87,0,359.48,223.94
1579,2023-08-26,Europe,UK,Rain Jacket,Apparel,Enterprise,3,95.83,0.1,258.74,127.32
1580,2023-08-26,Europe,Spain,Ergonomic Chair,Office,SMB,12,247.03,0.1,2667.92,1517.67
1581,2023-08-26,APAC,Australia,LED Desk Lamp,Home,SMB,1,36.95,0.2,29.56,14.26
1582,2023-08-26,Europe,Spain,Vacuum Cleaner,Home,SMB,4,224.86,0,899.44,509.58
1583,2023-08-26,Europe,UK,Monitor Arm,Office,SMB,3,61.72,0,185.16,99.87
1584,2023-08-26,LATAM,Brazil,Bluetooth Speaker,Electronics,Consumer,2,59.71,0.2,95.54,48.46
1585,2023-08-26,North America,Canada,Running Shoes,Apparel,Consumer,5,78.6,0.2,314.4,186.43
1586,2023-08-26,Europe,Germany,Ergonomic Chair,Office,Consumer,1,267.49,0,267.49,141.14
1587,2023-08-26,APAC,Singapore,LED Desk Lamp,Home,SMB,3,37.01,0,111.03,68.6
1588,2023-08-27,North America,USA,Wireless Headphones,Electronics,Consumer,1,85.81,0.05,81.52,43.54
1589,2023-08-27,Europe,Germany,Ceramic Cookware Set,Home,SMB,4,140.84,0,563.36,334.41
1590,2023-08-27,Europe,UK,LED Desk Lamp,Home,Enterprise,4,40.67,0.1,146.41,78.55
1591,2023-08-28,Europe,UK,Ceramic Cookware Set,Home,Enterprise,5,156.67,0,783.35,367.57
1592,2023-08-28,Europe,UK,Running Shoes,Apparel,Consumer,3,76.98,0.2,184.75,84.33
1593,2023-08-28,APAC,Japan,Denim Jacket,Apparel,Enterprise,3,65.68,0.15,167.48,108.14
1594,2023-08-28,APAC,India,Vacuum Cleaner,Home,SMB,1,227.26,0.1,204.53,97.3
1595,2023-08-29,North America,Canada,Ceramic Cookware Set,Home,Enterprise,4,139.1,0.2,445.12,207.78
1596,2023-08-29,North America,USA,Vacuum Cleaner,Home,Consumer,2,233.75,0,467.5,295.59
1597,2023-08-29,North America,Canada,Wireless Headphones,Electronics,Enterprise,4,93.6,0.05,355.68,165.13
1598,2023-08-29,LATAM,Mexico,Tablet Stand,Electronics,Enterprise,2,24.59,0.05,46.72,21.3
1599,2023-08-29,LATAM,Brazil,Vacuum Cleaner,Home,SMB,1,207.2,0,207.2,124.6
1600,2023-08-29,LATAM,Brazil,Smart Watch,Electronics,Consumer,3,187.55,0.05,534.52,345.27
1601,2023-08-29,Europe,France,Denim Jacket,Apparel,Consumer,2,67.48,0,134.96,83.03
1602,2023-08-29,North America,Canada,Air Purifier,Home,Consumer,4,125.63,0,502.52,261.07
1603,2023-08-29,North America,USA,Tablet Stand,Electronics,Enterprise,8,23.43,0,187.44,109.51
1604,2023-08-29,APAC,Singapore,Ergonomic Chair,Office,SMB,2,261.6,0.1,470.88,250.99
1605,2023-08-30,Europe,UK,Denim Jacket,Apparel,Enterprise,2,73.74,0,147.48,89.75
1606,2023-08-30,North America,USA,Bluetooth Speaker,Electronics,Enterprise,6,56.18,0.2,269.66,164.64
1607,2023-08-30,LATAM,Mexico,Bluetooth Speaker,Electronics,SMB,3,57.41,0.15,146.4,67.41
1608,2023-08-31,LATAM,Mexico,Rain Jacket,Apparel,Consumer,1,92.06,0,92.06,43.53
1609,2023-08-31,Europe,France,Smart Watch,Electronics,SMB,2,197.99,0,395.98,245.51
1610,2023-08-31,APAC,India,Air Purifier,Home,Consumer,1,123.42,0,123.42,60.44
1611,2023-08-31,North America,Canada,Rain Jacket,Apparel,Enterprise,2,97.02,0,194.04,118.54
1612,2023-08-31,Europe,UK,Denim Jacket,Apparel,SMB,2,68.72,0.2,109.95,69.82
1613,2023-08-31,North America,USA,Vacuum Cleaner,Home,SMB,5,207.09,0.1,931.91,474.83
1614,2023-09-01,North America,USA,Air Purifier,Home,SMB,4,124.65,0,498.6,255.72
1615,2023-09-01,North America,USA,Rain Jacket,Apparel,SMB,2,102.92,0,205.84,107.54
1616,2023-09-01,North America,USA,Monitor Arm,Office,SMB,5,62.21,0,311.05,166.19
1617,2023-09-01,APAC,Australia,Running Shoes,Apparel,SMB,4,79.03,0,316.12,179.81
1618,2023-09-01,LATAM,Mexico,Wool Sweater,Apparel,Enterprise,1,92.58,0.15,78.69,48.18
1619,2023-09-02,North America,USA,Notebook Set,Office,SMB,5,15.91,0,79.55,43.68
1620,2023-09-02,Europe,Germany,Bluetooth Speaker,Electronics,SMB,5,60.85,0,304.25,189.46
1621,2023-09-02,APAC,Japan,Monitor Arm,Office,SMB,3,54.54,0,163.62,90.16
1622,2023-09-02,North America,Canada,Bluetooth Speaker,Electronics,SMB,5,56.17,0.1,252.77,118.86
1623,2023-09-02,North America,USA,Tablet Stand,Electronics,SMB,4,25.39,0.15,86.33,40.84
1624,2023-09-02,Europe,UK,Bluetooth Speaker,Electronics,SMB,4,58.58,0,234.32,143.79
1625,2023-09-02,North America,USA,LED Desk Lamp,Home,Consumer,2,37.28,0.15,63.38,29.65
1626,2023-09-02,APAC,Australia,LED Desk Lamp,Home,Consumer,2,37.12,0.1,66.82,35.59
1627,2023-09-02,LATAM,Mexico,Running Shoes,Apparel,Consumer,1,83.07,0.15,70.61,41.63
1628,2023-09-03,Europe,France,Notebook Set,Office,Consumer,3,13.96,0,41.88,26.24
1629,2023-09-03,North America,Canada,Air Purifier,Home,Consumer,3,133.24,0.15,339.76,210.5
1630,2023-09-03,APAC,Australia,Ergonomic Chair,Office,Enterprise,1,232.87,0.15,197.94,126.71
1631,2023-09-03,Europe,Germany,Wool Sweater,Apparel,Enterprise,4,92.22,0.15,313.55,150.73
1632,2023-09-03,North America,Canada,Wool Sweater,Apparel,SMB,5,84.54,0,422.7,240.24
1633,2023-09-03,North America,Canada,Tablet Stand,Electronics,Consumer,5,23.28,0,116.4,60.36
1634,2023-09-04,North America,USA,Wireless Headphones,Electronics,Enterprise,3,95.11,0.05,271.06,163.52
1635,2023-09-04,LATAM,Brazil,Vacuum Cleaner,Home,Enterprise,4,212.5,0,850.0,383.94
1636,2023-09-04,North America,Canada,Monitor Arm,Office,Consumer,1,57.98,0.05,55.08,33.08
1637,2023-09-04,APAC,Australia,Air Purifier,Home,Enterprise,5,124.1,0,620.5,288.54
1638,2023-09-04,LATAM,Mexico,Vacuum Cleaner,Home,Consumer,3,232.11,0,696.33,389.8
1639,2023-09-04,North America,USA,Running Shoes,Apparel,Enterprise,8,83.24,0,665.92,422.83
1640,2023-09-04,APAC,Japan,Tablet Stand,Electronics,Enterprise,4,24.98,0.1,89.93,56.5
1641,2023-09-05,APAC,Australia,Rain Jacket,Apparel,Enterprise,2,101.89,0,203.78,114.75
1642,2023-09-05,North America,USA,Notebook Set,Office,Consumer,1,14.83,0,14.83,7.75
1643,2023-09-05,North America,USA,Ceramic Cookware Set,Home,Consumer,1,154.91,0.1,139.42,73.85
1644,2023-09-05,North America,Canada,Tablet Stand,Electronics,SMB,2,24.47,0.2,39.15,19.78
1645,2023-09-05,Europe,Spain,Smart Watch,Electronics,Enterprise,2,199.72,0,399.44,228.0
1646,2023-09-05,North America,Canada,Standing Desk,Office,Consumer,2,417.6,0.1,751.68,434.66
1647,2023-09-05,APAC,Singapore,Vacuum Cleaner,Home,Consumer,2,201.97,0.05,383.74,222.11
1648,2023-09-05,Europe,Germany,Monitor Arm,Office,Consumer,1,60.66,0.2,48.53,25.44
1649,2023-09-06,APAC,India,Running Shoes,Apparel,Enterprise,3,77.91,0,233.73,121.46
1650,2023-09-06,North America,Canada,LED Desk Lamp,Home,Enterprise,5,38.07,0,190.35,122.33
1651,2023-09-06,Europe,UK,Tablet Stand,Electronics,Consumer,4,24.42,0.2,78.14,47.27
1652,2023-09-06,APAC,Singapore,Ceramic Cookware Set,Home,Consumer,1,151.9,0.15,129.12,73.27
1653,2023-09-06,APAC,Australia,Air Purifier,Home,Enterprise,3,131.73,0,395.19,236.8
1654,2023-09-06,APAC,India,Wireless Headphones,Electronics,Consumer,1,95.39,0,95.39,46.73
1655,2023-09-06,Europe,Spain,Running Shoes,Apparel,Enterprise,3,80.44,0.2,193.06,89.88
1656,2023-09-07,North America,USA,Wireless Headphones,Electronics,Enterprise,3,88.05,0.1,237.73,126.59
1657,2023-09-07,North America,USA,Ergonomic Chair,Office,Enterprise,3,235.81,0,707.43,447.3
1658,2023-09-07,APAC,Japan,Tablet Stand,Electronics,Consumer,1,23.26,0,23.26,14.24
1659,2023-09-07,Europe,Germany,Bluetooth Speaker,Electronics,SMB,3,55.12,0,165.36,90.07
1660,2023-09-08,Europe,France,Running Shoes,Apparel,Enterprise,8,73.09,0,584.72,310.04
1661,2023-09-08,APAC,Japan,Wool Sweater,Apparel,Enterprise,1,90.63,0,90.63,57.46
1662,2023-09-08,APAC,Singapore,Rain Jacket,Apparel,Consumer,1,102.15,0.15,86.83,40.9
1663,2023-09-08,Europe,UK,Monitor Arm,Office,Consumer,1,54.89,0.05,52.15,26.0
1664,2023-09-08,Europe,Spain,Bluetooth Speaker,Electronics,Enterprise,5,56.34,0,281.7,142.58
1665,2023-09-08,Europe,Germany,Ceramic Cookware Set,Home,Enterprise,3,148.37,0.05,422.85,221.02
1666,2023-09-08,APAC,Japan,Wireless Headphones,Electronics,SMB,3,91.98,0.2,220.75,125.43
1667,2023-09-08,North America,USA,Ergonomic Chair,Office,SMB,2,261.44,0,522.88,263.18
1668,2023-09-08,LATAM,Brazil,Wireless Headphones,Electronics,Consumer,1,93.87,0,93.87,54.72
1669,2023-09-09,LATAM,Brazil,Bluetooth Speaker,Electronics,SMB,1,57.44,0.2,45.95,26.72
1670,2023-09-09,North America,Canada,Ergonomic Chair,Office,Consumer,4,264.34,0,1057.36,673.77
1671,2023-09-09,APAC,Australia,Wireless Headphones,Electronics,Enterprise,3,88.44,0.2,212.26,116.32
1672,2023-09-09,North America,Canada,Bluetooth Speaker,Electronics,SMB,1,61.12,0.05,58.06,26.72
1673,2023-09-09,North America,USA,Bluetooth Speaker,Electronics,Consumer,3,55.16,0.1,148.93,73.64
1674,2023-09-09,North America,Canada,Wool Sweater,Apparel,Enterprise,5,82.75,0,413.75,252.17
1675,2023-09-09,North America,Canada,Rain Jacket,Apparel,Enterprise,4,97.85,0,391.4,195.39
1676,2023-09-09,North America,USA,Standing Desk,Office,Consumer,4,394.52,0,1578.08,909.38
1677,2023-09-09,APAC,Japan,Denim Jacket,Apparel,Consumer,3,69.4,0,208.2,130.82
1678,2023-09-09,APAC,Singapore,Notebook Set,Office,Consumer,6,16.05,0,96.3,46.5
1679,2023-09-09,LATAM,Mexico,Wireless Headphones,Electronics,Consumer,3,90.33,0.2,216.79,112.87
1680,2023-09-09,Europe,Germany,Wireless Headphones,Electronics,SMB,1,83.81,0,83.81,46.87
1681,2023-09-09,Europe,Germany,Rain Jacket,Apparel,SMB,4,99.22,0,396.88,179.17
1682,2023-09-09,Europe,France,Smart Watch,Electronics,Consumer,2,213.65,0.15,363.2,215.25
1683,2023-09-09,LATAM,Brazil,Wool Sweater,Apparel,Enterprise,1,88.37,0,88.37,47.12
1684,2023-09-10,APAC,Singapore,Rain Jacket,Apparel,SMB,2,99.4,0.15,168.98,102.64
1685,2023-09-10,APAC,India,Denim Jacket,Apparel,Consumer,2,71.13,0.2,113.81,61.29
1686,2023-09-10,North America,USA,Wool Sweater,Apparel,Consumer,2,88.53,0,177.06,84.31
1687,2023-09-11,North America,USA,Air Purifier,Home,Enterprise,4,137.37,0.2,439.58,226.86
1688,2023-09-11,North America,USA,Tablet Stand,Electronics,Consumer,1,25.8,0.2,20.64,10.81
1689,2023-09-11,North America,Canada,Wool Sweater,Apparel,SMB,3,90.42,0.05,257.7,155.35
1690,2023-09-11,North America,USA,Running Shoes,Apparel,SMB,3,82.01,0.2,196.82,122.57
1691,2023-09-11,Europe,Germany,Ceramic Cookware Set,Home,SMB,3,148.89,0,446.67,225.51
1692,2023-09-11,North America,Canada,Wool Sweater,Apparel,Enterprise,5,87.11,0,435.55,274.18
1693,2023-09-11,Europe,UK,Standing Desk,Office,SMB,4,377.98,0,1511.92,846.96
1694,2023-09-11,Europe,UK,Running Shoes,Apparel,Consumer,2,75.88,0.15,129.0,71.37
1695,2023-09-11,APAC,Japan,Air Purifier,Home,SMB,2,128.48,0.2,205.57,127.35
1696,2023-09-12,LATAM,Mexico,LED Desk Lamp,Home,Enterprise,3,39.64,0.15,101.08,55.84
1697,2023-09-12,North America,Canada,Ergonomic Chair,Office,Enterprise,6,254.76,0.15,1299.28,724.05
1698,2023-09-12,Europe,Spain,LED Desk Lamp,Home,Enterprise,2,37.89,0.15,64.41,33.62
1699,2023-09-12,LATAM,Mexico,Rain Jacket,Apparel,Enterprise,1,105.51,0,105.51,60.27
1700,2023-09-12,North America,USA,Tablet Stand,Electronics,Consumer,5,26.47,0.15,112.5,57.22
1701,2023-09-12,North America,Canada,LED Desk Lamp,Home,Consumer,4,39.59,0.1,142.52,80.34
1702,2023-09-12,Europe,UK,Vacuum Cleaner,Home,Consumer,24,222.86,0.15,4546.34,2211.08
1703,2023-09-12,Europe,Spain,Smart Watch,Electronics,Consumer,1,187.07,0.05,177.72,112.53
1704,2023-09-12,LATAM,Mexico,LED Desk Lamp,Home,SMB,1,41.48,0.2,33.18,17.05
1705,2023-09-12,North America,Canada,Tablet Stand,Electronics,SMB,5,23.58,0.2,94.32,52.57
1706,2023-09-12,Europe,Germany,Vacuum Cleaner,Home,SMB,3,229.97,0.05,655.41,321.98
1707,2023-09-12,Europe,UK,Running Shoes,Apparel,SMB,4,76.16,0,304.64,143.01
1708,2023-09-12,Europe,Germany,Wireless Headphones,Electronics,Consumer,3,95.05,0.05,270.89,157.9
1709,2023-09-12,North America,Canada,Smart Watch,Electronics,Consumer,1,186.12,0,186.12,117.36
1710,2023-09-12,APAC,Singapore,Denim Jacket,Apparel,Consumer,1,66.69,0,66.69,30.33
1711,2023-09-13,North America,USA,Running Shoes,Apparel,Enterprise,4,78.14,0,312.56,177.69
1712,2023-09-13,Europe,Spain,LED Desk Lamp,Home,Enterprise,4,38.96,0.05,148.05,75.84
1713,2023-09-13,Europe,Germany,Wireless Headphones,Electronics,SMB,4,89.42,0.05,339.8,193.86
1714,2023-09-13,APAC,Japan,Ergonomic Chair,Office,Consumer,2,260.12,0,520.24,330.16
1715,2023-09-13,APAC,India,Air Purifier,Home,Consumer,1,125.48,0,125.48,77.58
1716,2023-09-14,Europe,UK,Air Purifier,Home,Consumer,2,129.33,0,258.66,131.14
1717,2023-09-14,LATAM,Mexico,Bluetooth Speaker,Electronics,SMB,4,55.16,0.15,187.54,90.72
1718,2023-09-14,North America,USA,Wireless Headphones,Electronics,Consumer,2,84.43,0.1,151.97,89.03
1719,2023-09-14,APAC,Japan,Running Shoes,Apparel,SMB,1,79.38,0.2,63.5,30.35
1720,2023-09-14,North America,USA,Wool Sweater,Apparel,Enterprise,5,92.13,0,460.65,230.01
1721,2023-09-15,North America,Canada,Standing Desk,Office,Enterprise,5,387.36,0,1936.8,929.8
1722,2023-09-15,LATAM,Mexico,Tablet Stand,Electronics,Enterprise,3,24.16,0.2,57.98,26.58
1723,2023-09-15,North America,USA,Air Purifier,Home,Consumer,2,119.23,0.15,202.69,123.34
1724,2023-09-15,LATAM,Mexico,Denim Jacket,Apparel,Consumer,1,65.23,0,65.23,33.44
1725,2023-09-15,Europe,France,Bluetooth Speaker,Electronics,SMB,3,56.82,0.15,144.89,79.04
1726,2023-09-16,North America,USA,Smart Watch,Electronics,Consumer,3,208.7,0,626.1,342.16
1727,2023-09-16,Europe,France,Monitor Arm,Office,Enterprise,6,60.41,0.05,344.34,159.46
1728,2023-09-16,North America,Canada,Vacuum Cleaner,Home,Consumer,4,226.69,0,906.76,445.81
1729,2023-09-16,Europe,Spain,Tablet Stand,Electronics,Consumer,2,24.44,0,48.88,26.86
1730,2023-09-16,LATAM,Brazil,Vacuum Cleaner,Home,Consumer,2,206.63,0,413.26,231.45
1731,2023-09-16,LATAM,Brazil,Vacuum Cleaner,Home,SMB,1,209.08,0.2,167.26,104.3
1732,2023-09-16,APAC,Japan,Smart Watch,Electronics,Consumer,2,195.87,0,391.74,209.19
1733,2023-09-16,APAC,Japan,Notebook Set,Office,SMB,5,14.46,0,72.3,36.13
1734,2023-09-17,North America,USA,Running Shoes,Apparel,Consumer,3,75.02,0,225.06,102.59
1735,2023-09-17,APAC,India,Standing Desk,Office,Enterprise,3,411.71,0.15,1049.86,527.7
1736,2023-09-17,APAC,India,Tablet Stand,Electronics,Enterprise,2,24.87,0.15,42.28,20.26
1737,2023-09-17,North America,USA,Vacuum Cleaner,Home,Enterprise,3,210.02,0.1,567.05,322.17
1738,2023-09-17,APAC,Singapore,Running Shoes,Apparel,Consumer,1,73.16,0.2,58.53,32.8
1739,2023-09-17,Europe,Spain,Rain Jacket,Apparel,SMB,5,100.89,0.15,428.78,209.92
1740,2023-09-17,Europe,France,Tablet Stand,Electronics,Consumer,1,24.98,0.2,19.98,9.05
1741,2023-09-17,Europe,France,Wireless Headphones,Electronics,Enterprise,5,83.1,0,415.5,188.84
1742,2023-09-18,North America,USA,Tablet Stand,Electronics,Enterprise,5,23.3,0.2,93.2,47.04
1743,2023-09-18,Europe,France,Bluetooth Speaker,Electronics,Consumer,1,55.69,0,55.69,29.24
1744,2023-09-18,Europe,Germany,Standing Desk,Office,Enterprise,3,386.45,0.15,985.45,594.71
1745,2023-09-18,Europe,France,Denim Jacket,Apparel,SMB,2,72.85,0.2,116.56,57.46
1746,2023-09-18,Europe,Germany,Notebook Set,Office,Enterprise,4,16.16,0,64.64,34.43
1747,2023-09-18,LATAM,Brazil,Rain Jacket,Apparel,SMB,2,100.7,0,201.4,111.2
1748,2023-09-19,North America,Canada,Denim Jacket,Apparel,Enterprise,4,69.65,0.15,236.81,144.75
1749,2023-09-19,APAC,Japan,Bluetooth Speaker,Electronics,Consumer,3,57.77,0,173.31,91.11
1750,2023-09-19,Europe,Spain,Wool Sweater,Apparel,SMB,2,85.48,0,170.96,84.42
1751,2023-09-19,Europe,France,Vacuum Cleaner,Home,Consumer,3,221.92,0,665.76,426.43
1752,2023-09-19,LATAM,Mexico,Air Purifier,Home,Consumer,1,130.99,0,130.99,59.72
1753,2023-09-19,LATAM,Brazil,Smart Watch,Electronics,Consumer,1,205.28,0.2,164.22,90.69
1754,2023-09-19,APAC,Japan,Standing Desk,Office,SMB,1,403.44,0.15,342.92,208.97
1755,2023-09-19,Europe,Spain,Bluetooth Speaker,Electronics,Consumer,1,55.52,0,55.52,30.35
1756,2023-09-20,Europe,Spain,Smart Watch,Electronics,Consumer,3,196.96,0.15,502.25,301.79
1757,2023-09-20,APAC,Singapore,Wireless Headphones,Electronics,SMB,1,91.8,0,91.8,52.96
1758,2023-09-20,Europe,France,Tablet Stand,Electronics,SMB,4,24.59,0.05,93.44,59.78
1759,2023-09-20,Europe,UK,Ergonomic Chair,Office,SMB,3,267.9,0.05,763.51,459.65
1760,2023-09-20,Europe,Spain,Ergonomic Chair,Office,SMB,1,246.14,0,246.14,111.83
1761,2023-09-20,Europe,France,Wireless Headphones,Electronics,SMB,2,86.52,0.15,147.08,73.68
1762,2023-09-20,Europe,France,Monitor Arm,Office,SMB,2,58.63,0,117.26,71.31
1763,2023-09-20,Europe,UK,Rain Jacket,Apparel,SMB,4,100.51,0,402.04,201.36
1764,2023-09-20,Europe,Germany,Ceramic Cookware Set,Home,Consumer,5,155.25,0.1,698.62,405.66
1765,2023-09-21,North America,USA,Denim Jacket,Apparel,Consumer,2,73.7,0.15,125.29,69.97
1766,2023-09-21,APAC,India,Rain Jacket,Apparel,SMB,2,105.62,0.15,179.55,105.43
1767,2023-09-21,Europe,Germany,Tablet Stand,Electronics,Consumer,2,26.95,0,53.9,31.66
1768,2023-09-21,North America,Canada,Smart Watch,Electronics,SMB,3,200.9,0,602.7,332.22
1769,2023-09-21,APAC,Singapore,Notebook Set,Office,Consumer,1,14.88,0,14.88,8.67
1770,2023-09-22,Europe,Spain,Air Purifier,Home,SMB,4,121.12,0,484.48,280.17
1771,2023-09-22,Europe,France,Denim Jacket,Apparel,Consumer,1,68.03,0,68.03,37.64
1772,2023-09-22,APAC,India,Denim Jacket,Apparel,Consumer,1,68.11,0,68.11,42.26
1773,2023-09-22,Europe,France,Denim Jacket,Apparel,Enterprise,3,69.39,0,208.17,120.81
1774,2023-09-22,Europe,Germany,Ceramic Cookware Set,Home,Consumer,1,138.27,0,138.27,71.47
1775,2023-09-22,APAC,Singapore,LED Desk Lamp,Home,Enterprise,1,36.37,0,36.37,19.7
1776,2023-09-22,North America,Canada,Smart Watch,Electronics,Consumer,5,191.75,0,958.75,504.52
1777,2023-09-23,North America,Canada,Running Shoes,Apparel,Consumer,3,74.56,0.15,190.13,85.59
1778,2023-09-23,Europe,France,Denim Jacket,Apparel,SMB,1,71.6,0,71.6,45.37
1779,2023-09-23,Europe,Spain,LED Desk Lamp,Home,Consumer,3,39.9,0.1,107.73,66.85
1780,2023-09-23,North America,USA,LED Desk Lamp,Home,Consumer,1,36.2,0.1,32.58,21.15
1781,2023-09-23,LATAM,Mexico,Bluetooth Speaker,Electronics,Consumer,1,55.96,0,55.96,28.77
1782,2023-09-24,Europe,Spain,Ergonomic Chair,Office,Enterprise,4,262.87,0,1051.48,515.56
1783,2023-09-24,APAC,Singapore,Running Shoes,Apparel,Consumer,3,82.95,0.05,236.41,131.99
1784,2023-09-24,North America,USA,Smart Watch,Electronics,SMB,3,184.64,0.1,498.53,311.39
1785,2023-09-24,Europe,Spain,Bluetooth Speaker,Electronics,SMB,3,58.89,0.1,159.0,92.65
1786,2023-09-24,Europe,Germany,Tablet Stand,Electronics,Enterprise,4,24.44,0.15,83.1,51.75
1787,2023-09-25,LATAM,Brazil,Bluetooth Speaker,Electronics,Consumer,2,60.34,0,120.68,74.63
1788,2023-09-25,APAC,Australia,Bluetooth Speaker,Electronics,Consumer,1,54.81,0.15,46.59,22.65
1789,2023-09-25,North America,USA,LED Desk Lamp,Home,SMB,3,40.57,0.1,109.54,62.66
1790,2023-09-25,Europe,Spain,Vacuum Cleaner,Home,SMB,3,210.59,0,631.77,377.0
1791,2023-09-25,North America,Canada,Tablet Stand,Electronics,SMB,4,26.89,0.2,86.05,41.57
1792,2023-09-25,Europe,France,LED Desk Lamp,Home,Consumer,3,39.79,0.2,95.5,47.02
1793,2023-09-25,North America,Canada,Wireless Headphones,Electronics,Enterprise,2,88.73,0,177.46,99.44
1794,2023-09-26,Europe,France,Rain Jacket,Apparel,SMB,1,94.19,0.1,84.77,55.05
1795,2023-09-26,APAC,Japan,Notebook Set,Office,Enterprise,5,15.41,0,77.05,40.69
1796,2023-09-26,Europe,Spain,Running Shoes,Apparel,SMB,1,78.39,0.15,66.63,42.82
1797,2023-09-26,APAC,Australia,Monitor Arm,Office,Enterprise,5,58.05,0,290.25,135.53
1798,2023-09-26,APAC,India,Wool Sweater,Apparel,Consumer,1,84.35,0.15,71.7,35.03
1799,2023-09-26,North America,Canada,Monitor Arm,Office,Consumer,2,60.17,0,120.34,72.58
1800,2023-09-26,North America,USA,Smart Watch,Electronics,Enterprise,5,208.49,0,1042.45,607.09
1801,2023-09-26,APAC,Singapore,Ceramic Cookware Set,Home,SMB,1,137.89,0,137.89,63.89
1802,2023-09-27,North America,Canada,Smart Watch,Electronics,SMB,1,191.65,0.15,162.9,95.56
1803,2023-09-27,Europe,UK,Vacuum Cleaner,Home,SMB,5,216.17,0.2,864.68,453.49
1804,2023-09-27,APAC,India,Ceramic Cookware Set,Home,SMB,2,145.52,0.15,247.38,126.92
1805,2023-09-27,LATAM,Mexico,Smart Watch,Electronics,Enterprise,1,197.53,0,197.53,125.92
1806,2023-09-27,LATAM,Brazil,Running Shoes,Apparel,SMB,1,82.94,0.15,70.5,36.41
1807,2023-09-27,North America,USA,LED Desk Lamp,Home,SMB,5,39.59,0.1,178.16,102.96
1808,2023-09-27,APAC,Japan,LED Desk Lamp,Home,Enterprise,5,36.29,0,181.45,101.29
1809,2023-09-27,Europe,Germany,Rain Jacket,Apparel,SMB,3,95.02,0.15,242.3,144.5
1810,2023-09-27,LATAM,Brazil,Wireless Headphones,Electronics,Enterprise,4,94.83,0.15,322.42,180.96
1811,2023-09-27,LATAM,Mexico,Standing Desk,Office,SMB,2,390.55,0.1,702.99,359.56
1812,2023-09-28,North America,USA,Smart Watch,Electronics,Consumer,3,191.49,0.05,545.75,273.0
1813,2023-09-28,Europe,UK,Tablet Stand,Electronics,Consumer,1,26.8,0.1,24.12,12.71
1814,2023-09-28,LATAM,Brazil,Rain Jacket,Apparel,SMB,1,101.45,0.1,91.31,47.52
1815,2023-09-28,Europe,Germany,Monitor Arm,Office,Enterprise,3,55.31,0.2,132.74,77.63
1816,2023-09-29,North America,USA,Wool Sweater,Apparel,Enterprise,7,83.4,0,583.8,341.62
1817,2023-09-29,North America,USA,Denim Jacket,Apparel,SMB,5,68.24,0.1,307.08,177.7
1818,2023-09-29,APAC,India,Monitor Arm,Office,Enterprise,1,58.68,0,58.68,31.91
1819,2023-09-29,North America,Canada,Rain Jacket,Apparel,Consumer,1,98.56,0,98.56,45.1
1820,2023-09-29,North America,Canada,Standing Desk,Office,Consumer,4,369.9,0.2,1183.68,725.59
1821,2023-09-29,APAC,India,LED Desk Lamp,Home,Consumer,2,36.08,0,72.16,34.74
1822,2023-09-30,Europe,France,Wool Sweater,Apparel,Consumer,3,87.06,0.2,208.94,96.49
1823,2023-09-30,North America,USA,LED Desk Lamp,Home,Consumer,1,38.21,0.2,30.57,17.34
1824,2023-09-30,North America,USA,Smart Watch,Electronics,SMB,4,187.5,0,750.0,349.71
1825,2023-09-30,LATAM,Mexico,Smart Watch,Electronics,Consumer,1,198.51,0.1,178.66,96.83
1826,2023-09-30,Europe,Spain,LED Desk Lamp,Home,SMB,1,41.41,0.15,35.2,19.61
1827,2023-09-30,North America,Canada,Air Purifier,Home,Enterprise,3,125.19,0,375.57,236.48
1828,2023-09-30,North America,USA,Tablet Stand,Electronics,Consumer,4,23.4,0.1,84.24,43.06
1829,2023-10-01,Europe,Germany,Wool Sweater,Apparel,Consumer,2,83.71,0.2,133.94,63.14
1830,2023-10-02,LATAM,Mexico,Vacuum Cleaner,Home,Enterprise,1,211.79,0.15,180.02,89.89
1831,2023-10-02,Europe,UK,Bluetooth Speaker,Electronics,Enterprise,5,63.09,0,315.45,178.31
1832,2023-10-02,Europe,Spain,Rain Jacket,Apparel,Consumer,1,104.02,0.1,93.62,59.26
1833,2023-10-02,North America,USA,Bluetooth Speaker,Electronics,Consumer,2,62.81,0,125.62,78.32
1834,2023-10-02,Europe,UK,Smart Watch,Electronics,SMB,1,212.03,0,212.03,104.95
1835,2023-10-02,North America,Canada,Standing Desk,Office,SMB,5,387.18,0.1,1742.31,809.57
1836,2023-10-02,APAC,Japan,Ceramic Cookware Set,Home,SMB,3,138.18,0.1,373.09,174.33
1837,2023-10-02,Europe,UK,LED Desk Lamp,Home,Consumer,1,39.75,0.05,37.76,21.28
1838,2023-10-02,APAC,Japan,Denim Jacket,Apparel,SMB,2,70.74,0,141.48,86.66
1839,2023-10-02,LATAM,Brazil,Standing Desk,Office,SMB,3,370.43,0.15,944.6,534.26
1840,2023-10-03,Europe,Spain,Bluetooth Speaker,Electronics,Consumer,1,54.33,0.2,43.46,25.72
1841,2023-10-03,APAC,Singapore,Denim Jacket,Apparel,SMB,1,72.55,0.05,68.92,43.42
1842,2023-10-03,North America,Canada,Wireless Headphones,Electronics,Consumer,1,91.57,0.05,86.99,43.54
1843,2023-10-03,APAC,India,Wool Sweater,Apparel,Consumer,2,96.01,0,192.02,109.47
1844,2023-10-03,North America,USA,Bluetooth Speaker,Electronics,SMB,3,56.62,0,169.86,104.15
1845,2023-10-04,North America,USA,Wireless Headphones,Electronics,Consumer,1,86.77,0,86.77,49.52
1846,2023-10-04,North America,USA,Smart Watch,Electronics,Consumer,1,191.71,0.15,162.95,98.48
1847,2023-10-04,APAC,Singapore,Vacuum Cleaner,Home,Enterprise,4,224.99,0.2,719.97,448.24
1848,2023-10-04,Europe,France,Running Shoes,Apparel,SMB,2,84.21,0,168.42,100.5
1849,2023-10-04,North America,USA,Bluetooth Speaker,Electronics,Consumer,4,55.27,0,221.08,103.91
1850,2023-10-04,APAC,Australia,LED Desk Lamp,Home,SMB,4,36.48,0.05,138.62,84.9
1851,2023-10-05,APAC,Singapore,Air Purifier,Home,Enterprise,1,119.34,0,119.34,59.64
1852,2023-10-05,LATAM,Mexico,Tablet Stand,Electronics,Enterprise,3,26.79,0,80.37,43.3
1853,2023-10-05,North America,Canada,Standing Desk,Office,SMB,7,367.41,0.2,2057.5,1119.46
1854,2023-10-05,North America,USA,Bluetooth Speaker,Electronics,SMB,2,56.33,0.2,90.13,44.81
1855,2023-10-05,Europe,UK,Smart Watch,Electronics,Consumer,4,192.16,0.1,691.78,440.03
1856,2023-10-05,LATAM,Brazil,Vacuum Cleaner,Home,Enterprise,4,201.75,0.2,645.6,415.31
1857,2023-10-05,Europe,Spain,Wireless Headphones,Electronics,SMB,4,86.58,0,346.32,171.58
1858,2023-10-05,LATAM,Brazil,Monitor Arm,Office,SMB,1,56.43,0,56.43,34.03
1859,2023-10-06,North America,Canada,LED Desk Lamp,Home,Consumer,2,39.36,0.2,62.98,38.11
1860,2023-10-06,North America,Canada,LED Desk Lamp,Home,Consumer,2,38.89,0.1,70.0,35.83
1861,2023-10-06,LATAM,Mexico,Smart Watch,Electronics,Enterprise,4,201.58,0,806.32,433.29
1862,2023-10-06,Europe,France,Notebook Set,Office,SMB,3,14.96,0.2,35.9,22.38
1863,2023-10-06,Europe,Spain,Wireless Headphones,Electronics,SMB,3,89.95,0.2,215.88,135.92
1864,2023-10-06,APAC,Singapore,Standing Desk,Office,Consumer,1,404.51,0,404.51,207.65
1865,2023-10-06,Europe,Germany,Smart Watch,Electronics,Consumer,2,210.4,0.15,357.68,207.38
1866,2023-10-07,North America,Canada,Rain Jacket,Apparel,Consumer,2,104.39,0,208.78,134.9
1867,2023-10-07,Europe,Spain,Smart Watch,Electronics,SMB,3,212.43,0.1,573.56,343.71
1868,2023-10-07,Europe,Spain,Smart Watch,Electronics,Consumer,4,196.29,0.05,745.9,410.54
1869,2023-10-07,North America,Canada,LED Desk Lamp,Home,Consumer,3,38.93,0.1,105.11,47.52
1870,2023-10-07,APAC,India,Bluetooth Speaker,Electronics,SMB,2,61.5,0.2,98.4,57.03
1871,2023-10-07,APAC,Japan,LED Desk Lamp,Home,Enterprise,3,39.0,0.2,93.6,46.71
1872,2023-10-07,Europe,France,Wireless Headphones,Electronics,SMB,4,94.49,0.05,359.06,184.09
1873,2023-10-07,Europe,France,Standing Desk,Office,Enterprise,5,400.36,0,2001.8,1168.47
1874,2023-10-08,North America,USA,Bluetooth Speaker,Electronics,SMB,4,60.06,0.1,216.22,107.34
1875,2023-10-08,North America,USA,Vacuum Cleaner,Home,Consumer,1,225.53,0.1,202.98,101.25
1876,2023-10-08,North America,Canada,Air Purifier,Home,Consumer,3,129.5,0,388.5,206.95
1877,2023-10-08,APAC,India,Tablet Stand,Electronics,Consumer,1,24.4,0.1,21.96,13.57
1878,2023-10-09,LATAM,Brazil,Denim Jacket,Apparel,SMB,2,68.99,0.1,124.18,67.78
1879,2023-10-09,APAC,India,Smart Watch,Electronics,Consumer,3,193.67,0,581.01,261.75
1880,2023-10-09,APAC,India,Bluetooth Speaker,Electronics,Consumer,1,54.79,0,54.79,28.35
1881,2023-10-09,LATAM,Brazil,Air Purifier,Home,Consumer,2,136.91,0.15,232.75,137.4
1882,2023-10-09,North America,Canada,Bluetooth Speaker,Electronics,Enterprise,4,58.93,0,235.72,109.5
1883,2023-10-10,North America,Canada,Smart Watch,Electronics,Enterprise,3,201.21,0.05,573.45,349.74
1884,2023-10-10,Europe,UK,Tablet Stand,Electronics,Enterprise,5,25.52,0,127.6,67.59
1885,2023-10-10,APAC,Japan,Vacuum Cleaner,Home,Enterprise,3,204.73,0,614.19,361.96
1886,2023-10-10,Europe,Spain,Rain Jacket,Apparel,Enterprise,5,96.2,0.1,432.9,264.96
1887,2023-10-10,Europe,Spain,Tablet Stand,Electronics,Consumer,1,24.73,0.1,22.26,10.18
1888,2023-10-10,North America,USA,Vacuum Cleaner,Home,Consumer,2,215.4,0.15,366.18,198.36
1889,2023-10-10,APAC,Singapore,Wool Sweater,Apparel,Consumer,1,84.55,0.05,80.32,50.53
1890,2023-10-10,APAC,Japan,Wool Sweater,Apparel,Enterprise,2,90.71,0,181.42,88.97
1891,2023-10-10,Europe,France,Rain Jacket,Apparel,Enterprise,5,97.24,0,486.2,271.16
1892,2023-10-11,LATAM,Mexico,Ergonomic Chair,Office,Enterprise,1,245.3,0,245.3,137.79
1893,2023-10-11,North America,USA,Rain Jacket,Apparel,SMB,5,91.94,0,459.7,233.07
1894,2023-10-11,Europe,France,Denim Jacket,Apparel,Enterprise,4,70.58,0.15,239.97,134.32
1895,2023-10-11,APAC,Australia,Wireless Headphones,Electronics,SMB,2,89.28,0.15,151.78,91.37
1896,2023-10-11,APAC,India,Monitor Arm,Office,Enterprise,3,58.08,0.2,139.39,67.47
1897,2023-10-11,LATAM,Brazil,Ceramic Cookware Set,Home,SMB,1,158.64,0,158.64,100.5
1898,2023-10-11,LATAM,Brazil,Smart Watch,Electronics,Enterprise,10,211.84,0.2,1694.72,969.19
1899,2023-10-12,LATAM,Mexico,Tablet Stand,Electronics,Enterprise,3,26.23,0.15,66.89,36.25
1900,2023-10-12,LATAM,Brazil,Rain Jacket,Apparel,SMB,3,105.24,0.1,284.15,162.41
1901,2023-10-12,Europe,France,Standing Desk,Office,Enterprise,6,410.21,0,2461.26,1284.2
1902,2023-10-12,LATAM,Mexico,Bluetooth Speaker,Electronics,SMB,1,58.97,0,58.97,30.77
1903,2023-10-12,North America,Canada,Wool Sweater,Apparel,SMB,3,88.58,0,265.74,164.67
1904,2023-10-12,APAC,Singapore,Notebook Set,Office,Consumer,4,15.91,0.15,54.09,33.42
1905,2023-10-13,Europe,UK,Ergonomic Chair,Office,Consumer,2,268.26,0,536.52,253.07
1906,2023-10-13,North America,USA,Tablet Stand,Electronics,SMB,1,24.98,0.05,23.73,13.97
1907,2023-10-13,Europe,Spain,Smart Watch,Electronics,SMB,3,184.08,0.1,497.02,300.62
1908,2023-10-13,LATAM,Brazil,Vacuum Cleaner,Home,Consumer,1,234.82,0.2,187.86,105.07
1909,2023-10-13,Europe,France,Denim Jacket,Apparel,Consumer,1,71.05,0.15,60.39,33.73
1910,2023-10-13,North America,Canada,Running Shoes,Apparel,Enterprise,8,84.39,0,675.12,401.3
1911,2023-10-13,APAC,India,Ceramic Cookware Set,Home,Consumer,2,155.1,0.15,263.67,135.51
1912,2023-10-13,Europe,Spain,Bluetooth Speaker,Electronics,Enterprise,4,61.38,0,245.52,145.58
1913,2023-10-13,North America,USA,Wool Sweater,Apparel,Enterprise,5,85.15,0,425.75,191.69
1914,2023-10-13,North America,USA,Standing Desk,Office,SMB,2,388.65,0,777.3,419.24
1915,2023-10-13,APAC,India,Ceramic Cookware Set,Home,Consumer,1,157.87,0,157.87,80.55
1916,2023-10-13,APAC,Japan,Tablet Stand,Electronics,SMB,2,23.45,0.05,44.55,26.78
1917,2023-10-13,North America,Canada,Wireless Headphones,Electronics,Enterprise,4,91.29,0,365.16,195.67
1918,2023-10-14,Europe,France,Wool Sweater,Apparel,Consumer,1,84.67,0.2,67.74,43.48
1919,2023-10-14,North America,Canada,Running Shoes,Apparel,Consumer,2,79.26,0.15,134.74,77.14
1920,2023-10-14,North America,Canada,Vacuum Cleaner,Home,SMB,4,215.8,0.05,820.04,441.6
1921,2023-10-14,North America,USA,Bluetooth Speaker,Electronics,Consumer,3,56.55,0,169.65,110.06
1922,2023-10-14,North America,USA,Notebook Set,Office,Enterprise,6,14.47,0.05,82.48,44.26
1923,2023-10-14,Europe,Germany,LED Desk Lamp,Home,Consumer,1,37.17,0,37.17,23.84
1924,2023-10-14,Europe,Spain,Smart Watch,Electronics,Enterprise,4,214.35,0,857.4,505.83
1925,2023-10-14,North America,USA,LED Desk Lamp,Home,Consumer,1,41.37,0.15,35.16,20.92
1926,2023-10-14,APAC,India,Bluetooth Speaker,Electronics,SMB,3,59.39,0.05,169.26,102.89
1927,2023-10-14,Europe,UK,Smart Watch,Electronics,Consumer,2,213.6,0.05,405.84,241.15
1928,2023-10-14,LATAM,Mexico,Vacuum Cleaner,Home,SMB,1,211.06,0.05,200.51,95.29
1929,2023-10-14,North America,USA,Tablet Stand,Electronics,SMB,2,24.94,0,49.88,29.26
1930,2023-10-14,APAC,Singapore,Smart Watch,Electronics,SMB,2,197.02,0,394.04,200.26
1931,2023-10-14,LATAM,Brazil,Vacuum Cleaner,Home,SMB,2,218.96,0,437.92,250.92
1932,2023-10-14,APAC,Australia,Ceramic Cookware Set,Home,Consumer,1,140.99,0,140.99,84.36
1933,2023-10-14,North America,USA,Smart Watch,Electronics,Enterprise,6,205.27,0.2,985.3,499.53
1934,2023-10-15,Europe,Spain,Vacuum Cleaner,Home,Enterprise,7,208.79,0.1,1315.38,818.0
1935,2023-10-15,Europe,UK,Bluetooth Speaker,Electronics,Enterprise,3,57.02,0,171.06,85.31
1936,2023-10-15,APAC,Australia,Smart Watch,Electronics,Consumer,1,193.78,0,193.78,105.65
1937,2023-10-16,APAC,Japan,Ergonomic Chair,Office,Consumer,4,247.99,0.15,843.17,478.82
1938,2023-10-16,Europe,Spain,Smart Watch,Electronics,Consumer,2,211.67,0.05,402.17,190.56
1939,2023-10-16,North America,USA,Bluetooth Speaker,Electronics,Consumer,3,55.69,0.1,150.36,84.03
1940,2023-10-16,Europe,Germany,Air Purifier,Home,Enterprise,1,126.02,0.15,107.12,64.32
1941,2023-10-16,APAC,Australia,Vacuum Cleaner,Home,Enterprise,4,234.61,0,938.44,497.38
1942,2023-10-16,North America,Canada,LED Desk Lamp,Home,Consumer,4,39.53,0,158.12,84.1
1943,2023-10-16,LATAM,Mexico,Denim Jacket,Apparel,Enterprise,4,68.35,0,273.4,170.73
1944,2023-10-17,North America,Canada,Tablet Stand,Electronics,Consumer,4,24.5,0,98.0,56.29
1945,2023-10-17,Europe,Germany,Standing Desk,Office,Enterprise,3,371.37,0.1,1002.7,573.79
1946,2023-10-17,North America,USA,Notebook Set,Office,Consumer,1,15.81,0.05,15.02,7.43
1947,2023-10-17,North America,USA,Smart Watch,Electronics,SMB,3,214.1,0.15,545.95,263.34
1948,2023-10-17,Europe,France,Smart Watch,Electronics,Enterprise,2,190.1,0.15,323.17,178.19
1949,2023-10-17,Europe,UK,Wool Sweater,Apparel,Consumer,2,81.99,0,163.98,85.54
1950,2023-10-18,North America,USA,Smart Watch,Electronics,Consumer,2,203.4,0.15,345.78,221.84
1951,2023-10-18,North America,Canada,Denim Jacket,Apparel,Consumer,3,71.76,0.15,182.99,98.19
1952,2023-10-18,North America,USA,Standing Desk,Office,SMB,3,412.36,0,1237.08,592.34
1953,2023-10-18,Europe,Germany,Ceramic Cookware Set,Home,Consumer,2,152.68,0,305.36,155.08
1954,2023-10-18,Europe,Germany,Rain Jacket,Apparel,Consumer,1,104.2,0.05,98.99,61.94
1955,2023-10-19,APAC,Singapore,Rain Jacket,Apparel,Consumer,3,97.12,0,291.36,158.14
1956,2023-10-19,Europe,UK,Standing Desk,Office,Consumer,5,429.83,0,2149.15,1148.12
1957,2023-10-19,APAC,Japan,Notebook Set,Office,SMB,3,15.03,0.15,38.33,23.22
1958,2023-10-19,Europe,Germany,Monitor Arm,Office,Consumer,1,59.43,0,59.43,35.78
1959,2023-10-19,APAC,Japan,Denim Jacket,Apparel,Consumer,3,66.01,0.05,188.13,99.07
1960,2023-10-19,Europe,Germany,Air Purifier,Home,SMB,1,125.43,0,125.43,66.72
1961,2023-10-19,Europe,UK,Tablet Stand,Electronics,Enterprise,2,26.51,0,53.02,31.46
1962,2023-10-19,APAC,Australia,Wireless Headphones,Electronics,Consumer,3,86.79,0.15,221.31,102.83
1963,2023-10-19,Europe,Germany,Denim Jacket,Apparel,Consumer,1,70.77,0.1,63.69,30.66
1964,2023-10-19,Europe,Germany,Bluetooth Speaker,Electronics,Consumer,2,58.33,0,116.66,67.09
1965,2023-10-20,North America,USA,Rain Jacket,Apparel,Consumer,1,98.23,0.05,93.32,58.66
1966,2023-10-20,APAC,India,Denim Jacket,Apparel,Enterprise,5,73.39,0.05,348.6,213.8
1967,2023-10-20,APAC,Australia,Notebook Set,Office,Enterprise,1,13.85,0,13.85,6.48
1968,2023-10-20,Europe,Spain,Bluetooth Speaker,Electronics,Consumer,1,57.82,0.1,52.04,26.75
1969,2023-10-20,Europe,Germany,Notebook Set,Office,Consumer,3,14.84,0,44.52,24.29
1970,2023-10-20,Europe,France,Ergonomic Chair,Office,Enterprise,2,232.64,0,465.28,213.09
1971,2023-10-21,APAC,Japan,Rain Jacket,Apparel,SMB,1,105.27,0.05,100.01,63.19
1972,2023-10-21,North America,USA,Monitor Arm,Office,Enterprise,5,60.09,0,300.45,186.75
1973,2023-10-21,Europe,Spain,Air Purifier,Home,Enterprise,5,130.32,0,651.6,400.87
1974,2023-10-21,LATAM,Mexico,Running Shoes,Apparel,Consumer,1,83.49,0.05,79.32,44.3
1975,2023-10-21,APAC,Singapore,Standing Desk,Office,Enterprise,5,393.8,0,1969.0,893.16
1976,2023-10-21,Europe,UK,Monitor Arm,Office,SMB,2,63.69,0,127.38,59.3
1977,2023-10-22,APAC,Japan,Smart Watch,Electronics,Consumer,1,196.07,0,196.07,127.14
1978,2023-10-22,Europe,France,Bluetooth Speaker,Electronics,SMB,5,57.7,0.05,274.07,154.33
1979,2023-10-22,APAC,Singapore,Tablet Stand,Electronics,Consumer,5,24.55,0,122.75,66.94
1980,2023-10-22,North America,USA,Air Purifier,Home,SMB,4,128.92,0.15,438.33,251.96
1981,2023-10-22,North America,Canada,Standing Desk,Office,Consumer,39,427.88,0.15,14184.22,7146.49
1982,2023-10-22,APAC,Australia,Ceramic Cookware Set,Home,SMB,2,147.96,0.05,281.12,179.84
1983,2023-10-22,North America,USA,Bluetooth Speaker,Electronics,Consumer,6,60.27,0.05,343.54,221.41
1984,2023-10-22,North America,USA,Bluetooth Speaker,Electronics,SMB,4,61.14,0.15,207.88,112.6
1985,2023-10-23,APAC,Singapore,Rain Jacket,Apparel,Enterprise,4,100.38,0,401.52,192.22
1986,2023-10-23,North America,Canada,Air Purifier,Home,SMB,3,134.79,0,404.37,194.4
1987,2023-10-23,North America,Canada,Ceramic Cookware Set,Home,SMB,2,153.84,0.15,261.53,138.34
1988,2023-10-24,Europe,France,Rain Jacket,Apparel,SMB,4,99.51,0.1,358.24,230.82
1989,2023-10-24,North America,USA,Smart Watch,Electronics,Consumer,5,197.73,0.1,889.78,553.35
1990,2023-10-24,APAC,India,Ergonomic Chair,Office,SMB,4,247.58,0,990.32,451.43
1991,2023-10-24,North America,USA,Rain Jacket,Apparel,Enterprise,5,106.44,0.1,478.98,256.61
1992,2023-10-24,LATAM,Brazil,Air Purifier,Home,SMB,2,130.63,0.15,222.07,117.54
1993,2023-10-24,LATAM,Mexico,Tablet Stand,Electronics,SMB,2,25.65,0.05,48.73,23.73
1994,2023-10-24,North America,Canada,Standing Desk,Office,SMB,3,414.84,0,1244.52,751.64
1995,2023-10-24,North America,USA,Tablet Stand,Electronics,Consumer,1,24.84,0,24.84,11.84
1996,2023-10-24,Europe,UK,Denim Jacket,Apparel,Enterprise,2,70.31,0.2,112.5,71.69
1997,2023-10-24,Europe,Spain,Notebook Set,Office,SMB,1,15.68,0.1,14.11,8.51
1998,2023-10-24,LATAM,Mexico,Bluetooth Speaker,Electronics,Enterprise,2,54.67,0.15,92.94,45.74
1999,2023-10-25,Europe,Germany,Air Purifier,Home,Consumer,2,136.18,0.2,217.89,140.84
2000,2023-10-25,Europe,Spain,Tablet Stand,Electronics,Enterprise,3,25.9,0.2,62.16,28.33
2001,2023-10-25,Europe,Spain,Ergonomic Chair,Office,SMB,6,251.31,0.05,1432.47,807.47
2002,2023-10-25,North America,USA,Wireless Headphones,Electronics,Consumer,1,84.77,0.1,76.29,37.16
2003,2023-10-25,APAC,Singapore,Rain Jacket,Apparel,SMB,2,93.56,0,187.12,89.95
2004,2023-10-26,Europe,France,LED Desk Lamp,Home,Consumer,5,36.3,0.1,163.35,91.28
2005,2023-10-26,APAC,Australia,LED Desk Lamp,Home,Consumer,2,36.94,0,73.88,37.7
2006,2023-10-26,Europe,Germany,Tablet Stand,Electronics,SMB,1,23.2,0,23.2,13.03
2007,2023-10-26,Europe,Germany,Ceramic Cookware Set,Home,Consumer,1,153.92,0.2,123.14,62.66
2008,2023-10-26,APAC,Japan,Tablet Stand,Electronics,Enterprise,2,26.57,0.1,47.83,30.49
2009,2023-10-26,North America,Canada,Smart Watch,Electronics,SMB,2,191.76,0.15,325.99,156.51
2010,2023-10-26,North America,USA,Denim Jacket,Apparel,SMB,2,72.64,0.1,130.75,61.57
2011,2023-10-26,North America,USA,Wireless Headphones,Electronics,Enterprise,3,89.6,0,268.8,172.8
2012,2023-10-26,LATAM,Mexico,Tablet Stand,Electronics,Enterprise,2,25.16,0,50.32,28.26
2013,2023-10-26,North America,USA,Denim Jacket,Apparel,Enterprise,7,66.76,0.15,397.22,223.94
2014,2023-10-26,Europe,UK,Ceramic Cookware Set,Home,Consumer,4,156.17,0.15,530.98,276.15
2015,2023-10-26,APAC,Japan,Standing Desk,Office,Enterprise,2,371.77,0.1,669.19,319.15
2016,2023-10-26,LATAM,Brazil,Notebook Set,Office,SMB,1,15.57,0.05,14.79,8.58
2017,2023-10-27,North America,USA,Tablet Stand,Electronics,Consumer,5,23.51,0.2,94.04,44.81
2018,2023-10-27,Europe,Spain,Monitor Arm,Office,Enterprise,2,60.95,0,121.9,70.66
2019,2023-10-27,Europe,Germany,LED Desk Lamp,Home,SMB,2,36.86,0.1,66.35,41.73
2020,2023-10-27,APAC,Australia,LED Desk Lamp,Home,SMB,3,38.05,0.05,108.44,65.03
2021,2023-10-27,Europe,UK,LED Desk Lamp,Home,Enterprise,2,39.37,0,78.74,38.04
2022,2023-10-27,APAC,India,Vacuum Cleaner,Home,Consumer,1,223.9,0.15,190.31,100.61
2023,2023-10-27,North America,Canada,Notebook Set,Office,Consumer,1,16.06,0,16.06,10.27
2024,2023-10-28,North America,Canada,Denim Jacket,Apparel,Consumer,4,65.93,0,263.72,157.93
2025,2023-10-28,North America,USA,Ceramic Cookware Set,Home,SMB,4,159.52,0.2,510.46,265.21
2026,2023-10-28,North America,USA,Wireless Headphones,Electronics,SMB,2,87.32,0.1,157.18,73.2
2027,2023-10-28,Europe,Spain,Rain Jacket,Apparel,SMB,2,103.69,0.05,197.01,102.0
2028,2023-10-28,North America,Canada,Notebook Set,Office,Enterprise,7,15.71,0.15,93.47,48.4
2029,2023-10-28,North America,USA,Standing Desk,Office,Enterprise,2,397.16,0.1,714.89,405.07
2030,2023-10-28,APAC,Singapore,Monitor Arm,Office,Enterprise,2,63.32,0.1,113.98,66.72
2031,2023-10-28,LATAM,Mexico,Smart Watch,Electronics,Consumer,2,188.92,0,377.84,244.79
2032,2023-10-29,North America,Canada,Wool Sweater,Apparel,Enterprise,4,82.62,0,330.48,202.18
2033,2023-10-29,APAC,Singapore,Vacuum Cleaner,Home,Consumer,1,231.13,0.15,196.46,99.45
2034,2023-10-29,Europe,Spain,Tablet Stand,Electronics,Enterprise,5,24.33,0,121.65,77.17
2035,2023-10-29,LATAM,Brazil,Wireless Headphones,Electronics,SMB,3,91.58,0.05,261.0,120.63
2036,2023-10-29,North America,Canada,Running Shoes,Apparel,Enterprise,6,79.84,0.05,455.09,238.09
2037,2023-10-29,APAC,Singapore,Denim Jacket,Apparel,SMB,5,72.9,0.05,346.27,209.54
2038,2023-10-29,APAC,Australia,Rain Jacket,Apparel,Enterprise,4,94.81,0,379.24,206.82
2039,2023-10-30,Europe,France,Bluetooth Speaker,Electronics,SMB,5,56.71,0.2,226.84,144.91
2040,2023-10-30,North America,USA,Vacuum Cleaner,Home,Consumer,4,222.71,0.05,846.3,499.65
2041,2023-10-30,LATAM,Mexico,Wool Sweater,Apparel,Consumer,1,81.99,0,81.99,51.66
2042,2023-10-30,LATAM,Brazil,Running Shoes,Apparel,SMB,1,78.01,0.05,74.11,45.48
2043,2023-10-30,APAC,Singapore,Bluetooth Speaker,Electronics,Consumer,2,63.53,0.05,120.71,59.13
2044,2023-10-30,North America,Canada,Tablet Stand,Electronics,Consumer,2,23.34,0.1,42.01,22.66
2045,2023-10-30,LATAM,Mexico,Wireless Headphones,Electronics,SMB,3,87.6,0,262.8,137.23
2046,2023-10-30,Europe,Spain,Running Shoes,Apparel,Consumer,1,73.78,0.1,66.4,30.41
2047,2023-10-30,APAC,India,Wool Sweater,Apparel,Consumer,1,85.65,0.05,81.37,52.5
2048,2023-10-30,Europe,UK,Rain Jacket,Apparel,Enterprise,5,105.99,0.2,423.96,252.1
2049,2023-10-30,Europe,Germany,Wireless Headphones,Electronics,Consumer,3,88.79,0,266.37,154.01
2050,2023-10-30,North America,Canada,Air Purifier,Home,SMB,4,138.36,0,553.44,311.53
2051,2023-10-31,LATAM,Mexico,Ceramic Cookware Set,Home,SMB,1,141.04,0,141.04,78.23
2052,2023-10-31,LATAM,Brazil,Smart Watch,Electronics,Consumer,1,184.74,0,184.74,85.29
2053,2023-10-31,North America,USA,Monitor Arm,Office,Consumer,1,55.24,0,55.24,26.59
2054,2023-10-31,APAC,Japan,Bluetooth Speaker,Electronics,Enterprise,4,63.52,0.2,203.26,115.23
2055,2023-10-31,North America,USA,Monitor Arm,Office,Enterprise,4,61.12,0,244.48,149.88
2056,2023-10-31,North America,USA,Wireless Headphones,Electronics,Consumer,1,83.3,0.1,74.97,35.85
2057,2023-11-01,APAC,Australia,Vacuum Cleaner,Home,SMB,2,231.67,0,463.34,276.54
2058,2023-11-01,Europe,UK,Rain Jacket,Apparel,Enterprise,6,102.59,0.15,523.21,287.08
2059,2023-11-01,North America,Canada,Denim Jacket,Apparel,SMB,6,71.49,0.1,386.05,206.99
2060,2023-11-01,APAC,Australia,Air Purifier,Home,Enterprise,2,125.43,0.1,225.77,144.57
2061,2023-11-01,North America,USA,Air Purifier,Home,SMB,5,134.22,0.2,536.88,271.06
2062,2023-11-01,Europe,Germany,Wool Sweater,Apparel,Enterprise,7,82.21,0.2,460.38,288.62
2063,2023-11-01,Europe,Germany,Bluetooth Speaker,Electronics,Consumer,4,58.89,0,235.56,144.9
2064,2023-11-01,North America,Canada,Running Shoes,Apparel,SMB,4,74.56,0.1,268.42,166.81
2065,2023-11-01,North America,Canada,Notebook Set,Office,Enterprise,9,15.59,0.15,119.26,75.73
2066,2023-11-01,Europe,Germany,Rain Jacket,Apparel,SMB,5,102.54,0,512.7,288.96
2067,2023-11-01,Europe,Spain,Denim Jacket,Apparel,SMB,6,71.89,0,431.34,226.71
2068,2023-11-02,APAC,Singapore,LED Desk Lamp,Home,Enterprise,5,38.04,0,190.2,92.76
2069,2023-11-02,Europe,UK,Monitor Arm,Office,Consumer,3,56.75,0.15,144.71,92.68
2070,2023-11-02,LATAM,Mexico,Ceramic Cookware Set,Home,Enterprise,1,142.22,0.2,113.78,65.73
2071,2023-11-02,Europe,France,Tablet Stand,Electronics,Consumer,2,26.61,0.2,42.58,23.9
2072,2023-11-02,APAC,Singapore,Air Purifier,Home,Enterprise,5,137.97,0.1,620.87,325.46
2073,2023-11-02,LATAM,Brazil,Wireless Headphones,Electronics,SMB,5,82.81,0,414.05,219.62
2074,2023-11-02,North America,USA,Vacuum Cleaner,Home,Consumer,4,218.72,0.1,787.39,507.66
2075,2023-11-02,Europe,Germany,Tablet Stand,Electronics,SMB,4,25.92,0.1,93.31,59.73
2076,2023-11-02,APAC,India,Vacuum Cleaner,Home,Enterprise,5,216.65,0.15,920.76,567.81
2077,2023-11-02,APAC,Australia,Wireless Headphones,Electronics,Enterprise,3,82.91,0,248.73,120.38
2078,2023-11-02,APAC,Australia,Monitor Arm,Office,Enterprise,7,57.05,0,399.35,198.68
2079,2023-11-02,LATAM,Mexico,Running Shoes,Apparel,SMB,2,75.25,0.1,135.45,79.68
2080,2023-11-02,North America,USA,LED Desk Lamp,Home,Enterprise,7,36.46,0,255.22,159.68
2081,2023-11-02,Europe,UK,Bluetooth Speaker,Electronics,Consumer,1,58.43,0,58.43,30.6
2082,2023-11-03,APAC,Australia,Denim Jacket,Apparel,Enterprise,4,69.7,0.1,250.92,145.53
2083,2023-11-03,LATAM,Brazil,Notebook Set,Office,SMB,1,14.04,0.2,11.23,5.37
2084,2023-11-03,APAC,Japan,Bluetooth Speaker,Electronics,Consumer,4,62.66,0,250.64,116.11
2085,2023-11-03,Europe,Spain,Running Shoes,Apparel,Consumer,1,73.28,0.1,65.95,34.98
2086,2023-11-03,Europe,Germany,Notebook Set,Office,Enterprise,5,16.04,0.15,68.17,32.88
2087,2023-11-03,North America,USA,Smart Watch,Electronics,Enterprise,9,206.81,0.1,1675.16,916.41
2088,2023-11-03,North America,Canada,Vacuum Cleaner,Home,Consumer,1,202.59,0,202.59,129.55
2089,2023-11-03,Europe,Spain,Ceramic Cookware Set,Home,SMB,4,141.03,0.1,507.71,259.44
2090,2023-11-03,Europe,Germany,Running Shoes,Apparel,SMB,3,81.93,0.05,233.5,128.92
2091,2023-11-03,North America,Canada,Monitor Arm,Office,SMB,4,59.94,0.1,215.78,132.2
2092,2023-11-03,APAC,Singapore,Denim Jacket,Apparel,SMB,3,73.74,0,221.22,107.22
2093,2023-11-03,North America,USA,Denim Jacket,Apparel,Enterprise,8,73.65,0.1,530.28,292.19
2094,2023-11-04,LATAM,Brazil,Wireless Headphones,Electronics,Enterprise,3,95.17,0,285.51,178.69
2095,2023-11-04,Europe,France,Ceramic Cookware Set,Home,SMB,2,141.39,0,282.78,162.76
2096,2023-11-04,North America,USA,Tablet Stand,Electronics,SMB,4,24.92,0,99.68,47.58
2097,2023-11-04,Europe,Germany,Rain Jacket,Apparel,Consumer,4,100.81,0.05,383.08,248.41
2098,2023-11-04,North America,Canada,Wireless Headphones,Electronics,Enterprise,6,93.59,0.2,449.23,289.49
2099,2023-11-04,Europe,UK,Vacuum Cleaner,Home,SMB,4,222.27,0.15,755.72,414.34
2100,2023-11-04,Europe,France,Ceramic Cookware Set,Home,Consumer,2,159.63,0.2,255.41,123.24
2101,2023-11-04,LATAM,Brazil,Tablet Stand,Electronics,Consumer,1,25.05,0.1,22.55,12.52
2102,2023-11-04,Europe,UK,Tablet Stand,Electronics,Consumer,3,25.79,0,77.37,39.28
2103,2023-11-04,Europe,UK,Air Purifier,Home,Consumer,1,120.95,0.15,102.81,54.77
2104,2023-11-04,Europe,UK,Wireless Headphones,Electronics,Enterprise,8,94.84,0,758.72,455.6
2105,2023-11-04,Europe,Spain,Bluetooth Speaker,Electronics,Enterprise,8,56.58,0.2,362.11,234.0
2106,2023-11-04,Europe,Spain,Bluetooth Speaker,Electronics,SMB,3,62.43,0,187.29,87.46
2107,2023-11-04,North America,USA,LED Desk Lamp,Home,Enterprise,7,39.62,0.15,235.74,123.03
2108,2023-11-04,APAC,Australia,Running Shoes,Apparel,Consumer,1,77.87,0,77.87,41.95
2109,2023-11-04,APAC,Singapore,Vacuum Cleaner,Home,Enterprise,5,211.97,0,1059.85,556.13
2110,2023-11-04,Europe,Spain,Air Purifier,Home,Enterprise,75,122.53,0,9189.75,4441.9
2111,2023-11-05,North America,USA,Wireless Headphones,Electronics,SMB,6,94.17,0.1,508.52,280.45
2112,2023-11-05,North America,Canada,Rain Jacket,Apparel,Enterprise,7,99.99,0,699.93,351.3
2113,2023-11-05,North America,USA,Bluetooth Speaker,Electronics,Consumer,4,61.96,0,247.84,127.76
2114,2023-11-05,Europe,Spain,Tablet Stand,Electronics,SMB,7,23.21,0,162.47,74.46
2115,2023-11-05,APAC,Singapore,Denim Jacket,Apparel,SMB,1,66.65,0,66.65,40.11
2116,2023-11-05,APAC,Singapore,Wireless Headphones,Electronics,Consumer,4,83.92,0.1,302.11,136.91
2117,2023-11-05,Europe,France,Wool Sweater,Apparel,SMB,4,89.14,0.15,303.08,195.8
2118,2023-11-05,Europe,UK,Tablet Stand,Electronics,Consumer,4,25.57,0.05,97.17,62.46
2119,2023-11-05,North America,Canada,Wireless Headphones,Electronics,Consumer,4,92.74,0.05,352.41,217.76
2120,2023-11-05,Europe,Spain,Tablet Stand,Electronics,Enterprise,5,23.62,0,118.1,62.91
2121,2023-11-05,Europe,Germany,Tablet Stand,Electronics,SMB,5,24.43,0.2,97.72,47.33
2122,2023-11-06,LATAM,Mexico,Rain Jacket,Apparel,SMB,4,102.07,0.1,367.45,223.19
2123,2023-11-06,North America,USA,Monitor Arm,Office,SMB,5,58.68,0.05,278.73,146.14
2124,2023-11-06,LATAM,Brazil,Tablet Stand,Electronics,SMB,2,25.32,0,50.64,22.91
2125,2023-11-06,Europe,Germany,Bluetooth Speaker,Electronics,Consumer,4,60.04,0.05,228.15,123.18
2126,2023-11-06,North America,Canada,Wireless Headphones,Electronics,Consumer,5,95.94,0.05,455.71,280.22
2127,2023-11-06,APAC,India,Smart Watch,Electronics,Consumer,3,190.18,0.05,542.01,318.95
2128,2023-11-06,LATAM,Brazil,Ceramic Cookware Set,Home,SMB,2,143.74,0,287.48,185.94
2129,2023-11-06,North America,Canada,Tablet Stand,Electronics,Consumer,3,25.82,0.15,65.84,39.57
2130,2023-11-06,North America,USA,Tablet Stand,Electronics,SMB,6,26.86,0,161.16,86.9
2131,2023-11-06,North America,Canada,Running Shoes,Apparel,Enterprise,9,77.38,0.15,591.96,350.27
2132,2023-11-06,North America,USA,Running Shoes,Apparel,SMB,4,81.2,0.1,292.32,148.05
2133,2023-11-06,APAC,India,Wool Sweater,Apparel,Enterprise,1,85.4,0.15,72.59,38.99
2134,2023-11-07,LATAM,Mexico,Rain Jacket,Apparel,Consumer,1,92.47,0,92.47,41.87
2135,2023-11-07,North America,Canada,Wireless Headphones,Electronics,Enterprise,5,93.63,0,468.15,215.65
2136,2023-11-07,North America,USA,Ceramic Cookware Set,Home,Enterprise,7,156.86,0.2,878.42,453.96
2137,2023-11-07,APAC,Australia,Bluetooth Speaker,Electronics,Enterprise,5,62.55,0,312.75,158.25
2138,2023-11-07,Europe,Spain,Vacuum Cleaner,Home,Enterprise,8,234.3,0.05,1780.68,961.21
2139,2023-11-07,APAC,India,LED Desk Lamp,Home,SMB,2,37.92,0,75.84,46.99
2140,2023-11-07,Europe,UK,Standing Desk,Office,Enterprise,8,386.72,0,3093.76,1841.44
2141,2023-11-07,North America,Canada,Vacuum Cleaner,Home,Enterprise,8,229.52,0,1836.16,1189.08
2142,2023-11-07,North America,Canada,Smart Watch,Electronics,SMB,7,202.89,0.15,1207.2,638.21
2143,2023-11-07,Europe,Germany,Wool Sweater,Apparel,Consumer,4,91.38,0.05,347.24,185.64
2144,2023-11-07,North America,USA,Bluetooth Speaker,Electronics,Enterprise,7,63.06,0.2,353.14,170.86
2145,2023-11-08,Europe,Spain,Wool Sweater,Apparel,SMB,3,88.01,0.2,211.22,131.36
2146,2023-11-08,APAC,Australia,Wireless Headphones,Electronics,Enterprise,4,86.15,0.15,292.91,180.68
2147,2023-11-08,North America,USA,Tablet Stand,Electronics,Enterprise,7,23.8,0.05,158.27,80.21
2148,2023-11-08,Europe,Spain,Tablet Stand,Electronics,SMB,6,26.01,0.2,124.85,63.86
2149,2023-11-08,North America,USA,LED Desk Lamp,Home,Enterprise,7,39.41,0.15,234.49,147.79
2150,2023-11-08,APAC,Japan,Bluetooth Speaker,Electronics,SMB,2,54.59,0,109.18,51.28
2151,2023-11-08,Europe,UK,Running Shoes,Apparel,SMB,6,80.14,0.2,384.67,199.74
2152,2023-11-08,Europe,UK,Denim Jacket,Apparel,Consumer,5,65.04,0.05,308.94,173.19
2153,2023-11-08,Europe,Germany,Running Shoes,Apparel,Enterprise,3,78.35,0.05,223.3,120.97
2154,2023-11-08,Europe,France,Ceramic Cookware Set,Home,Enterprise,6,158.6,0.2,761.28,481.01
2155,2023-11-08,Europe,Germany,Bluetooth Speaker,Electronics,Consumer,4,61.07,0.05,232.07,128.85
2156,2023-11-09,North America,Canada,Rain Jacket,Apparel,Enterprise,7,97.0,0.2,543.2,323.58
2157,2023-11-09,North America,Canada,Tablet Stand,Electronics,SMB,6,25.78,0.1,139.21,63.26
2158,2023-11-09,Europe,UK,Smart Watch,Electronics,Enterprise,5,203.35,0,1016.75,630.57
2159,2023-11-09,Europe,France,Denim Jacket,Apparel,Consumer,4,69.86,0,279.44,138.4
2160,2023-11-09,North America,USA,Ceramic Cookware Set,Home,SMB,6,138.3,0,829.8,419.94
2161,2023-11-09,APAC,Australia,Tablet Stand,Electronics,SMB,4,24.08,0,96.32,47.23
2162,2023-11-09,LATAM,Mexico,Tablet Stand,Electronics,Consumer,3,25.67,0.2,61.61,31.77
2163,2023-11-09,North America,Canada,Running Shoes,Apparel,SMB,4,80.33,0,321.32,184.2
2164,2023-11-09,LATAM,Brazil,Wireless Headphones,Electronics,Consumer,2,89.17,0,178.34,101.38
2165,2023-11-09,Europe,France,Bluetooth Speaker,Electronics,SMB,6,60.81,0,364.86,217.32
2166,2023-11-09,Europe,Spain,Ergonomic Chair,Office,Consumer,1,231.94,0,231.94,132.98
2167,2023-11-10,Europe,UK,Ceramic Cookware Set,Home,SMB,3,142.58,0.15,363.58,177.61
2168,2023-11-10,Europe,UK,Running Shoes,Apparel,Consumer,1,73.11,0.2,58.49,28.01
2169,2023-11-10,APAC,Australia,Denim Jacket,Apparel,SMB,4,73.86,0.1,265.9,139.93
2170,2023-11-10,North America,USA,Wool Sweater,Apparel,Enterprise,8,84.5,0,676.0,316.75
2171,2023-11-10,APAC,Singapore,Bluetooth Speaker,Electronics,Consumer,6,60.05,0.2,288.24,139.84
2172,2023-11-10,North America,Canada,Wireless Headphones,Electronics,Consumer,3,83.0,0,249.0,150.16
2173,2023-11-10,LATAM,Mexico,Bluetooth Speaker,Electronics,Consumer,1,57.7,0.15,49.05,29.9
2174,2023-11-10,LATAM,Brazil,Air Purifier,Home,Consumer,1,130.63,0,130.63,72.23
2175,2023-11-10,North America,USA,Tablet Stand,Electronics,Enterprise,6,24.8,0,148.8,92.73
2176,2023-11-10,APAC,Australia,Ceramic Cookware Set,Home,Consumer,3,149.68,0.05,426.59,263.67
2177,2023-11-10,Europe,Spain,Rain Jacket,Apparel,Consumer,1,97.99,0.2,78.39,40.07
2178,2023-11-10,Europe,UK,Wool Sweater,Apparel,Enterprise,7,91.37,0.15,543.65,273.88
2179,2023-11-10,Europe,UK,Ergonomic Chair,Office,Consumer,5,248.88,0.15,1057.74,635.64
2180,2023-11-10,North America,USA,Running Shoes,Apparel,SMB,7,84.57,0,591.99,375.3
2181,2023-11-10,North America,USA,Denim Jacket,Apparel,Enterprise,8,68.88,0.15,468.38,242.77
2182,2023-11-10,LATAM,Brazil,Wool Sweater,Apparel,SMB,1,88.87,0,88.87,56.74
2183,2023-11-10,North America,USA,Notebook Set,Office,SMB,6,14.47,0,86.82,42.8
2184,2023-11-11,North America,USA,Tablet Stand,Electronics,Consumer,5,23.5,0.15,99.88,54.44
2185,2023-11-11,APAC,India,Vacuum Cleaner,Home,Consumer,1,226.0,0,226.0,124.32
2186,2023-11-11,Europe,France,Air Purifier,Home,Consumer,2,121.62,0,243.24,113.98
2187,2023-11-11,Europe,Germany,Standing Desk,Office,SMB,5,427.17,0.1,1922.26,939.94
2188,2023-11-11,APAC,Japan,Tablet Stand,Electronics,Enterprise,4,23.27,0.1,83.77,50.8
2189,2023-11-11,APAC,India,Ergonomic Chair,Office,Enterprise,6,266.85,0.05,1521.05,758.75
2190,2023-11-11,Europe,Germany,Wireless Headphones,Electronics,Consumer,5,96.07,0,480.35,279.15
2191,2023-11-12,North America,Canada,Rain Jacket,Apparel,SMB,6,100.57,0.1,543.08,275.0
2192,2023-11-12,North America,Canada,Running Shoes,Apparel,Consumer,3,75.0,0,225.0,128.0
2193,2023-11-12,APAC,Japan,Denim Jacket,Apparel,Enterprise,2,67.9,0,135.8,62.36
2194,2023-11-12,North America,Canada,Notebook Set,Office,SMB,5,13.91,0.05,66.07,34.62
2195,2023-11-12,North America,USA,Notebook Set,Office,Enterprise,7,14.81,0.15,88.12,50.06
2196,2023-11-12,APAC,Japan,Wool Sweater,Apparel,Consumer,3,82.73,0.15,210.96,128.79
2197,2023-11-12,LATAM,Mexico,LED Desk Lamp,Home,SMB,3,39.89,0.2,95.74,61.16
2198,2023-11-13,North America,Canada,LED Desk Lamp,Home,SMB,4,41.75,0.15,141.95,85.12
2199,2023-11-13,North America,USA,Smart Watch,Electronics,Enterprise,6,202.63,0.2,972.62,463.06
2200,2023-11-13,APAC,Singapore,Denim Jacket,Apparel,SMB,3,65.36,0,196.08,114.26
2201,2023-11-13,LATAM,Brazil,LED Desk Lamp,Home,Consumer,3,39.4,0,118.2,60.7
2202,2023-11-13,North America,USA,Wireless Headphones,Electronics,Consumer,1,89.31,0.2,71.45,38.95
2203,2023-11-13,LATAM,Brazil,LED Desk Lamp,Home,SMB,1,40.01,0,40.01,23.21
2204,2023-11-13,APAC,Singapore,Bluetooth Speaker,Electronics,Consumer,5,54.37,0.2,217.48,112.44
2205,2023-11-13,North America,USA,Rain Jacket,Apparel,Enterprise,7,105.54,0,738.78,374.51
2206,2023-11-13,LATAM,Brazil,Running Shoes,Apparel,SMB,1,80.63,0.05,76.6,39.65
2207,2023-11-13,Europe,Germany,Wireless Headphones,Electronics,Enterprise,4,86.74,0.2,277.57,149.84
2208,2023-11-13,Europe,France,Ceramic Cookware Set,Home,Consumer,2,156.71,0.1,282.08,135.18
2209,2023-11-13,Europe,France,Wireless Headphones,Electronics,Enterprise,7,85.61,0,599.27,326.09
2210,2023-11-13,APAC,Singapore,Tablet Stand,Electronics,Consumer,2,26.91,0,53.82,28.87
2211,2023-11-13,North America,Canada,Rain Jacket,Apparel,SMB,4,91.9,0.1,330.84,154.11
2212,2023-11-13,Europe,Germany,Air Purifier,Home,Enterprise,8,134.75,0,1078.0,682.8
2213,2023-11-13,North America,USA,Rain Jacket,Apparel,Consumer,5,100.08,0.15,425.34,213.15
2214,2023-11-13,LATAM,Mexico,Running Shoes,Apparel,SMB,4,81.57,0,326.28,150.11
2215,2023-11-14,Europe,Spain,Wireless Headphones,Electronics,Consumer,1,90.49,0,90.49,50.24
2216,2023-11-14,North America,Canada,Wireless Headphones,Electronics,Enterprise,6,92.62,0,555.72,327.62
2217,2023-11-14,APAC,Singapore,Ergonomic Chair,Office,SMB,4,242.66,0.05,922.11,536.48
2218,2023-11-14,North America,Canada,Vacuum Cleaner,Home,Enterprise,6,202.23,0,1213.38,669.92
2219,2023-11-14,Europe,France,Tablet Stand,Electronics,SMB,4,26.18,0,104.72,67.89
2220,2023-11-14,Europe,France,Wool Sweater,Apparel,Consumer,4,91.04,0,364.16,211.19
2221,2023-11-14,North America,Canada,Air Purifier,Home,Enterprise,7,131.07,0,917.49,456.69
2222,2023-11-14,Europe,Germany,Denim Jacket,Apparel,Enterprise,8,66.75,0.2,427.2,232.19
2223,2023-11-14,North America,Canada,Running Shoes,Apparel,Enterprise,9,79.37,0,714.33,441.6
2224,2023-11-14,Europe,Germany,Ceramic Cookware Set,Home,SMB,6,150.68,0,904.08,559.09
2225,2023-11-14,North America,USA,Running Shoes,Apparel,Enterprise,6,80.13,0.1,432.7,235.53
2226,2023-11-14,APAC,Singapore,Air Purifier,Home,Consumer,2,128.28,0.1,230.9,138.78
2227,2023-11-14,APAC,India,Notebook Set,Office,Consumer,3,14.51,0,43.53,21.07
2228,2023-11-14,Europe,UK,Wool Sweater,Apparel,Consumer,1,86.07,0.05,81.77,42.07
2229,2023-11-15,APAC,India,Bluetooth Speaker,Electronics,Enterprise,3,62.19,0.1,167.91,80.24
2230,2023-11-15,APAC,India,Notebook Set,Office,Enterprise,3,15.8,0.1,42.66,24.21
2231,2023-11-15,North America,USA,LED Desk Lamp,Home,SMB,3,39.39,0.15,100.44,49.07
2232,2023-11-15,North America,USA,Rain Jacket,Apparel,Consumer,5,104.22,0.15,442.94,201.7
2233,2023-11-15,North America,Canada,Smart Watch,Electronics,SMB,5,196.69,0,983.45,570.16
2234,2023-11-15,North America,USA,Vacuum Cleaner,Home,SMB,6,208.35,0.2,1000.08,591.94
2235,2023-11-15,Europe,UK,Vacuum Cleaner,Home,Consumer,2,208.35,0,416.7,257.58
2236,2023-11-15,APAC,India,LED Desk Lamp,Home,Consumer,3,41.15,0.05,117.28,73.71
2237,2023-11-16,LATAM,Mexico,LED Desk Lamp,Home,Enterprise,2,40.19,0.15,68.32,34.06
2238,2023-11-16,North America,Canada,Smart Watch,Electronics,Consumer,3,199.7,0.05,569.14,323.62
2239,2023-11-16,North America,Canada,Rain Jacket,Apparel,Enterprise,6,96.87,0,581.22,337.84
2240,2023-11-16,APAC,Japan,Denim Jacket,Apparel,SMB,3,68.79,0.15,175.41,91.76
2241,2023-11-16,APAC,India,Vacuum Cleaner,Home,Enterprise,4,202.74,0.05,770.41,423.01
2242,2023-11-16,APAC,Australia,Tablet Stand,Electronics,Enterprise,3,26.54,0.2,63.7,34.92
2243,2023-11-16,Europe,France,Denim Jacket,Apparel,Enterprise,4,71.37,0,285.48,182.12
2244,2023-11-16,North America,USA,Denim Jacket,Apparel,Consumer,7,72.47,0,507.29,231.69
2245,2023-11-16,Europe,France,Rain Jacket,Apparel,Enterprise,5,102.17,0.2,408.68,218.42
2246,2023-11-16,North America,Canada,Bluetooth Speaker,Electronics,Consumer,3,61.33,0.1,165.59,87.9
2247,2023-11-17,Europe,Spain,Tablet Stand,Electronics,Enterprise,6,24.3,0.2,116.64,74.59
2248,2023-11-17,North America,Canada,Bluetooth Speaker,Electronics,Enterprise,7,58.65,0,410.55,248.36
2249,2023-11-17,North America,Canada,Wool Sweater,Apparel,Enterprise,6,89.65,0,537.9,306.64
2250,2023-11-17,LATAM,Brazil,Bluetooth Speaker,Electronics,Enterprise,3,61.65,0.1,166.45,75.44
2251,2023-11-17,APAC,Japan,Wireless Headphones,Electronics,Consumer,5,88.04,0,440.2,258.64
2252,2023-11-17,North America,USA,Tablet Stand,Electronics,Consumer,4,26.06,0.2,83.39,40.84
2253,2023-11-17,North America,USA,Wireless Headphones,Electronics,Enterprise,6,88.86,0,533.16,253.2
2254,2023-11-17,LATAM,Mexico,Wireless Headphones,Electronics,SMB,3,87.24,0,261.72,140.11
2255,2023-11-17,LATAM,Brazil,Vacuum Cleaner,Home,Enterprise,2,226.98,0,453.96,232.74
2256,2023-11-17,North America,USA,Wireless Headphones,Electronics,Consumer,4,91.92,0.2,294.14,148.04
2257,2023-11-17,LATAM,Brazil,Air Purifier,Home,Consumer,2,121.59,0.15,206.7,102.35
2258,2023-11-18,LATAM,Brazil,LED Desk Lamp,Home,Enterprise,5,40.3,0,201.5,111.63
2259,2023-11-18,North America,USA,Tablet Stand,Electronics,SMB,6,26.67,0.1,144.02,86.51
2260,2023-11-18,LATAM,Brazil,Tablet Stand,Electronics,Enterprise,2,23.04,0.2,36.86,23.93
2261,2023-11-18,LATAM,Mexico,Wool Sweater,Apparel,Consumer,2,87.77,0.05,166.76,83.31
2262,2023-11-18,APAC,India,Air Purifier,Home,Consumer,1,129.0,0,129.0,66.93
2263,2023-11-18,APAC,India,Monitor Arm,Office,SMB,4,59.77,0.2,191.26,99.23
2264,2023-11-18,APAC,Singapore,Air Purifier,Home,Consumer,1,122.73,0.2,98.18,60.95
2265,2023-11-18,LATAM,Mexico,LED Desk Lamp,Home,Enterprise,3,39.09,0.15,99.68,47.48
2266,2023-11-18,Europe,France,Vacuum Cleaner,Home,Enterprise,4,212.41,0.15,722.19,339.39
2267,2023-11-18,North America,USA,Tablet Stand,Electronics,Consumer,1,24.35,0.15,20.7,11.56
2268,2023-11-18,Europe,Spain,LED Desk Lamp,Home,SMB,3,37.33,0.15,95.19,53.98
2269,2023-11-19,Europe,Spain,Smart Watch,Electronics,Enterprise,5,201.69,0.1,907.61,480.92
2270,2023-11-19,Europe,France,Denim Jacket,Apparel,SMB,3,71.92,0.2,172.61,111.28
2271,2023-11-19,APAC,India,Running Shoes,Apparel,Enterprise,5,72.89,0.2,291.56,175.03
2272,2023-11-19,Europe,Spain,Standing Desk,Office,SMB,5,368.93,0,1844.65,1188.31
2273,2023-11-19,APAC,India,Rain Jacket,Apparel,Consumer,2,103.34,0,206.68,99.53
2274,2023-11-19,Europe,Germany,LED Desk Lamp,Home,Enterprise,7,37.24,0.2,208.54,104.76
2275,2023-11-19,Europe,Spain,Bluetooth Speaker,Electronics,SMB,4,61.5,0.15,209.1,134.51
2276,2023-11-19,North America,Canada,Rain Jacket,Apparel,SMB,5,92.7,0.15,393.97,212.92
2277,2023-11-19,APAC,Singapore,Bluetooth Speaker,Electronics,Consumer,4,58.26,0,233.04,142.52
2278,2023-11-19,LATAM,Brazil,Air Purifier,Home,SMB,1,120.93,0.05,114.88,60.89
2279,2023-11-19,APAC,Singapore,Smart Watch,Electronics,Enterprise,6,196.22,0.05,1118.45,602.6
2280,2023-11-20,LATAM,Brazil,Vacuum Cleaner,Home,Consumer,5,227.37,0.15,966.32,449.28
2281,2023-11-20,APAC,Singapore,Wool Sweater,Apparel,Enterprise,4,84.73,0.1,305.03,186.46
2282,2023-11-20,North America,Canada,Tablet Stand,Electronics,SMB,4,23.65,0,94.6,59.7
2283,2023-11-20,APAC,Singapore,Smart Watch,Electronics,SMB,2,197.67,0,395.34,238.2
2284,2023-11-20,LATAM,Mexico,Standing Desk,Office,Consumer,1,372.42,0.1,335.18,195.3
2285,2023-11-20,North America,USA,Wool Sweater,Apparel,SMB,3,85.37,0.2,204.89,94.62
2286,2023-11-21,North America,Canada,LED Desk Lamp,Home,SMB,7,38.54,0.15,229.31,111.54
2287,2023-11-21,APAC,India,Ceramic Cookware Set,Home,Consumer,1,158.89,0.15,135.06,80.75
2288,2023-11-21,APAC,Australia,Running Shoes,Apparel,Consumer,1,76.09,0.15,64.68,33.65
2289,2023-11-21,LATAM,Brazil,Tablet Stand,Electronics,SMB,2,26.73,0.05,50.79,23.3
2290,2023-11-21,Europe,UK,Wireless Headphones,Electronics,Consumer,2,90.51,0.15,153.87,75.07
2291,2023-11-21,APAC,Singapore,Denim Jacket,Apparel,Enterprise,5,72.78,0.2,291.12,151.96
2292,2023-11-21,APAC,Singapore,Running Shoes,Apparel,Consumer,2,73.83,0.1,132.89,70.46
2293,2023-11-21,APAC,Singapore,Smart Watch,Electronics,SMB,4,191.03,0.1,687.71,402.95
2294,2023-11-22,APAC,India,Bluetooth Speaker,Electronics,Enterprise,4,61.49,0,245.96,135.34
2295,2023-11-22,North America,USA,Ceramic Cookware Set,Home,Consumer,3,139.39,0,418.17,229.68
2296,2023-11-22,APAC,Singapore,Wool Sweater,Apparel,SMB,5,88.58,0.05,420.75,267.03
2297,2023-11-22,North America,Canada,Running Shoes,Apparel,SMB,5,77.48,0,387.4,196.78
2298,2023-11-22,Europe,Germany,Rain Jacket,Apparel,SMB,4,99.24,0.2,317.57,153.76
2299,2023-11-23,LATAM,Mexico,Vacuum Cleaner,Home,Consumer,1,211.98,0.2,169.58,76.88
2300,2023-11-23,APAC,Singapore,Ceramic Cookware Set,Home,Consumer,1,141.62,0.1,127.46,61.7
2301,2023-11-23,North America,Canada,Ceramic Cookware Set,Home,Consumer,4,144.64,0,578.56,367.33
2302,2023-11-23,North America,USA,Denim Jacket,Apparel,SMB,5,73.52,0.1,330.84,188.98
2303,2023-11-23,North America,Canada,Monitor Arm,Office,Consumer,2,63.15,0,126.3,59.72
2304,2023-11-23,Europe,Germany,Wireless Headphones,Electronics,Consumer,4,88.19,0,352.76,186.27
2305,2023-11-23,LATAM,Mexico,Wool Sweater,Apparel,Enterprise,4,87.69,0,350.76,158.5
2306,2023-11-23,Europe,Germany,Tablet Stand,Electronics,Enterprise,6,26.05,0,156.3,90.32
2307,2023-11-24,APAC,Singapore,Bluetooth Speaker,Electronics,SMB,2,59.47,0,118.94,58.28
2308,2023-11-24,North America,Canada,Notebook Set,Office,Consumer,3,15.21,0,45.63,29.2
2309,2023-11-24,APAC,Australia,Wireless Headphones,Electronics,SMB,3,93.15,0.2,223.56,141.67
2310,2023-11-24,LATAM,Mexico,Ceramic Cookware Set,Home,Consumer,1,140.01,0.15,119.01,55.46
2311,2023-11-24,LATAM,Brazil,Smart Watch,Electronics,Enterprise,2,195.11,0.15,331.69,151.09
2312,2023-11-24,North America,USA,Ceramic Cookware Set,Home,Enterprise,9,153.71,0.1,1245.05,699.04
2313,2023-11-24,Europe,France,LED Desk Lamp,Home,SMB,5,37.6,0.1,169.2,76.77
2314,2023-11-24,Europe,Germany,Rain Jacket,Apparel,SMB,2,93.89,0.2,150.22,76.73
2315,2023-11-24,APAC,Singapore,Ergonomic Chair,Office,Consumer,1,238.55,0.1,214.7,119.63
2316,2023-11-24,LATAM,Brazil,Ergonomic Chair,Office,SMB,1,233.87,0.1,210.48,127.06
2317,2023-11-24,APAC,Japan,Tablet Stand,Electronics,SMB,2,23.63,0.05,44.9,27.87
2318,2023-11-24,Europe,France,Bluetooth Speaker,Electronics,Consumer,4,63.12,0.15,214.61,125.94
2319,2023-11-24,LATAM,Brazil,Vacuum Cleaner,Home,Consumer,1,214.18,0.1,192.76,98.33
2320,2023-11-24,Europe,Germany,Wireless Headphones,Electronics,SMB,4,82.5,0,330.0,158.71
2321,2023-11-25,Europe,Germany,Smart Watch,Electronics,Consumer,1,196.04,0.05,186.24,112.1
2322,2023-11-25,North America,USA,Wireless Headphones,Electronics,Enterprise,9,83.66,0.05,715.29,425.9
2323,2023-11-25,North America,Canada,Denim Jacket,Apparel,Consumer,3,69.44,0,208.32,102.17
2324,2023-11-25,North America,USA,Notebook Set,Office,SMB,3,14.62,0,43.86,27.72
2325,2023-11-25,North America,Canada,Tablet Stand,Electronics,SMB,7,26.57,0.1,167.39,108.8
2326,2023-11-25,Europe,UK,Bluetooth Speaker,Electronics,SMB,3,61.56,0.05,175.45,103.47
2327,2023-11-25,North America,USA,Denim Jacket,Apparel,SMB,3,69.2,0,207.6,104.68
2328,2023-11-25,Europe,UK,Running Shoes,Apparel,SMB,5,84.25,0.05,400.19,230.05
2329,2023-11-25,North America,USA,Denim Jacket,Apparel,Enterprise,6,67.4,0,404.4,259.29
2330,2023-11-25,North America,Canada,Bluetooth Speaker,Electronics,Consumer,3,62.84,0.2,150.82,83.9
2331,2023-11-25,APAC,India,Monitor Arm,Office,SMB,3,60.77,0.15,154.96,83.68
2332,2023-11-25,North America,Canada,Running Shoes,Apparel,SMB,5,79.15,0,395.75,232.22
2333,2023-11-25,North America,USA,Running Shoes,Apparel,Enterprise,7,74.95,0,524.65,311.2
2334,2023-11-25,Europe,Germany,Ceramic Cookware Set,Home,Consumer,7,143.69,0.2,804.66,371.49
2335,2023-11-25,LATAM,Mexico,Smart Watch,Electronics,Consumer,2,204.41,0,408.82,192.63
2336,2023-11-25,LATAM,Brazil,Denim Jacket,Apparel,SMB,4,65.52,0,262.08,123.93
2337,2023-11-26,North America,Canada,Air Purifier,Home,Consumer,2,134.75,0,269.5,164.86
2338,2023-11-26,Europe,Spain,Tablet Stand,Electronics,SMB,5,23.64,0.2,94.56,55.17
2339,2023-11-26,Europe,France,Air Purifier,Home,Consumer,1,130.0,0,130.0,75.6
2340,2023-11-26,North America,Canada,Bluetooth Speaker,Electronics,SMB,5,63.25,0.05,300.44,163.07
2341,2023-11-26,Europe,Spain,Tablet Stand,Electronics,Consumer,2,25.76,0,51.52,25.77
2342,2023-11-26,APAC,Singapore,Running Shoes,Apparel,Consumer,1,73.7,0,73.7,42.07
2343,2023-11-26,LATAM,Mexico,Air Purifier,Home,Consumer,1,126.23,0.15,107.3,48.92
2344,2023-11-27,Europe,Germany,Running Shoes,Apparel,Enterprise,7,76.15,0.1,479.75,255.59
2345,2023-11-27,APAC,India,Air Purifier,Home,SMB,4,124.56,0,498.24,247.78
2346,2023-11-27,APAC,Singapore,LED Desk Lamp,Home,Enterprise,6,38.57,0,231.42,104.46
2347,2023-11-27,North America,Canada,Ceramic Cookware Set,Home,Consumer,1,154.96,0,154.96,72.09
2348,2023-11-27,Europe,France,Air Purifier,Home,Consumer,2,121.16,0,242.32,118.5
2349,2023-11-27,LATAM,Mexico,Vacuum Cleaner,Home,Enterprise,3,210.85,0,632.55,331.6
2350,2023-11-27,North America,USA,Denim Jacket,Apparel,Enterprise,6,70.21,0.05,400.2,259.6
2351,2023-11-27,Europe,Spain,Denim Jacket,Apparel,SMB,4,73.25,0,293.0,145.24
2352,2023-11-28,North America,USA,Wool Sweater,Apparel,Consumer,3,87.2,0.15,222.36,117.65
2353,2023-11-28,Europe,France,Ceramic Cookware Set,Home,SMB,3,147.87,0.05,421.43,189.66
2354,2023-11-28,LATAM,Brazil,Vacuum Cleaner,Home,SMB,2,218.01,0,436.02,239.84
2355,2023-11-28,APAC,Australia,Standing Desk,Office,SMB,1,405.08,0.05,384.83,233.19
2356,2023-11-28,Europe,UK,Rain Jacket,Apparel,Enterprise,3,100.82,0,302.46,182.87
2357,2023-11-28,APAC,Japan,Smart Watch,Electronics,Enterprise,7,208.19,0,1457.33,718.01
2358,2023-11-28,North America,Canada,Wireless Headphones,Electronics,Enterprise,9,92.28,0.15,705.94,423.87
2359,2023-11-28,LATAM,Mexico,Vacuum Cleaner,Home,Consumer,1,230.28,0.15,195.74,104.78
2360,2023-11-28,Europe,Germany,Notebook Set,Office,Enterprise,4,15.85,0.1,57.06,31.21
2361,2023-11-28,LATAM,Mexico,Smart Watch,Electronics,Consumer,4,187.91,0.15,638.89,412.55
2362,2023-11-29,North America,Canada,Tablet Stand,Electronics,SMB,4,23.68,0.2,75.78,39.38
2363,2023-11-29,North America,Canada,Wool Sweater,Apparel,Enterprise,8,90.44,0.2,578.82,336.19
2364,2023-11-29,APAC,Australia,Denim Jacket,Apparel,SMB,4,64.83,0.15,220.42,127.61
2365,2023-11-29,North America,USA,Smart Watch,Electronics,Consumer,3,208.07,0.1,561.79,327.74
2366,2023-11-29,Europe,UK,Denim Jacket,Apparel,SMB,3,72.93,0.1,196.91,108.84
2367,2023-11-30,APAC,Singapore,LED Desk Lamp,Home,SMB,3,39.28,0.15,100.16,60.45
2368,2023-11-30,APAC,India,Wireless Headphones,Electronics,SMB,5,94.27,0.05,447.78,281.33
2369,2023-11-30,North America,USA,Vacuum Cleaner,Home,Enterprise,5,217.67,0,1088.35,652.13
2370,2023-11-30,North America,Canada,Air Purifier,Home,SMB,2,138.06,0.05,262.31,169.81
2371,2023-11-30,LATAM,Brazil,Air Purifier,Home,SMB,3,135.55,0.2,325.32,199.24
2372,2023-11-30,North America,Canada,Smart Watch,Electronics,Consumer,1,209.11,0.05,198.65,118.31
2373,2023-11-30,Europe,France,Bluetooth Speaker,Electronics,Consumer,2,59.95,0.2,95.92,47.68
2374,2023-11-30,Europe,Spain,Smart Watch,Electronics,SMB,3,189.99,0.15,484.47,297.99
2375,2023-11-30,North America,Canada,Ceramic Cookware Set,Home,Consumer,6,153.88,0,923.28,444.82
2376,2023-11-30,LATAM,Mexico,Bluetooth Speaker,Electronics,SMB,2,59.96,0,119.92,62.85
2377,2023-11-30,North America,USA,Ceramic Cookware Set,Home,Consumer,4,160.33,0.05,609.25,351.49
2378,2023-11-30,North America,USA,Tablet Stand,Electronics,Consumer,3,23.1,0.2,55.44,33.76
2379,2023-11-30,LATAM,Mexico,Wool Sweater,Apparel,SMB,4,92.62,0,370.48,168.8
2380,2023-11-30,Europe,UK,Wool Sweater,Apparel,Enterprise,5,83.7,0,418.5,230.28
2381,2023-11-30,North America,USA,Ceramic Cookware Set,Home,Consumer,6,141.21,0,847.26,407.68
2382,2023-12-01,North America,Canada,Ceramic Cookware Set,Home,SMB,5,151.05,0.05,717.49,335.17
2383,2023-12-01,APAC,Australia,Wool Sweater,Apparel,Consumer,2,92.06,0.1,165.71,79.63
2384,2023-12-01,LATAM,Brazil,Wireless Headphones,Electronics,Consumer,3,92.6,0,277.8,132.49
2385,2023-12-01,LATAM,Mexico,Notebook Set,Office,SMB,3,15.09,0.2,36.22,22.93
2386,2023-12-01,APAC,Japan,Wool Sweater,Apparel,SMB,7,87.11,0.05,579.28,339.26
2387,2023-12-01,Europe,Germany,Smart Watch,Electronics,Consumer,5,184.38,0.05,875.8,478.98
2388,2023-12-01,Europe,UK,Air Purifier,Home,Consumer,7,136.95,0,958.65,529.8
2389,2023-12-01,North America,USA,Vacuum Cleaner,Home,Consumer,6,218.31,0.2,1047.89,663.77
2390,2023-12-01,North America,USA,Tablet Stand,Electronics,SMB,5,25.83,0,129.15,79.8
2391,2023-12-01,LATAM,Brazil,Wool Sweater,Apparel,SMB,5,90.31,0.05,428.97,201.96
2392,2023-12-01,North America,Canada,Bluetooth Speaker,Electronics,Enterprise,8,59.42,0.2,380.29,179.19
2393,2023-12-01,North America,USA,Standing Desk,Office,Enterprise,7,410.91,0,2876.37,1464.41
2394,2023-12-02,LATAM,Mexico,Wireless Headphones,Electronics,SMB,3,91.95,0.2,220.68,141.16
2395,2023-12-02,North America,Canada,Vacuum Cleaner,Home,SMB,5,208.36,0,1041.8,648.63
2396,2023-12-02,Europe,Germany,LED Desk Lamp,Home,Consumer,1,40.27,0,40.27,18.33
2397,2023-12-02,APAC,Singapore,Bluetooth Speaker,Electronics,Consumer,4,62.61,0.1,225.4,138.4
2398,2023-12-02,APAC,India,Wool Sweater,Apparel,SMB,2,82.74,0,165.48,88.36
2399,2023-12-02,North America,USA,Ergonomic Chair,Office,Consumer,5,241.18,0.05,1145.61,518.19
2400,2023-12-02,LATAM,Brazil,Air Purifier,Home,Enterprise,5,123.98,0.15,526.91,294.92
2401,2023-12-03,North America,USA,Vacuum Cleaner,Home,SMB,5,211.59,0,1057.95,524.53
2402,2023-12-03,Europe,Germany,Bluetooth Speaker,Electronics,SMB,3,61.29,0,183.87,102.31
2403,2023-12-03,Europe,UK,Smart Watch,Electronics,SMB,7,204.66,0.1,1289.36,659.84
2404,2023-12-03,Europe,Spain,Notebook Set,Office,Consumer,1,14.39,0,14.39,8.8
2405,2023-12-03,North America,USA,LED Desk Lamp,Home,SMB,6,36.91,0,221.46,134.38
2406,2023-12-03,Europe,UK,Bluetooth Speaker,Electronics,Enterprise,6,62.76,0.15,320.08,152.1
2407,2023-12-03,Europe,Spain,Ergonomic Chair,Office,Enterprise,6,247.46,0.15,1262.05,597.88
2408,2023-12-03,APAC,India,Tablet Stand,Electronics,Enterprise,5,24.61,0.15,104.59,53.76
2409,2023-12-03,North America,USA,Vacuum Cleaner,Home,Enterprise,7,219.82,0.2,1230.99,798.3
2410,2023-12-03,LATAM,Mexico,Wireless Headphones,Electronics,Consumer,3,93.53,0,280.59,177.79
2411,2023-12-03,North America,USA,Notebook Set,Office,Consumer,6,14.52,0.2,69.7,42.51
2412,2023-12-03,Europe,Spain,Vacuum Cleaner,Home,Consumer,4,202.98,0.05,771.32,365.06
2413,2023-12-04,APAC,Australia,Smart Watch,Electronics,Enterprise,4,209.56,0,838.24,472.81
2414,2023-12-04,Europe,UK,Rain Jacket,Apparel,Consumer,3,101.4,0.15,258.57,163.73
2415,2023-12-04,LATAM,Brazil,Wool Sweater,Apparel,Enterprise,3,91.13,0.15,232.38,145.22
2416,2023-12-04,APAC,India,Smart Watch,Electronics,Enterprise,7,195.91,0.05,1302.8,730.99
2417,2023-12-04,Europe,Germany,Wool Sweater,Apparel,Consumer,3,85.19,0.1,230.01,128.83
2418,2023-12-04,North America,USA,Tablet Stand,Electronics,Consumer,3,23.56,0.05,67.15,37.98
2419,2023-12-05,Europe,Spain,LED Desk Lamp,Home,SMB,4,36.68,0.1,132.05,63.68
2420,2023-12-05,APAC,Singapore,Standing Desk,Office,Consumer,4,397.39,0,1589.56,896.36
2421,2023-12-05,APAC,India,Notebook Set,Office,Enterprise,6,14.32,0.2,68.74,39.39
2422,2023-12-05,Europe,Germany,Ceramic Cookware Set,Home,Consumer,4,159.55,0,638.2,362.19
2423,2023-12-05,North America,Canada,Monitor Arm,Office,Enterprise,6,62.05,0.1,335.07,160.78
2424,2023-12-05,North America,USA,Standing Desk,Office,Enterprise,10,369.59,0.05,3511.1,2280.6
2425,2023-12-05,APAC,Australia,LED Desk Lamp,Home,Consumer,3,36.1,0,108.3,51.92
2426,2023-12-05,North America,Canada,Ceramic Cookware Set,Home,SMB,3,140.52,0,421.56,223.87
2427,2023-12-05,North America,USA,Ceramic Cookware Set,Home,Consumer,5,155.54,0.1,699.93,350.67
2428,2023-12-05,North America,Canada,Vacuum Cleaner,Home,Enterprise,8,235.88,0.05,1792.69,1109.18
2429,2023-12-05,LATAM,Mexico,Standing Desk,Office,Enterprise,3,387.99,0.15,989.37,517.4
2430,2023-12-05,North America,USA,Denim Jacket,Apparel,Consumer,5,65.63,0.05,311.74,186.38
2431,2023-12-05,APAC,India,Monitor Arm,Office,SMB,5,58.33,0.15,247.9,124.49
2432,2023-12-06,LATAM,Brazil,Tablet Stand,Electronics,Consumer,1,25.73,0,25.73,13.4
2433,2023-12-06,Europe,Spain,Notebook Set,Office,Enterprise,5,15.32,0.1,68.94,44.04
2434,2023-12-06,Europe,France,Ceramic Cookware Set,Home,SMB,1,153.65,0.15,130.6,59.25
2435,2023-12-06,North America,Canada,Standing Desk,Office,Consumer,5,413.59,0.05,1964.55,1017.12
2436,2023-12-06,APAC,India,Bluetooth Speaker,Electronics,Enterprise,3,55.51,0.15,141.55,80.74
2437,2023-12-06,LATAM,Mexico,Rain Jacket,Apparel,Consumer,2,92.6,0,185.2,89.91
2438,2023-12-06,Europe,Germany,Denim Jacket,Apparel,Enterprise,4,69.46,0.2,222.27,133.21
2439,2023-12-06,North America,Canada,Running Shoes,Apparel,SMB,9,81.95,0.1,663.8,383.53
2440,2023-12-06,APAC,Australia,LED Desk Lamp,Home,Consumer,4,40.35,0,161.4,97.17
2441,2023-12-06,North America,Canada,LED Desk Lamp,Home,Consumer,4,40.85,0.05,155.23,90.01
2442,2023-12-06,North America,Canada,LED Desk Lamp,Home,SMB,5,37.51,0.05,178.17,97.02
2443,2023-12-06,Europe,Germany,Tablet Stand,Electronics,SMB,4,25.21,0,100.84,57.75
2444,2023-12-06,Europe,Germany,Bluetooth Speaker,Electronics,Consumer,3,58.32,0.1,157.46,81.56
2445,2023-12-06,Europe,Spain,Air Purifier,Home,Enterprise,8,130.19,0.05,989.44,567.24
2446,2023-12-06,Europe,France,Smart Watch,Electronics,SMB,7,208.93,0,1462.51,793.84
2447,2023-12-06,Europe,Germany,Notebook Set,Office,SMB,5,15.65,0.1,70.42,34.3
2448,2023-12-06,APAC,Singapore,LED Desk Lamp,Home,Consumer,2,41.5,0.1,74.7,41.53
2449,2023-12-06,Europe,Germany,Rain Jacket,Apparel,SMB,6,91.32,0,547.92,317.67
2450,2023-12-07,LATAM,Mexico,Ceramic Cookware Set,Home,SMB,1,150.09,0,150.09,71.11
2451,2023-12-07,APAC,India,Running Shoes,Apparel,SMB,5,79.97,0,399.85,228.54
2452,2023-12-07,North America,Canada,Rain Jacket,Apparel,SMB,5,91.55,0.05,434.86,230.05
2453,2023-12-07,Europe,France,Rain Jacket,Apparel,SMB,5,97.49,0.15,414.33,249.61
2454,2023-12-07,LATAM,Mexico,Bluetooth Speaker,Electronics,Consumer,3,57.05,0,171.15,104.95
2455,2023-12-08,North America,USA,Smart Watch,Electronics,SMB,60,207.74,0.2,9971.52,5964.26
2456,2023-12-08,North America,Canada,Bluetooth Speaker,Electronics,SMB,6,56.99,0.1,307.75,158.13
2457,2023-12-08,Europe,France,Ergonomic Chair,Office,Enterprise,8,232.08,0.05,1763.81,902.71
2458,2023-12-08,Europe,France,Wool Sweater,Apparel,Enterprise,9,85.62,0.1,693.52,379.18
2459,2023-12-08,North America,USA,Tablet Stand,Electronics,Consumer,4,24.42,0,97.68,51.73
2460,2023-12-08,North America,USA,Air Purifier,Home,SMB,7,125.63,0.05,835.44,412.33
2461,2023-12-08,North America,USA,Notebook Set,Office,SMB,6,15.99,0.2,76.75,38.74
2462,2023-12-08,LATAM,Brazil,Tablet Stand,Electronics,SMB,4,25.79,0.15,87.69,56.11
2463,2023-12-08,North America,USA,Vacuum Cleaner,Home,Enterprise,8,232.36,0.05,1765.94,961.42
2464,2023-12-08,Europe,Spain,Ceramic Cookware Set,Home,Consumer,1,156.54,0.05,148.71,90.78
2465,2023-12-08,North America,Canada,Wool Sweater,Apparel,Enterprise,8,96.0,0,768.0,371.15
2466,2023-12-09,LATAM,Mexico,Wireless Headphones,Electronics,Consumer,4,84.38,0.2,270.02,123.08
2467,2023-12-09,APAC,Japan,Vacuum Cleaner,Home,Consumer,1,223.17,0,223.17,127.64
2468,2023-12-09,North America,USA,Running Shoes,Apparel,Enterprise,6,81.56,0,489.36,291.59
2469,2023-12-09,North America,USA,Tablet Stand,Electronics,Enterprise,8,24.18,0.2,154.75,94.34
2470,2023-12-09,North America,USA,Standing Desk,Office,Enterprise,5,397.81,0,1989.05,1030.48
2471,2023-12-09,North America,USA,Rain Jacket,Apparel,SMB,6,95.34,0.2,457.63,214.1
2472,2023-12-09,Europe,Germany,Wireless Headphones,Electronics,Enterprise,6,90.41,0,542.46,244.22
2473,2023-12-09,North America,USA,Monitor Arm,Office,Enterprise,8,55.26,0.1,397.87,194.2
2474,2023-12-09,North America,USA,Standing Desk,Office,Consumer,4,420.69,0.1,1514.48,932.55
2475,2023-12-09,North America,Canada,Bluetooth Speaker,Electronics,Enterprise,9,56.16,0,505.44,269.41
2476,2023-12-10,LATAM,Mexico,Standing Desk,Office,Consumer,4,396.96,0,1587.84,971.38
2477,2023-12-10,Europe,France,Wireless Headphones,Electronics,SMB,5,94.98,0.15,403.67,199.66
2478,2023-12-10,Europe,Spain,Ceramic Cookware Set,Home,Enterprise,8,145.33,0,1162.64,651.63
2479,2023-12-10,Europe,Germany,Tablet Stand,Electronics,Enterprise,6,25.62,0,153.72,78.25
2480,2023-12-10,North America,Canada,Standing Desk,Office,Enterprise,11,384.95,0.15,3599.28,2220.0
2481,2023-12-10,North America,Canada,Tablet Stand,Electronics,Consumer,2,26.4,0,52.8,32.28
2482,2023-12-10,APAC,Japan,Ceramic Cookware Set,Home,Enterprise,4,155.9,0.05,592.42,283.16
2483,2023-12-10,APAC,India,Tablet Stand,Electronics,SMB,2,25.55,0,51.1,30.39
2484,2023-12-10,APAC,India,Rain Jacket,Apparel,Enterprise,4,99.1,0.15,336.94,193.99
2485,2023-12-10,APAC,Japan,Ergonomic Chair,Office,Enterprise,5,249.89,0.15,1062.03,481.67
2486,2023-12-10,APAC,Australia,Air Purifier,Home,Consumer,4,135.07,0.05,513.27,296.52
2487,2023-12-10,Europe,Spain,Ceramic Cookware Set,Home,SMB,3,151.16,0.15,385.46,210.22
2488,2023-12-10,North America,USA,Denim Jacket,Apparel,Consumer,4,73.5,0,294.0,175.46
2489,2023-12-10,APAC,Australia,Rain Jacket,Apparel,Consumer,1,96.58,0,96.58,45.02
2490,2023-12-10,APAC,Japan,Air Purifier,Home,SMB,2,129.31,0.1,232.76,149.44
2491,2023-12-10,Europe,Spain,Ceramic Cookware Set,Home,Consumer,1,151.33,0,151.33,95.52
2492,2023-12-10,APAC,Japan,Rain Jacket,Apparel,SMB,4,97.56,0.2,312.19,194.57
2493,2023-12-10,North America,Canada,LED Desk Lamp,Home,Enterprise,3,36.75,0.2,88.2,53.76
2494,2023-12-10,APAC,Singapore,Ceramic Cookware Set,Home,Consumer,3,146.51,0.1,395.58,191.09
2495,2023-12-10,North America,Canada,Smart Watch,Electronics,Enterprise,8,210.49,0.2,1347.14,808.59
2496,2023-12-10,Europe,Spain,Air Purifier,Home,SMB,2,132.54,0,265.08,158.75
2497,2023-12-11,LATAM,Brazil,Running Shoes,Apparel,Consumer,2,81.37,0,162.74,84.4
2498,2023-12-11,Europe,France,Monitor Arm,Office,SMB,1,62.03,0.15,52.73,29.44
2499,2023-12-11,APAC,Australia,Notebook Set,Office,Consumer,4,14.39,0,57.56,36.9
2500,2023-12-11,Europe,Spain,Ceramic Cookware Set,Home,SMB,4,157.84,0,631.36,364.97
2501,2023-12-11,APAC,Singapore,Vacuum Cleaner,Home,SMB,4,221.14,0,884.56,479.99
2502,2023-12-11,Europe,UK,Air Purifier,Home,SMB,4,133.07,0,532.28,294.72
2503,2023-12-11,North America,Canada,Standing Desk,Office,Consumer,1,381.62,0,381.62,241.07
2504,2023-12-11,APAC,Japan,Ceramic Cookware Set,Home,SMB,4,151.7,0.1,546.12,253.13
2505,2023-12-11,LATAM,Brazil,Denim Jacket,Apparel,Consumer,1,68.45,0.2,54.76,26.14
2506,2023-12-11,Europe,Spain,Ceramic Cookware Set,Home,Enterprise,6,148.17,0,889.02,514.67
2507,2023-12-11,North America,USA,LED Desk Lamp,Home,SMB,3,36.68,0.05,104.54,66.76
2508,2023-12-12,North America,Canada,Running Shoes,Apparel,Enterprise,5,80.59,0.2,322.36,174.69
2509,2023-12-12,Europe,Spain,Running Shoes,Apparel,Enterprise,6,80.93,0.15,412.74,207.81
2510,2023-12-12,APAC,Singapore,Vacuum Cleaner,Home,Consumer,2,229.13,0,458.26,222.38
2511,2023-12-12,APAC,Japan,Running Shoes,Apparel,Consumer,1,81.82,0,81.82,42.1
2512,2023-12-12,Europe,France,Tablet Stand,Electronics,Enterprise,8,26.54,0.1,191.09,94.9
2513,2023-12-12,North America,USA,Rain Jacket,Apparel,Enterprise,8,96.32,0.1,693.5,397.68
2514,2023-12-12,North America,USA,Air Purifier,Home,Consumer,4,128.75,0.1,463.5,215.73
2515,2023-12-12,North America,USA,Vacuum Cleaner,Home,Enterprise,5,213.03,0.1,958.64,564.3
2516,2023-12-12,LATAM,Brazil,Smart Watch,Electronics,SMB,4,187.44,0,749.76,465.88
2517,2023-12-12,North America,Canada,Bluetooth Speaker,Electronics,Consumer,2,59.09,0.15,100.45,58.26
2518,2023-12-13,LATAM,Mexico,Denim Jacket,Apparel,SMB,3,68.04,0,204.12,94.72
2519,2023-12-13,North America,Canada,LED Desk Lamp,Home,Enterprise,10,40.58,0,405.8,217.08
2520,2023-12-13,LATAM,Mexico,Wireless Headphones,Electronics,Consumer,1,85.11,0.1,76.6,38.91
2521,2023-12-13,LATAM,Mexico,LED Desk Lamp,Home,SMB,3,37.22,0.05,106.08,53.77
2522,2023-12-13,Europe,France,Smart Watch,Electronics,Consumer,1,194.21,0,194.21,113.18
2523,2023-12-13,North America,Canada,Vacuum Cleaner,Home,SMB,4,230.14,0,920.56,595.31
2524,2023-12-13,Europe,Germany,Rain Jacket,Apparel,SMB,1,100.28,0,100.28,54.67
2525,2023-12-13,APAC,Singapore,Wireless Headphones,Electronics,Consumer,3,87.13,0,261.39,132.02
2526,2023-12-13,APAC,Singapore,Bluetooth Speaker,Electronics,Consumer,2,57.67,0.05,109.57,49.32
2527,2023-12-13,Europe,Spain,Ceramic Cookware Set,Home,Enterprise,8,151.15,0.2,967.36,487.61
2528,2023-12-13,Europe,Spain,Smart Watch,Electronics,Enterprise,9,210.9,0.1,1708.29,1055.26
2529,2023-12-13,Europe,France,Denim Jacket,Apparel,SMB,6,64.4,0.05,367.08,173.92
2530,2023-12-14,APAC,Japan,Ceramic Cookware Set,Home,SMB,5,139.65,0,698.25,397.33
2531,2023-12-14,APAC,Australia,Bluetooth Speaker,Electronics,Consumer,5,58.85,0.05,279.54,159.66
2532,2023-12-14,Europe,UK,Wool Sweater,Apparel,Consumer,4,93.86,0,375.44,182.3
2533,2023-12-14,Europe,France,Ceramic Cookware Set,Home,SMB,5,150.56,0,752.8,367.38
2534,2023-12-14,Europe,France,Wireless Headphones,Electronics,Enterprise,5,87.13,0.05,413.87,254.7
2535,2023-12-14,North America,USA,Denim Jacket,Apparel,SMB,6,69.78,0.15,355.88,228.81
2536,2023-12-14,Europe,Spain,Tablet Stand,Electronics,Consumer,3,25.24,0.05,71.93,42.16
2537,2023-12-14,APAC,India,Wool Sweater,Apparel,Consumer,1,93.23,0.1,83.91,52.44
2538,2023-12-14,APAC,Japan,Bluetooth Speaker,Electronics,Enterprise,4,56.05,0.05,212.99,135.87
2539,2023-12-15,Europe,Germany,Tablet Stand,Electronics,Consumer,2,25.28,0.1,45.5,20.59
2540,2023-12-15,North America,Canada,Ergonomic Chair,Office,SMB,4,257.98,0,1031.92,638.49
2541,2023-12-15,APAC,Singapore,Running Shoes,Apparel,SMB,6,82.1,0.1,443.34,273.78
2542,2023-12-15,Europe,France,Bluetooth Speaker,Electronics,Enterprise,7,56.05,0,392.35,241.92
2543,2023-12-15,Europe,Spain,Air Purifier,Home,Consumer,4,138.26,0,553.04,256.99
2544,2023-12-15,LATAM,Brazil,Ergonomic Chair,Office,Enterprise,4,265.28,0.05,1008.06,520.14
2545,2023-12-15,Europe,Germany,Wool Sweater,Apparel,Consumer,4,95.74,0.1,344.66,161.76
2546,2023-12-15,APAC,Australia,Tablet Stand,Electronics,Consumer,2,23.53,0.15,40.0,23.2
2547,2023-12-16,Europe,Germany,Denim Jacket,Apparel,SMB,3,73.59,0.2,176.62,80.74
2548,2023-12-16,APAC,Australia,Ceramic Cookware Set,Home,SMB,1,140.58,0.15,119.49,60.13
2549,2023-12-16,APAC,Japan,Denim Jacket,Apparel,SMB,6,64.36,0,386.16,218.29
2550,2023-12-16,North America,USA,Ceramic Cookware Set,Home,Consumer,2,140.22,0,280.44,154.84
2551,2023-12-16,Europe,Spain,Denim Jacket,Apparel,Consumer,4,74.17,0.05,281.85,156.92
2552,2023-12-16,APAC,Australia,Air Purifier,Home,SMB,3,119.66,0.1,323.08,198.47
2553,2023-12-16,APAC,Singapore,Wireless Headphones,Electronics,SMB,4,83.72,0.1,301.39,154.06
2554,2023-12-16,North America,Canada,Air Purifier,Home,Enterprise,9,136.06,0,1224.54,587.28
2555,2023-12-17,LATAM,Mexico,Bluetooth Speaker,Electronics,SMB,1,54.43,0.15,46.27,22.06
2556,2023-12-17,Europe,France,Denim Jacket,Apparel,SMB,3,68.36,0,205.08,94.94
2557,2023-12-17,North America,Canada,Air Purifier,Home,Consumer,4,128.12,0,512.48,242.94
2558,2023-12-17,APAC,Japan,Denim Jacket,Apparel,SMB,1,73.2,0,73.2,42.15
2559,2023-12-17,North America,Canada,Vacuum Cleaner,Home,Enterprise,7,225.1,0,1575.7,713.44
2560,2023-12-17,North America,USA,Rain Jacket,Apparel,Enterprise,6,94.61,0.05,539.28,271.36
2561,2023-12-18,North America,Canada,Monitor Arm,Office,SMB,3,62.26,0.2,149.42,86.89
2562,2023-12-18,APAC,Japan,Running Shoes,Apparel,SMB,4,77.42,0,309.68,148.84
2563,2023-12-18,LATAM,Brazil,Notebook Set,Office,Consumer,1,15.99,0,15.99,8.41
2564,2023-12-18,North America,Canada,Running Shoes,Apparel,Consumer,3,73.07,0.2,175.37,104.65
2565,2023-12-18,North America,Canada,Ceramic Cookware Set,Home,Consumer,2,147.36,0.15,250.51,124.17
2566,2023-12-18,Europe,UK,Notebook Set,Office,Enterprise,8,13.81,0.1,99.43,55.87
2567,2023-12-18,North America,USA,Air Purifier,Home,SMB,8,131.33,0.1,945.58,437.23
2568,2023-12-18,North America,Canada,Smart Watch,Electronics,Enterprise,10,191.41,0,1914.1,970.03
2569,2023-12-18,North America,Canada,Notebook Set,Office,Consumer,6,14.48,0.2,69.5,34.31
2570,2023-12-18,North America,Canada,Standing Desk,Office,Consumer,4,397.07,0,1588.28,963.75
2571,2023-12-18,North America,Canada,Bluetooth Speaker,Electronics,Enterprise,7,55.34,0.1,348.64,170.63
2572,2023-12-19,Europe,France,Air Purifier,Home,Consumer,2,121.68,0.05,231.19,146.94
2573,2023-12-19,North America,USA,Wool Sweater,Apparel,Enterprise,5,88.54,0.15,376.3,194.26
2574,2023-12-19,North America,USA,Tablet Stand,Electronics,Consumer,6,26.53,0.2,127.34,62.15
2575,2023-12-19,APAC,India,Wireless Headphones,Electronics,SMB,1,92.98,0.1,83.68,52.57
2576,2023-12-19,Europe,Spain,LED Desk Lamp,Home,Consumer,5,41.93,0.2,167.72,94.64
2577,2023-12-19,APAC,Australia,LED Desk Lamp,Home,Consumer,4,39.17,0,156.68,84.07
2578,2023-12-19,North America,Canada,Wool Sweater,Apparel,Enterprise,8,93.87,0,750.96,355.51
2579,2023-12-19,North America,USA,Tablet Stand,Electronics,SMB,5,25.74,0.15,109.39,56.28
2580,2023-12-19,North America,Canada,Wireless Headphones,Electronics,SMB,6,91.79,0.1,495.67,265.17
2581,2023-12-19,APAC,Australia,Air Purifier,Home,Consumer,4,122.99,0,491.96,289.38
2582,2023-12-19,North America,Canada,Ceramic Cookware Set,Home,Enterprise,10,144.72,0.2,1157.76,724.17
2583,2023-12-19,APAC,India,LED Desk Lamp,Home,Consumer,2,38.45,0,76.9,36.42
2584,2023-12-19,Europe,France,Wireless Headphones,Electronics,SMB,4,94.05,0.1,338.58,163.3
2585,2023-12-19,LATAM,Brazil,Denim Jacket,Apparel,SMB,3,73.57,0.2,176.57,101.2
2586,2023-12-19,Europe,Spain,Denim Jacket,Apparel,SMB,4,66.83,0.1,240.59,112.36
2587,2023-12-20,LATAM,Mexico,Tablet Stand,Electronics,SMB,1,24.61,0,24.61,13.84
2588,2023-12-20,North America,Canada,Rain Jacket,Apparel,Enterprise,8,96.89,0,775.12,422.99
2589,2023-12-20,LATAM,Brazil,Wireless Headphones,Electronics,Enterprise,5,86.88,0,434.4,198.82
2590,2023-12-20,North America,Canada,Bluetooth Speaker,Electronics,Enterprise,6,56.7,0.2,272.16,173.8
2591,2023-12-20,North America,Canada,Tablet Stand,Electronics,Enterprise,8,26.85,0,214.8,122.45
2592,2023-12-20,Europe,Germany,Standing Desk,Office,Enterprise,4,402.64,0.15,1368.98,768.14
2593,2023-12-20,Europe,Germany,Bluetooth Speaker,Electronics,SMB,5,62.37,0.05,296.26,165.85
2594,2023-12-20,North America,USA,Standing Desk,Office,Consumer,7,388.8,0.1,2449.44,1138.99
2595,2023-12-20,Europe,Spain,Rain Jacket,Apparel,Consumer,4,92.53,0,370.12,195.14
2596,2023-12-20,North America,Canada,Tablet Stand,Electronics,Consumer,5,23.48,0,117.4,61.7
2597,2023-12-20,North America,USA,Bluetooth Speaker,Electronics,Consumer,4,59.11,0.05,224.62,135.49
2598,2023-12-20,North America,Canada,Tablet Stand,Electronics,SMB,3,25.74,0,77.22,39.68
2599,2023-12-20,APAC,Australia,Tablet Stand,Electronics,Enterprise,7,24.0,0.2,134.4,68.48
2600,2023-12-21,APAC,Japan,Ceramic Cookware Set,Home,SMB,5,151.74,0.05,720.76,333.94
2601,2023-12-21,North America,Canada,Wireless Headphones,Electronics,Enterprise,7,85.65,0.05,569.57,258.99
2602,2023-12-21,North America,USA,Denim Jacket,Apparel,Consumer,4,64.08,0.1,230.69,133.32
2603,2023-12-21,North America,Canada,Wireless Headphones,Electronics,Enterprise,8,85.4,0.05,649.04,371.78
2604,2023-12-21,APAC,Singapore,Running Shoes,Apparel,Consumer,1,77.17,0.2,61.74,28.04
2605,2023-12-21,Europe,Spain,Rain Jacket,Apparel,SMB,6,103.63,0,621.78,323.85
2606,2023-12-21,Europe,Germany,Air Purifier,Home,Consumer,4,131.1,0,524.4,255.0
2607,2023-12-21,North America,USA,Wool Sweater,Apparel,SMB,6,91.76,0,550.56,338.81
2608,2023-12-21,Europe,UK,Wool Sweater,Apparel,Consumer,1,84.67,0,84.67,39.06
2609,2023-12-21,LATAM,Brazil,Wool Sweater,Apparel,SMB,1,89.37,0.15,75.96,46.09
2610,2023-12-21,LATAM,Brazil,Smart Watch,Electronics,Consumer,1,197.67,0,197.67,90.51
2611,2023-12-22,APAC,Japan,Ceramic Cookware Set,Home,Enterprise,3,147.42,0,442.26,255.24
2612,2023-12-22,APAC,Japan,Running Shoes,Apparel,Consumer,4,76.17,0,304.68,194.83
2613,2023-12-22,Europe,UK,Ceramic Cookware Set,Home,Consumer,4,158.28,0.15,538.15,300.53
2614,2023-12-22,Europe,France,Ergonomic Chair,Office,SMB,7,249.35,0,1745.45,906.35
2615,2023-12-22,APAC,India,Tablet Stand,Electronics,Consumer,3,25.37,0.2,60.89,27.49
2616,2023-12-22,Europe,UK,Air Purifier,Home,Enterprise,7,135.41,0.2,758.3,476.77
2617,2023-12-22,North America,USA,Vacuum Cleaner,Home,Consumer,5,215.68,0.2,862.72,555.8
2618,2023-12-22,North America,USA,Tablet Stand,Electronics,SMB,7,26.01,0.15,154.76,79.16
2619,2023-12-22,Europe,UK,Monitor Arm,Office,SMB,6,54.88,0,329.28,187.55
2620,2023-12-22,Europe,UK,Air Purifier,Home,Enterprise,8,138.9,0.15,944.52,426.13
2621,2023-12-22,North America,USA,Wireless Headphones,Electronics,SMB,1,83.92,0.2,67.14,37.21
2622,2023-12-22,North America,USA,Standing Desk,Office,SMB,6,406.22,0,2437.32,1110.82
2623,2023-12-23,APAC,Australia,Air Purifier,Home,Enterprise,8,130.61,0,1044.88,580.71
2624,2023-12-23,North America,USA,Bluetooth Speaker,Electronics,Enterprise,9,54.77,0.1,443.64,258.51
2625,2023-12-23,Europe,France,LED Desk Lamp,Home,SMB,4,37.37,0,149.48,84.56
2626,2023-12-23,LATAM,Brazil,LED Desk Lamp,Home,SMB,1,39.2,0.2,31.36,15.79
2627,2023-12-23,North America,USA,Tablet Stand,Electronics,Consumer,3,24.14,0,72.42,37.84
2628,2023-12-23,North America,USA,LED Desk Lamp,Home,Consumer,7,36.04,0,252.28,136.03
2629,2023-12-23,Europe,Spain,Rain Jacket,Apparel,SMB,6,102.18,0.15,521.12,276.49
2630,2023-12-23,North America,Canada,Tablet Stand,Electronics,Consumer,2,24.5,0.05,46.55,22.45
2631,2023-12-23,North America,Canada,LED Desk Lamp,Home,Consumer,5,36.4,0.1,163.8,86.41
2632,2023-12-23,North America,USA,Bluetooth Speaker,Electronics,SMB,7,59.05,0,413.35,208.21
2633,2023-12-23,Europe,France,Ergonomic Chair,Office,Enterprise,8,245.85,0.1,1770.12,812.97
2634,2023-12-24,Europe,UK,Vacuum Cleaner,Home,Consumer,3,203.23,0,609.69,325.68
2635,2023-12-24,North America,Canada,Wool Sweater,Apparel,Consumer,6,94.33,0,565.98,292.41
2636,2023-12-24,LATAM,Brazil,Standing Desk,Office,SMB,4,389.7,0,1558.8,788.93
2637,2023-12-24,Europe,France,Rain Jacket,Apparel,Consumer,3,97.8,0.1,264.06,126.19
2638,2023-12-24,North America,USA,Running Shoes,Apparel,Enterprise,8,81.15,0.1,584.28,344.14
2639,2023-12-24,North America,Canada,Rain Jacket,Apparel,SMB,5,96.64,0.1,434.88,207.99
2640,2023-12-24,North America,USA,Wireless Headphones,Electronics,Enterprise,9,83.1,0.05,710.5,425.99
2641,2023-12-25,APAC,India,Running Shoes,Apparel,Enterprise,4,79.91,0,319.64,198.63
2642,2023-12-25,LATAM,Mexico,Tablet Stand,Electronics,SMB,3,23.49,0,70.47,32.79
2643,2023-12-25,LATAM,Brazil,LED Desk Lamp,Home,Consumer,1,39.79,0,39.79,23.14
2644,2023-12-25,APAC,Singapore,Smart Watch,Electronics,Consumer,2,189.49,0,378.98,228.17
2645,2023-12-25,LATAM,Brazil,Ceramic Cookware Set,Home,Enterprise,3,160.32,0,480.96,232.54
2646,2023-12-25,Europe,Spain,Bluetooth Speaker,Electronics,SMB,5,57.19,0.15,243.06,115.88
2647,2023-12-25,North America,USA,Ceramic Cookware Set,Home,SMB,8,149.84,0,1198.72,769.24
2648,2023-12-25,North America,Canada,Wireless Headphones,Electronics,Consumer,5,86.28,0.2,345.12,207.61
2649,2023-12-25,North America,USA,Running Shoes,Apparel,Enterprise,8,83.34,0,666.72,362.26
2650,2023-12-26,APAC,India,Vacuum Cleaner,Home,Enterprise,4,218.68,0.05,830.98,418.13
2651,2023-12-26,APAC,India,Rain Jacket,Apparel,Consumer,3,97.21,0.1,262.47,131.72
2652,2023-12-26,Europe,UK,Running Shoes,Apparel,Consumer,1,83.77,0.1,75.39,35.88
2653,2023-12-26,North America,USA,Running Shoes,Apparel,Consumer,5,79.99,0,399.95,210.5
2654,2023-12-26,LATAM,Mexico,Bluetooth Speaker,Electronics,Enterprise,5,57.87,0,289.35,147.38
2655,2023-12-26,North America,Canada,LED Desk Lamp,Home,SMB,6,41.12,0.15,209.71,134.03
2656,2023-12-26,LATAM,Mexico,Tablet Stand,Electronics,Consumer,1,23.27,0,23.27,14.4
2657,2023-12-26,APAC,India,Bluetooth Speaker,Electronics,Consumer,1,57.86,0,57.86,32.35
2658,2023-12-26,North America,Canada,Tablet Stand,Electronics,Consumer,2,24.61,0.2,39.38,18.43
2659,2023-12-26,North America,Canada,Smart Watch,Electronics,SMB,4,202.99,0.05,771.36,355.32
2660,2023-12-26,North America,Canada,Ceramic Cookware Set,Home,Enterprise,7,139.99,0.15,832.94,376.79
2661,2023-12-26,North America,USA,Ceramic Cookware Set,Home,SMB,5,138.43,0.05,657.54,386.38
2662,2023-12-27,APAC,Singapore,Wireless Headphones,Electronics,SMB,1,93.83,0,93.83,59.96
2663,2023-12-27,Europe,Spain,Wool Sweater,Apparel,Consumer,3,87.89,0,263.67,146.22
2664,2023-12-27,APAC,India,Air Purifier,Home,Consumer,4,131.92,0,527.68,303.96
2665,2023-12-27,North America,Canada,Vacuum Cleaner,Home,SMB,4,211.05,0,844.2,410.21
2666,2023-12-27,Europe,UK,Bluetooth Speaker,Electronics,SMB,3,60.26,0.15,153.66,78.91
2667,2023-12-27,North America,USA,Tablet Stand,Electronics,Enterprise,10,23.91,0.2,191.28,95.37
2668,2023-12-27,APAC,Australia,LED Desk Lamp,Home,Consumer,1,38.29,0.2,30.63,17.26
2669,2023-12-27,LATAM,Mexico,Monitor Arm,Office,SMB,1,61.38,0.1,55.24,29.07
2670,2023-12-27,Europe,UK,Smart Watch,Electronics,Consumer,4,183.65,0,734.6,473.04
2671,2023-12-28,Europe,France,Air Purifier,Home,Consumer,1,130.22,0.1,117.2,60.9
2672,2023-12-28,North America,Canada,Wireless Headphones,Electronics,Enterprise,3,87.72,0,263.16,153.13
2673,2023-12-28,Europe,Germany,Ceramic Cookware Set,Home,SMB,7,146.51,0.15,871.73,432.26
2674,2023-12-28,North America,USA,Air Purifier,Home,Consumer,3,130.18,0.15,331.96,158.27
2675,2023-12-28,LATAM,Brazil,Notebook Set,Office,Enterprise,2,16.15,0.2,25.84,13.18
2676,2023-12-28,North America,USA,Notebook Set,Office,Consumer,5,15.8,0.1,71.1,41.2
2677,2023-12-28,Europe,France,Vacuum Cleaner,Home,Consumer,2,207.6,0.05,394.44,253.02
2678,2023-12-28,North America,USA,Notebook Set,Office,SMB,5,16.06,0.2,64.24,29.24
2679,2023-12-28,North America,USA,Tablet Stand,Electronics,Consumer,4,24.02,0,96.08,59.82
2680,2023-12-28,Europe,Spain,Air Purifier,Home,SMB,1,119.88,0.2,95.9,60.54
2681,2023-12-28,North America,USA,Wool Sweater,Apparel,SMB,7,94.67,0.05,629.56,302.34
2682,2023-12-28,North America,Canada,Ergonomic Chair,Office,SMB,6,245.07,0.2,1176.34,671.87
2683,2023-12-28,North America,Canada,Ceramic Cookware Set,Home,SMB,5,143.54,0.15,610.04,389.44
2684,2023-12-28,North America,USA,LED Desk Lamp,Home,Consumer,6,41.61,0.05,237.18,126.59
2685,2023-12-28,North America,Canada,Vacuum Cleaner,Home,Enterprise,7,209.42,0,1465.94,782.51
2686,2023-12-29,APAC,Japan,Wool Sweater,Apparel,SMB,2,84.25,0,168.5,79.2
2687,2023-12-29,LATAM,Brazil,Rain Jacket,Apparel,SMB,5,104.55,0.1,470.48,271.16
2688,2023-12-29,Europe,Germany,Denim Jacket,Apparel,Consumer,3,69.51,0.2,166.82,99.7
2689,2023-12-29,North America,USA,Monitor Arm,Office,SMB,6,54.41,0.2,261.17,157.16
2690,2023-12-29,North America,Canada,Running Shoes,Apparel,Consumer,4,82.86,0.2,265.15,165.72
2691,2023-12-29,North America,USA,Bluetooth Speaker,Electronics,Consumer,3,62.27,0.05,177.47,110.64
2692,2023-12-29,LATAM,Mexico,Running Shoes,Apparel,Enterprise,2,81.41,0.15,138.4,73.02
2693,2023-12-30,Europe,Spain,Monitor Arm,Office,Consumer,3,56.72,0.1,153.14,91.79
2694,2023-12-30,Europe,UK,Ergonomic Chair,Office,SMB,5,233.15,0,1165.75,690.43
2695,2023-12-30,Europe,Germany,Wool Sweater,Apparel,Enterprise,5,90.94,0.2,363.76,201.81
2696,2023-12-30,North America,Canada,Wireless Headphones,Electronics,Enterprise,10,88.02,0,880.2,476.35
2697,2023-12-30,North America,Canada,Bluetooth Speaker,Electronics,SMB,3,58.8,0.1,158.76,76.51
2698,2023-12-30,APAC,Japan,Rain Jacket,Apparel,Enterprise,5,93.63,0.1,421.33,201.82
2699,2023-12-30,LATAM,Brazil,Smart Watch,Electronics,Consumer,1,207.06,0,207.06,96.33
2700,2023-12-30,North America,USA,Wireless Headphones,Electronics,Enterprise,5,88.32,0.1,397.44,231.12
2701,2023-12-31,LATAM,Brazil,Wireless Headphones,Electronics,SMB,3,95.82,0.2,229.97,146.68
2702,2023-12-31,APAC,Australia,Vacuum Cleaner,Home,Consumer,1,214.58,0,214.58,119.7
2703,2023-12-31,North America,Canada,Smart Watch,Electronics,Enterprise,11,207.87,0,2286.57,1273.45
2704,2023-12-31,APAC,Australia,Rain Jacket,Apparel,SMB,4,97.31,0,389.24,216.32
2705,2023-12-31,North America,Canada,Running Shoes,Apparel,Enterprise,5,81.62,0.05,387.69,227.92
2706,2023-12-31,APAC,Japan,Vacuum Cleaner,Home,SMB,3,218.83,0.05,623.67,389.14
2707,2023-12-31,Europe,Germany,Vacuum Cleaner,Home,Enterprise,5,228.78,0,1143.9,567.49
2708,2023-12-31,APAC,Singapore,Wireless Headphones,Electronics,Enterprise,4,94.24,0.05,358.11,205.69
2709,2023-12-31,Europe,Spain,Air Purifier,Home,Consumer,3,127.33,0,381.99,195.37
2710,2023-12-31,North America,Canada,Bluetooth Speaker,Electronics,Enterprise,6,55.51,0.05,316.41,143.85
2711,2023-12-31,LATAM,Brazil,Monitor Arm,Office,SMB,3,59.11,0.15,150.73,84.57
2712,2023-12-31,North America,Canada,Denim Jacket,Apparel,SMB,5,66.16,0.15,281.18,150.91
2713,2023-12-31,Europe,Germany,Wool Sweater,Apparel,SMB,6,89.1,0.05,507.87,320.29
2714,2023-12-31,North America,Canada,Denim Jacket,Apparel,SMB,3,70.56,0.1,190.51,119.3
2715,2023-12-31,Europe,France,Standing Desk,Office,Enterprise,8,418.16,0.2,2676.22,1614.23
2716,2023-12-31,APAC,India,Bluetooth Speaker,Electronics,SMB,2,63.24,0.05,120.16,73.32
2717,2023-12-31,North America,USA,Standing Desk,Office,Enterprise,9,410.4,0.15,3139.56,1777.28
2718,2023-12-31,North America,USA,Denim Jacket,Apparel,Enterprise,8,67.47,0.15,458.8,276.38
2719,2024-01-01,Europe,Spain,Ergonomic Chair,Office,Enterprise,3,240.16,0,720.48,358.26
2720,2024-01-01,Europe,Spain,Smart Watch,Electronics,Enterprise,3,204.16,0,612.48,356.9
2721,2024-01-01,Europe,UK,Wireless Headphones,Electronics,Enterprise,3,83.44,0,250.32,151.54
2722,2024-01-01,Europe,France,Ceramic Cookware Set,Home,Consumer,1,157.09,0,157.09,79.81
2723,2024-01-02,APAC,Japan,Monitor Arm,Office,SMB,2,63.67,0.05,120.97,73.61
2724,2024-01-02,North America,Canada,Denim Jacket,Apparel,Consumer,4,73.39,0,293.56,157.47
2725,2024-01-02,North America,USA,Air Purifier,Home,Consumer,3,125.35,0,376.05,197.0
2726,2024-01-02,LATAM,Mexico,Smart Watch,Electronics,Consumer,1,191.75,0,191.75,90.59
2727,2024-01-02,North America,Canada,Smart Watch,Electronics,Enterprise,3,204.22,0,612.66,334.78
2728,2024-01-02,LATAM,Mexico,Air Purifier,Home,Enterprise,1,128.48,0.15,109.21,61.11
2729,2024-01-02,North America,Canada,Bluetooth Speaker,Electronics,Enterprise,8,61.53,0.05,467.63,272.32
2730,2024-01-02,LATAM,Mexico,Rain Jacket,Apparel,SMB,1,97.86,0,97.86,59.97
2731,2024-01-03,APAC,Australia,Vacuum Cleaner,Home,Consumer,1,218.7,0,218.7,105.58
2732,2024-01-03,North America,USA,Tablet Stand,Electronics,SMB,2,24.74,0,49.48,28.82
2733,2024-01-03,North America,USA,Running Shoes,Apparel,SMB,4,83.47,0,333.88,155.62
2734,2024-01-03,Europe,Germany,Bluetooth Speaker,Electronics,Enterprise,5,58.62,0.1,263.79,158.13
2735,2024-01-03,APAC,Singapore,Bluetooth Speaker,Electronics,Enterprise,2,58.59,0,117.18,68.59
2736,2024-01-03,Europe,France,Ergonomic Chair,Office,SMB,5,252.62,0.15,1073.63,633.6
2737,2024-01-03,APAC,Australia,Standing Desk,Office,Consumer,1,384.77,0,384.77,178.57
2738,2024-01-03,APAC,Japan,LED Desk Lamp,Home,SMB,2,38.12,0.2,60.99,28.05
2739,2024-01-03,Europe,Spain,Wireless Headphones,Electronics,Enterprise,5,91.15,0.2,364.6,165.63
2740,2024-01-04,North America,Canada,Vacuum Cleaner,Home,Consumer,1,230.2,0.2,184.16,100.63
2741,2024-01-04,LATAM,Mexico,Air Purifier,Home,Enterprise,1,124.87,0,124.87,77.42
2742,2024-01-04,APAC,Singapore,Smart Watch,Electronics,Consumer,1,210.88,0,210.88,96.84
2743,2024-01-04,North America,Canada,Monitor Arm,Office,SMB,4,60.76,0.05,230.89,132.23
2744,2024-01-04,Europe,Germany,Ceramic Cookware Set,Home,Consumer,1,151.31,0,151.31,88.27
2745,2024-01-04,North America,Canada,LED Desk Lamp,Home,Consumer,1,36.53,0.1,32.88,18.93
2746,2024-01-05,LATAM,Brazil,Bluetooth Speaker,Electronics,Enterprise,2,63.42,0.15,107.81,66.4
2747,2024-01-05,North America,USA,Vacuum Cleaner,Home,Enterprise,6,218.59,0.05,1245.96,710.73
2748,2024-01-05,APAC,India,Monitor Arm,Office,Enterprise,1,60.92,0.05,57.87,31.74
2749,2024-01-05,North America,USA,Wireless Headphones,Electronics,Consumer,1,87.78,0.1,79.0,38.24
2750,2024-01-05,North America,USA,Notebook Set,Office,Enterprise,5,15.99,0,79.95,45.77
2751,2024-01-05,Europe,Germany,Notebook Set,Office,Consumer,1,13.95,0,13.95,6.66
2752,2024-01-05,North America,Canada,Smart Watch,Electronics,Consumer,2,184.7,0,369.4,200.17
2753,2024-01-05,Europe,Germany,Wool Sweater,Apparel,Consumer,5,82.11,0.15,348.97,186.19
2754,2024-01-06,LATAM,Mexico,Ergonomic Chair,Office,Enterprise,11,235.28,0,2588.08,1190.25
2755,2024-01-06,APAC,India,Denim Jacket,Apparel,SMB,1,68.25,0.05,64.84,37.7
2756,2024-01-06,APAC,Japan,Notebook Set,Office,SMB,1,14.33,0.1,12.9,7.93
2757,2024-01-06,North America,Canada,Bluetooth Speaker,Electronics,Consumer,2,56.2,0.1,101.16,59.23
2758,2024-01-06,APAC,Australia,Smart Watch,Electronics,Consumer,1,193.89,0,193.89,100.9
2759,2024-01-06,North America,USA,Wireless Headphones,Electronics,Enterprise,4,91.25,0.2,292.0,183.01
2760,2024-01-06,LATAM,Mexico,Bluetooth Speaker,Electronics,Consumer,3,58.23,0.05,165.96,83.87
2761,2024-01-07,APAC,Singapore,Rain Jacket,Apparel,SMB,1,101.19,0.2,80.95,48.89
2762,2024-01-07,North America,USA,Rain Jacket,Apparel,Consumer,2,99.8,0.05,189.62,105.44
2763,2024-01-07,Europe,Spain,Standing Desk,Office,Enterprise,3,380.03,0.2,912.07,557.92
2764,2024-01-07,North America,USA,Standing Desk,Office,Enterprise,5,398.92,0.1,1795.14,824.65
2765,2024-01-08,Europe,Spain,Wireless Headphones,Electronics,Enterprise,6,86.46,0,518.76,282.42
2766,2024-01-08,Europe,France,Standing Desk,Office,Consumer,3,388.88,0.15,991.64,546.58
2767,2024-01-08,North America,USA,Tablet Stand,Electronics,SMB,2,24.16,0,48.32,27.48
2768,2024-01-08,Europe,Spain,Wool Sweater,Apparel,SMB,3,89.67,0.15,228.66,115.07
2769,2024-01-08,North America,USA,Rain Jacket,Apparel,Consumer,1,94.16,0.1,84.74,43.13
2770,2024-01-08,North America,USA,Wireless Headphones,Electronics,Consumer,3,83.76,0,251.28,140.27
2771,2024-01-08,North America,Canada,Running Shoes,Apparel,SMB,2,79.46,0.2,127.14,68.37
2772,2024-01-09,LATAM,Brazil,Denim Jacket,Apparel,Enterprise,3,67.49,0.15,172.1,107.04
2773,2024-01-09,Europe,Spain,Air Purifier,Home,Consumer,1,138.46,0.1,124.61,57.09
2774,2024-01-09,APAC,India,Wool Sweater,Apparel,Consumer,2,85.46,0,170.92,102.63
2775,2024-01-10,LATAM,Mexico,Tablet Stand,Electronics,Enterprise,6,24.92,0.2,119.62,75.59
2776,2024-01-10,LATAM,Brazil,Running Shoes,Apparel,Enterprise,2,80.15,0,160.3,98.19
2777,2024-01-10,LATAM,Mexico,Smart Watch,Electronics,Consumer,1,201.16,0,201.16,128.79
2778,2024-01-10,APAC,Singapore,Vacuum Cleaner,Home,Enterprise,1,210.61,0.15,179.02,86.79
2779,2024-01-11,Europe,France,Ergonomic Chair,Office,Consumer,1,248.96,0.05,236.51,149.64
2780,2024-01-11,APAC,Japan,Standing Desk,Office,Consumer,1,426.35,0.2,341.08,158.94
2781,2024-01-11,North America,USA,Ergonomic Chair,Office,Consumer,1,236.87,0,236.87,125.95
2782,2024-01-11,APAC,Singapore,Vacuum Cleaner,Home,SMB,2,221.8,0,443.6,269.63
2783,2024-01-11,North America,Canada,LED Desk Lamp,Home,Consumer,1,39.44,0,39.44,18.79
2784,2024-01-11,North America,USA,Wool Sweater,Apparel,Enterprise,4,88.5,0,354.0,171.12
2785,2024-01-11,North America,USA,Notebook Set,Office,SMB,5,14.36,0.05,68.21,36.71
2786,2024-01-11,North America,USA,Standing Desk,Office,Consumer,1,408.68,0.15,347.38,179.81
2787,2024-01-12,APAC,Japan,Wireless Headphones,Electronics,Enterprise,3,88.6,0.05,252.51,160.1
2788,2024-01-12,LATAM,Mexico,Rain Jacket,Apparel,SMB,1,101.51,0,101.51,48.1
2789,2024-01-12,Europe,Germany,Smart Watch,Electronics,SMB,1,204.81,0.15,174.09,82.8
2790,2024-01-12,North America,Canada,Vacuum Cleaner,Home,Enterprise,7,234.28,0.1,1475.96,785.33
2791,2024-01-12,Europe,UK,Standing Desk,Office,SMB,1,393.14,0.05,373.48,235.02
2792,2024-01-12,North America,USA,Wireless Headphones,Electronics,SMB,3,84.72,0.2,203.33,99.08
2793,2024-01-12,Europe,UK,Tablet Stand,Electronics,Consumer,1,26.76,0,26.76,12.4
2794,2024-01-12,LATAM,Brazil,Running Shoes,Apparel,SMB,2,76.24,0.1,137.23,77.58
2795,2024-01-12,Europe,France,Wireless Headphones,Electronics,Consumer,1,91.77,0.05,87.18,52.8
2796,2024-01-12,APAC,Singapore,Bluetooth Speaker,Electronics,Consumer,1,56.94,0.2,45.55,25.39
2797,2024-01-12,Europe,Spain,Bluetooth Speaker,Electronics,Consumer,1,57.02,0,57.02,31.74
2798,2024-01-13,LATAM,Mexico,Tablet Stand,Electronics,Consumer,1,23.41,0.1,21.07,12.82
2799,2024-01-13,APAC,India,Wireless Headphones,Electronics,Consumer,1,88.57,0,88.57,47.14
2800,2024-01-13,Europe,Germany,Denim Jacket,Apparel,Enterprise,2,66.63,0.2,106.61,55.31
2801,2024-01-13,North America,USA,Monitor Arm,Office,Consumer,2,56.63,0.2,90.61,47.4
2802,2024-01-13,APAC,Singapore,Vacuum Cleaner,Home,Consumer,2,203.19,0,406.38,214.35
2803,2024-01-13,North America,USA,Running Shoes,Apparel,SMB,4,79.35,0.15,269.79,172.34
2804,2024-01-13,LATAM,Mexico,Wool Sweater,Apparel,Enterprise,1,89.12,0,89.12,54.1
2805,2024-01-13,Europe,Germany,Bluetooth Speaker,Electronics,SMB,1,59.39,0.1,53.45,32.81
2806,2024-01-14,North America,Canada,Bluetooth Speaker,Electronics,Consumer,2,62.35,0.05,118.47,65.43
2807,2024-01-14,Europe,Spain,Denim Jacket,Apparel,Consumer,1,67.2,0,67.2,30.97
2808,2024-01-14,North America,USA,Bluetooth Speaker,Electronics,Enterprise,4,63.11,0.05,239.82,137.45
2809,2024-01-14,Europe,UK,Ceramic Cookware Set,Home,SMB,1,150.61,0.2,120.49,63.54
2810,2024-01-14,LATAM,Mexico,Tablet Stand,Electronics,Enterprise,2,24.99,0.2,39.98,22.3
2811,2024-01-14,North America,Canada,Denim Jacket,Apparel,Enterprise,1,72.5,0,72.5,37.14
2812,2024-01-14,APAC,India,Rain Jacket,Apparel,Consumer,3,98.11,0.05,279.61,165.47
2813,2024-01-14,Europe,UK,Wool Sweater,Apparel,Consumer,1,84.63,0.05,80.4,40.4
2814,2024-01-15,North America,USA,Running Shoes,Apparel,Enterprise,4,84.5,0.1,304.2,180.7
2815,2024-01-15,LATAM,Brazil,Ceramic Cookware Set,Home,Enterprise,1,148.24,0,148.24,76.12
2816,2024-01-15,LATAM,Brazil,Bluetooth Speaker,Electronics,Enterprise,1,62.09,0.15,52.78,26.36
2817,2024-01-15,North America,USA,Denim Jacket,Apparel,Consumer,1,71.48,0,71.48,40.3
2818,2024-01-15,APAC,Japan,Rain Jacket,Apparel,Enterprise,4,91.21,0.1,328.36,186.36
2819,2024-01-15,APAC,India,LED Desk Lamp,Home,Enterprise,2,36.63,0.15,62.27,38.7
2820,2024-01-15,APAC,India,Running Shoes,Apparel,Consumer,1,80.81,0,80.81,46.47
2821,2024-01-16,North America,USA,Wool Sweater,Apparel,SMB,1,95.19,0.05,90.43,51.64
2822,2024-01-16,Europe,UK,Vacuum Cleaner,Home,Consumer,6,231.12,0.2,1109.38,705.15
2823,2024-01-16,North America,Canada,Ceramic Cookware Set,Home,SMB,1,149.59,0.1,134.63,64.3
2824,2024-01-16,Europe,France,Tablet Stand,Electronics,SMB,2,24.12,0.1,43.42,20.14
2825,2024-01-16,LATAM,Brazil,Rain Jacket,Apparel,Consumer,2,91.45,0.15,155.47,73.91
2826,2024-01-17,APAC,India,Tablet Stand,Electronics,Consumer,1,23.91,0,23.91,15.42
2827,2024-01-17,APAC,Australia,Bluetooth Speaker,Electronics,Consumer,1,63.33,0,63.33,36.79
2828,2024-01-17,North America,USA,Notebook Set,Office,Enterprise,5,15.55,0.05,73.86,42.77
2829,2024-01-17,North America,Canada,Wool Sweater,Apparel,Enterprise,3,90.4,0.1,244.08,148.24
2830,2024-01-17,LATAM,Brazil,Wool Sweater,Apparel,SMB,1,87.58,0.15,74.44,34.25
2831,2024-01-17,APAC,Australia,Bluetooth Speaker,Electronics,SMB,1,62.45,0.15,53.08,31.41
2832,2024-01-17,APAC,Australia,LED Desk Lamp,Home,Enterprise,4,37.26,0,149.04,88.78
2833,2024-01-18,North America,USA,Ergonomic Chair,Office,Consumer,2,259.16,0.1,466.49,219.49
2834,2024-01-18,Europe,France,Running Shoes,Apparel,Enterprise,3,72.85,0.2,174.84,90.61
2835,2024-01-18,North America,Canada,Ergonomic Chair,Office,Enterprise,1,253.4,0.2,202.72,110.03
2836,2024-01-18,Europe,Spain,Bluetooth Speaker,Electronics,Enterprise,2,57.84,0.2,92.54,56.28
2837,2024-01-18,North America,Canada,Tablet Stand,Electronics,Enterprise,9,23.72,0,213.48,122.98
2838,2024-01-19,North America,USA,Vacuum Cleaner,Home,Consumer,2,233.47,0.15,396.9,208.48
2839,2024-01-19,LATAM,Brazil,Notebook Set,Office,Enterprise,2,16.07,0,32.14,15.91
2840,2024-01-19,North America,Canada,Smart Watch,Electronics,Enterprise,5,190.38,0.2,761.52,368.0
2841,2024-01-19,North America,USA,Ergonomic Chair,Office,Consumer,4,246.36,0,985.44,493.23
2842,2024-01-19,APAC,India,Rain Jacket,Apparel,Consumer,1,106.41,0,106.41,67.46
2843,2024-01-19,North America,Canada,Tablet Stand,Electronics,Consumer,4,26.18,0.2,83.78,52.95
2844,2024-01-19,LATAM,Brazil,Running Shoes,Apparel,Consumer,1,79.68,0.1,71.71,45.19
2845,2024-01-20,APAC,Australia,Wool Sweater,Apparel,Consumer,1,86.86,0.05,82.52,50.99
2846,2024-01-20,APAC,Australia,Vacuum Cleaner,Home,SMB,2,211.4,0,422.8,270.46
2847,2024-01-20,APAC,Japan,Air Purifier,Home,SMB,1,130.93,0,130.93,81.61
2848,2024-01-20,North America,Canada,Rain Jacket,Apparel,SMB,3,103.94,0,311.82,184.13
2849,2024-01-20,Europe,Germany,Smart Watch,Electronics,Consumer,1,193.92,0,193.92,99.84
2850,2024-01-20,APAC,India,Tablet Stand,Electronics,Enterprise,3,24.74,0,74.22,41.76
2851,2024-01-21,LATAM,Mexico,LED Desk Lamp,Home,SMB,1,36.74,0.05,34.9,17.13
2852,2024-01-21,North America,Canada,Denim Jacket,Apparel,Enterprise,5,65.04,0.2,260.16,152.2
2853,2024-01-21,APAC,Australia,Wool Sweater,Apparel,SMB,3,82.41,0.05,234.87,136.6
2854,2024-01-21,North America,Canada,Bluetooth Speaker,Electronics,SMB,1,62.16,0.2,49.73,25.97
2855,2024-01-21,LATAM,Mexico,Notebook Set,Office,SMB,1,16.09,0.1,14.48,9.15
2856,2024-01-21,North America,Canada,Running Shoes,Apparel,SMB,7,82.16,0,575.12,285.05
2857,2024-01-21,Europe,Spain,Smart Watch,Electronics,Enterprise,5,188.83,0,944.15,426.74
2858,2024-01-21,APAC,India,Bluetooth Speaker,Electronics,Consumer,1,58.22,0,58.22,35.83
2859,2024-01-21,North America,Canada,Tablet Stand,Electronics,SMB,1,26.95,0,26.95,13.7
2860,2024-01-22,North America,USA,Running Shoes,Apparel,Enterprise,5,82.41,0,412.05,197.18
2861,2024-01-22,Europe,France,Wireless Headphones,Electronics,Enterprise,5,86.99,0.2,347.96,223.63
2862,2024-01-22,APAC,Japan,Wool Sweater,Apparel,Enterprise,4,84.8,0,339.2,167.77
2863,2024-01-22,APAC,Japan,Bluetooth Speaker,Electronics,SMB,3,58.4,0.05,166.44,79.46
2864,2024-01-22,North America,Canada,Rain Jacket,Apparel,Enterprise,5,93.71,0,468.55,214.35
2865,2024-01-22,Europe,Germany,Tablet Stand,Electronics,Enterprise,4,25.06,0.05,95.23,43.49
2866,2024-01-22,LATAM,Mexico,Tablet Stand,Electronics,Consumer,2,23.31,0.1,41.96,20.52
2867,2024-01-22,North America,Canada,Smart Watch,Electronics,SMB,4,185.06,0,740.24,479.1
2868,2024-01-22,APAC,India,Standing Desk,Office,SMB,3,429.14,0.2,1029.94,585.65
2869,2024-01-22,North America,Canada,Bluetooth Speaker,Electronics,Consumer,2,58.32,0,116.64,60.48
2870,2024-01-23,North America,Canada,Air Purifier,Home,Enterprise,2,123.38,0,246.76,159.66
2871,2024-01-23,APAC,Australia,Wireless Headphones,Electronics,Consumer,5,95.39,0.05,453.1,280.99
2872,2024-01-23,Europe,Spain,Wireless Headphones,Electronics,SMB,1,92.26,0,92.26,56.94
2873,2024-01-23,LATAM,Mexico,Wireless Headphones,Electronics,SMB,2,89.16,0.1,160.49,85.93
2874,2024-01-23,APAC,Australia,Monitor Arm,Office,Enterprise,2,56.3,0.1,101.34,51.82
2875,2024-01-23,APAC,Australia,Tablet Stand,Electronics,Consumer,1,25.53,0,25.53,13.94
2876,2024-01-24,Europe,Germany,Smart Watch,Electronics,Consumer,5,211.84,0.15,900.32,550.97
2877,2024-01-24,North America,Canada,Ergonomic Chair,Office,Enterprise,4,249.7,0.1,898.92,508.76
2878,2024-01-24,LATAM,Mexico,Running Shoes,Apparel,Enterprise,3,77.39,0.2,185.74,87.04
2879,2024-01-24,North America,USA,Bluetooth Speaker,Electronics,Enterprise,5,61.92,0,309.6,184.59
2880,2024-01-24,Europe,France,Smart Watch,Electronics,Consumer,1,203.03,0.15,172.58,95.68
2881,2024-01-24,APAC,Singapore,Standing Desk,Office,Consumer,1,383.41,0,383.41,246.34
2882,2024-01-25,APAC,Japan,Air Purifier,Home,Enterprise,1,127.78,0.05,121.39,58.3
2883,2024-01-25,North America,USA,Tablet Stand,Electronics,SMB,3,25.04,0.15,63.85,29.39
2884,2024-01-25,APAC,Australia,Notebook Set,Office,SMB,5,15.9,0,79.5,40.9
2885,2024-01-25,APAC,Singapore,LED Desk Lamp,Home,SMB,1,39.14,0.2,31.31,15.8
2886,2024-01-25,LATAM,Brazil,Vacuum Cleaner,Home,Enterprise,3,220.81,0.05,629.31,379.21
2887,2024-01-25,North America,Canada,Ergonomic Chair,Office,SMB,2,231.26,0.15,393.14,201.78
2888,2024-01-26,North America,USA,Wireless Headphones,Electronics,SMB,3,93.92,0.2,225.41,145.64
2889,2024-01-26,APAC,Singapore,Ergonomic Chair,Office,Enterprise,1,267.96,0,267.96,133.96
2890,2024-01-26,North America,Canada,Ceramic Cookware Set,Home,Enterprise,6,147.25,0,883.5,471.94
2891,2024-01-27,LATAM,Mexico,LED Desk Lamp,Home,Consumer,1,39.23,0.1,35.31,16.79
2892,2024-01-27,Europe,UK,LED Desk Lamp,Home,SMB,2,40.08,0.05,76.15,49.06
2893,2024-01-27,North America,USA,Wireless Headphones,Electronics,SMB,2,95.06,0.2,152.1,81.76
2894,2024-01-27,APAC,Singapore,Running Shoes,Apparel,Enterprise,3,84.9,0.15,216.5,130.32
2895,2024-01-27,North America,Canada,Bluetooth Speaker,Electronics,Enterprise,6,62.03,0.2,297.74,167.26
2896,2024-01-28,North America,USA,Running Shoes,Apparel,Consumer,2,79.56,0.05,151.16,78.42
2897,2024-01-28,Europe,UK,Ergonomic Chair,Office,SMB,5,239.16,0.05,1136.01,577.88
2898,2024-01-28,Europe,France,Bluetooth Speaker,Electronics,Consumer,1,55.46,0,55.46,34.33
2899,2024-01-28,North America,USA,Smart Watch,Electronics,Enterprise,3,201.65,0.05,574.7,327.57
2900,2024-01-28,North America,Canada,Vacuum Cleaner,Home,SMB,3,204.15,0.1,551.21,265.42
2901,2024-01-28,Europe,Germany,Air Purifier,Home,SMB,4,119.92,0.05,455.7,231.47
2902,2024-01-28,Europe,Germany,Air Purifier,Home,Enterprise,4,130.45,0.05,495.71,268.63
2903,2024-01-28,APAC,India,Wireless Headphones,Electronics,SMB,2,91.76,0.1,165.17,93.19
2904,2024-01-29,APAC,Australia,Bluetooth Speaker,Electronics,Consumer,1,62.33,0.15,52.98,32.58
2905,2024-01-29,APAC,India,Standing Desk,Office,Consumer,2,417.87,0,835.74,483.79
2906,2024-01-29,LATAM,Brazil,Running Shoes,Apparel,SMB,2,78.85,0,157.7,71.22
2907,2024-01-29,North America,Canada,Wireless Headphones,Electronics,SMB,1,86.58,0,86.58,40.09
2908,2024-01-29,APAC,Japan,Wool Sweater,Apparel,Consumer,1,94.85,0.1,85.36,54.58
2909,2024-01-29,APAC,Australia,Vacuum Cleaner,Home,Enterprise,2,227.79,0.2,364.46,172.12
2910,2024-01-29,APAC,Australia,Tablet Stand,Electronics,Consumer,1,23.58,0.2,18.86,10.3
2911,2024-01-29,Europe,UK,Wireless Headphones,Electronics,SMB,2,88.29,0.15,150.09,78.99
2912,2024-01-29,North America,USA,Air Purifier,Home,Enterprise,1,122.14,0,122.14,62.36
2913,2024-01-29,North America,USA,Rain Jacket,Apparel,Consumer,1,98.56,0.05,93.63,51.22
2914,2024-01-30,LATAM,Brazil,Rain Jacket,Apparel,Consumer,1,96.95,0.15,82.41,37.82
2915,2024-01-30,North America,USA,Smart Watch,Electronics,Enterprise,1,202.91,0,202.91,94.56
2916,2024-01-30,North America,USA,Denim Jacket,Apparel,SMB,2,65.09,0,130.18,80.03
2917,2024-01-30,LATAM,Mexico,Air Purifier,Home,Consumer,1,121.55,0.2,97.24,63.06
2918,2024-01-30,APAC,India,Monitor Arm,Office,Consumer,2,56.19,0.2,89.9,47.08
2919,2024-01-30,North America,Canada,Bluetooth Speaker,Electronics,Enterprise,2,57.51,0.15,97.77,46.73
2920,2024-01-30,APAC,Australia,Tablet Stand,Electronics,Consumer,3,26.87,0.15,68.52,32.44
2921,2024-01-30,North America,USA,Wireless Headphones,Electronics,SMB,3,81.92,0,245.76,145.65
2922,2024-01-30,LATAM,Mexico,Ergonomic Chair,Office,Enterprise,1,251.95,0.1,226.75,111.15
2923,2024-01-30,APAC,Japan,Ergonomic Chair,Office,Consumer,1,244.56,0.05,232.33,123.4
2924,2024-01-30,Europe,UK,Bluetooth Speaker,Electronics,SMB,1,59.6,0.2,47.68,22.82
2925,2024-01-30,Europe,Spain,Denim Jacket,Apparel,Consumer,1,66.91,0.2,53.53,31.18
2926,2024-01-31,LATAM,Brazil,Monitor Arm,Office,SMB,2,62.55,0.2,100.08,56.61
2927,2024-01-31,APAC,Singapore,Bluetooth Speaker,Electronics,Enterprise,3,60.19,0,180.57,94.56
2928,2024-01-31,North America,Canada,Air Purifier,Home,Enterprise,6,125.98,0.05,718.09,362.17
2929,2024-01-31,APAC,India,Smart Watch,Electronics,Enterprise,1,208.28,0.05,197.87,113.61
2930,2024-01-31,North America,Canada,Notebook Set,Office,Enterprise,4,15.75,0.05,59.85,36.0
2931,2024-01-31,LATAM,Brazil,Wireless Headphones,Electronics,Enterprise,3,94.75,0,284.25,138.73
2932,2024-01-31,APAC,Singapore,Ceramic Cookware Set,Home,SMB,3,158.36,0.05,451.33,215.58
2933,2024-02-01,APAC,India,Ergonomic Chair,Office,Enterprise,3,260.19,0.2,624.46,336.34
2934,2024-02-01,APAC,Australia,Wool Sweater,Apparel,SMB,4,86.47,0,345.88,191.84
2935,2024-02-01,Europe,Germany,Smart Watch,Electronics,Enterprise,1,194.4,0.15,165.24,105.22
2936,2024-02-01,Europe,France,LED Desk Lamp,Home,SMB,4,38.35,0.2,122.72,57.5
2937,2024-02-01,North America,USA,Rain Jacket,Apparel,Consumer,2,97.97,0.05,186.14,96.52
2938,2024-02-01,LATAM,Mexico,Smart Watch,Electronics,Consumer,1,197.66,0.05,187.78,95.98
2939,2024-02-01,APAC,Australia,Rain Jacket,Apparel,Consumer,5,103.28,0.15,438.94,229.88
2940,2024-02-01,APAC,Japan,Rain Jacket,Apparel,SMB,2,96.0,0,192.0,123.78
2941,2024-02-02,North America,Canada,Vacuum Cleaner,Home,SMB,3,236.52,0.1,638.6,308.68
2942,2024-02-02,LATAM,Mexico,Smart Watch,Electronics,Enterprise,3,210.44,0,631.32,399.74
2943,2024-02-02,Europe,Spain,Tablet Stand,Electronics,Consumer,1,25.46,0.05,24.19,13.94
2944,2024-02-02,Europe,Germany,Bluetooth Speaker,Electronics,Enterprise,7,59.21,0,414.47,260.52
2945,2024-02-02,LATAM,Mexico,Wool Sweater,Apparel,Consumer,3,95.26,0.15,242.91,157.54
2946,2024-02-02,North America,USA,Air Purifier,Home,Consumer,2,126.88,0,253.76,155.47
2947,2024-02-02,LATAM,Brazil,Vacuum Cleaner,Home,Consumer,1,211.06,0.15,179.4,95.06
2948,2024-02-03,LATAM,Mexico,Standing Desk,Office,Enterprise,4,408.43,0.1,1470.35,677.96
2949,2024-02-03,Europe,France,Bluetooth Speaker,Electronics,Consumer,1,62.46,0.1,56.21,34.22
2950,2024-02-03,Europe,Spain,Bluetooth Speaker,Electronics,Enterprise,5,61.21,0.1,275.44,125.46
2951,2024-02-03,North America,USA,Bluetooth Speaker,Electronics,Consumer,4,55.74,0,222.96,107.16
2952,2024-02-03,APAC,Japan,Wireless Headphones,Electronics,Consumer,3,91.64,0,274.92,127.54
2953,2024-02-04,APAC,Singapore,Vacuum Cleaner,Home,SMB,15,229.94,0,3449.1,1614.8
2954,2024-02-04,North America,USA,Wool Sweater,Apparel,Enterprise,6,92.53,0.1,499.66,261.74
2955,2024-02-04,Europe,Spain,Ergonomic Chair,Office,Consumer,1,268.38,0.1,241.54,133.32
2956,2024-02-04,APAC,Japan,Ceramic Cookware Set,Home,Enterprise,3,160.61,0.1,433.65,208.11
2957,2024-02-05,Europe,Germany,Rain Jacket,Apparel,Enterprise,6,101.16,0.15,515.92,250.09
2958,2024-02-05,APAC,India,Bluetooth Speaker,Electronics,Enterprise,4,55.92,0,223.68,119.61
2959,2024-02-05,North America,Canada,Running Shoes,Apparel,Consumer,2,72.69,0,145.38,70.23
2960,2024-02-06,APAC,Australia,Notebook Set,Office,SMB,3,15.43,0,46.29,27.85
2961,2024-02-06,APAC,Japan,Rain Jacket,Apparel,SMB,1,101.42,0.05,96.35,59.3
2962,2024-02-06,Europe,Spain,Tablet Stand,Electronics,Enterprise,2,26.49,0.05,50.33,25.55
2963,2024-02-06,North America,Canada,LED Desk Lamp,Home,SMB,3,39.51,0.2,94.82,45.71
2964,2024-02-06,North America,Canada,Ergonomic Chair,Office,Consumer,1,240.16,0.2,192.13,107.18
2965,2024-02-06,Europe,France,LED Desk Lamp,Home,Consumer,3,41.78,0,125.34,75.69
2966,2024-02-06,APAC,Japan,Bluetooth Speaker,Electronics,SMB,3,56.04,0,168.12,107.28
2967,2024-02-07,LATAM,Brazil,Air Purifier,Home,Enterprise,6,128.89,0.2,618.67,359.36
2968,2024-02-07,APAC,Singapore,Rain Jacket,Apparel,Consumer,2,106.7,0,213.4,110.26
2969,2024-02-07,Europe,France,Wireless Headphones,Electronics,Enterprise,2,82.92,0,165.84,107.31
2970,2024-02-07,North America,Canada,Bluetooth Speaker,Electronics,Consumer,1,58.87,0.2,47.1,29.43
2971,2024-02-07,North America,USA,Smart Watch,Electronics,SMB,4,205.94,0,823.76,384.57
2972,2024-02-07,Europe,Germany,Running Shoes,Apparel,Enterprise,3,74.77,0,224.31,117.97
2973,2024-02-07,North America,Canada,Bluetooth Speaker,Electronics,Consumer,1,54.46,0,54.46,35.24
2974,2024-02-07,North America,Canada,Rain Jacket,Apparel,SMB,6,102.6,0,615.6,366.6
2975,2024-02-07,APAC,Singapore,Air Purifier,Home,Consumer,1,138.49,0.15,117.72,55.91
2976,2024-02-07,LATAM,Mexico,Running Shoes,Apparel,SMB,4,72.7,0,290.8,167.17
2977,2024-02-07,APAC,Singapore,Wireless Headphones,Electronics,Consumer,1,83.55,0.15,71.02,31.97
2978,2024-02-08,North America,Canada,Rain Jacket,Apparel,Consumer,5,106.17,0.2,424.68,202.15
2979,2024-02-08,North America,USA,Tablet Stand,Electronics,Enterprise,3,25.21,0,75.63,45.35
2980,2024-02-08,Europe,Spain,Vacuum Cleaner,Home,SMB,2,218.17,0,436.34,245.92
2981,2024-02-08,North America,USA,Tablet Stand,Electronics,Enterprise,4,24.72,0.2,79.1,41.29
2982,2024-02-08,Europe,France,Wireless Headphones,Electronics,Enterprise,3,87.43,0,262.29,156.2
2983,2024-02-08,APAC,India,Notebook Set,Office,Consumer,2,14.7,0.1,26.46,12.81
2984,2024-02-09,APAC,Australia,Vacuum Cleaner,Home,Consumer,2,224.04,0,448.08,276.41
2985,2024-02-09,LATAM,Brazil,Air Purifier,Home,Enterprise,2,121.34,0.2,194.14,120.23
2986,2024-02-09,Europe,Germany,Rain Jacket,Apparel,SMB,4,102.71,0.2,328.67,155.55
2987,2024-02-09,Europe,UK,Smart Watch,Electronics,Consumer,1,186.07,0.05,176.77,87.24
2988,2024-02-09,Europe,Spain,Wireless Headphones,Electronics,Consumer,1,94.92,0,94.92,47.27
2989,2024-02-09,APAC,Japan,Vacuum Cleaner,Home,Consumer,1,227.07,0.2,181.66,82.33
2990,2024-02-09,LATAM,Brazil,Wool Sweater,Apparel,SMB,4,92.2,0.15,313.48,177.52
2991,2024-02-09,LATAM,Mexico,Bluetooth Speaker,Electronics,SMB,1,57.14,0,57.14,35.79
2992,2024-02-09,North America,USA,Denim Jacket,Apparel,Enterprise,7,72.18,0,505.26,242.37
2993,2024-02-10,North America,Canada,Smart Watch,Electronics,Consumer,2,201.09,0.15,341.85,195.06
2994,2024-02-10,Europe,France,Ceramic Cookware Set,Home,Consumer,4,143.39,0.2,458.85,289.32
2995,2024-02-10,Europe,Spain,Ceramic Cookware Set,Home,SMB,3,151.22,0,453.66,284.43
2996,2024-02-10,North America,USA,Monitor Arm,Office,Enterprise,7,56.48,0,395.36,226.24
2997,2024-02-10,North America,Canada,Monitor Arm,Office,SMB,4,54.39,0,217.56,120.6
2998,2024-02-10,APAC,India,Tablet Stand,Electronics,Consumer,1,26.53,0,26.53,12.02
2999,2024-02-10,Europe,UK,Bluetooth Speaker,Electronics,Consumer,3,56.5,0.2,135.6,78.21
3000,2024-02-10,APAC,Australia,Wireless Headphones,Electronics,Consumer,2,92.21,0.2,147.54,66.78
3001,2024-02-10,APAC,Japan,Monitor Arm,Office,Consumer,1,59.56,0,59.56,31.95
3002,2024-02-11,North America,USA,Tablet Stand,Electronics,SMB,2,23.27,0.1,41.89,24.36
3003,2024-02-11,Europe,Germany,Ceramic Cookware Set,Home,Consumer,2,152.07,0,304.14,181.31
3004,2024-02-11,Europe,UK,Wireless Headphones,Electronics,SMB,4,90.15,0,360.6,220.57
3005,2024-02-11,North America,Canada,Ergonomic Chair,Office,Enterprise,4,239.13,0,956.52,469.76
3006,2024-02-11,APAC,Singapore,Air Purifier,Home,Enterprise,3,127.92,0.15,326.2,181.51
3007,2024-02-11,Europe,UK,Ergonomic Chair,Office,SMB,3,230.33,0.05,656.44,337.44
3008,2024-02-11,Europe,France,Smart Watch,Electronics,SMB,4,199.08,0,796.32,409.38
3009,2024-02-11,Europe,Spain,Tablet Stand,Electronics,Enterprise,4,24.15,0.2,77.28,45.76
3010,2024-02-11,North America,Canada,Air Purifier,Home,SMB,3,124.52,0.2,298.85,154.06
3011,2024-02-12,North America,USA,Notebook Set,Office,Consumer,3,13.83,0,41.49,23.97
3012,2024-02-12,North America,Canada,Standing Desk,Office,SMB,4,423.03,0,1692.12,941.33
3013,2024-02-12,North America,Canada,LED Desk Lamp,Home,SMB,4,37.81,0,151.24,76.77
3014,2024-02-12,APAC,Australia,Vacuum Cleaner,Home,Enterprise,3,207.47,0,622.41,291.87
3015,2024-02-12,LATAM,Mexico,Standing Desk,Office,Enterprise,2,383.17,0,766.34,354.24
3016,2024-02-12,APAC,Japan,Ceramic Cookware Set,Home,Consumer,4,152.84,0.1,550.22,327.31
3017,2024-02-12,APAC,Japan,Air Purifier,Home,SMB,2,125.67,0,251.34,153.86
3018,2024-02-12,North America,USA,Air Purifier,Home,SMB,6,133.45,0.1,720.63,439.89
3019,2024-02-12,North America,USA,Wireless Headphones,Electronics,Enterprise,5,86.15,0.05,409.21,234.0
3020,2024-02-13,Europe,Germany,Tablet Stand,Electronics,Enterprise,5,24.8,0,124.0,58.2
3021,2024-02-13,North America,USA,Rain Jacket,Apparel,Enterprise,7,103.89,0,727.23,331.1
3022,2024-02-13,North America,USA,Wool Sweater,Apparel,SMB,2,89.31,0.1,160.76,72.8
3023,2024-02-13,APAC,Australia,Wireless Headphones,Electronics,Consumer,1,84.88,0.2,67.9,40.33
3024,2024-02-13,North America,Canada,Bluetooth Speaker,Electronics,Enterprise,5,55.35,0,276.75,143.36
3025,2024-02-13,North America,USA,Vacuum Cleaner,Home,Consumer,1,226.15,0,226.15,119.47
3026,2024-02-13,North America,USA,Tablet Stand,Electronics,Consumer,1,25.95,0.1,23.36,12.51
3027,2024-02-13,North America,USA,Bluetooth Speaker,Electronics,SMB,4,55.25,0.2,176.8,98.79
3028,2024-02-13,APAC,India,Wool Sweater,Apparel,Consumer,3,87.23,0.05,248.61,112.14
3029,2024-02-14,APAC,Singapore,Rain Jacket,Apparel,Enterprise,5,101.23,0,506.15,313.11
3030,2024-02-14,North America,USA,Tablet Stand,Electronics,Consumer,5,25.65,0.2,102.6,52.61
3031,2024-02-14,North America,USA,Tablet Stand,Electronics,SMB,3,25.29,0.15,64.49,37.62
3032,2024-02-14,Europe,Germany,Denim Jacket,Apparel,SMB,1,71.15,0.2,56.92,31.4
3033,2024-02-14,LATAM,Brazil,Standing Desk,Office,Consumer,2,375.65,0.1,676.17,370.63
3034,2024-02-14,LATAM,Mexico,Denim Jacket,Apparel,SMB,1,68.49,0,68.49,42.13
3035,2024-02-14,North America,USA,Tablet Stand,Electronics,Consumer,3,24.33,0,72.99,39.63
3036,2024-02-15,LATAM,Mexico,Denim Jacket,Apparel,Enterprise,3,64.36,0.1,173.77,108.61
3037,2024-02-15,APAC,Japan,Monitor Arm,Office,Consumer,1,55.65,0,55.65,31.9
3038,2024-02-15,APAC,Australia,Running Shoes,Apparel,SMB,1,84.2,0.2,67.36,41.06
3039,2024-02-15,North America,Canada,Wool Sweater,Apparel,Consumer,2,83.14,0,166.28,97.05
3040,2024-02-15,North America,USA,Tablet Stand,Electronics,Enterprise,6,25.4,0.15,129.54,70.88
3041,2024-02-15,APAC,Singapore,Notebook Set,Office,Consumer,1,16.15,0.2,12.92,8.31
3042,2024-02-15,APAC,Singapore,Tablet Stand,Electronics,SMB,1,23.95,0,23.95,10.92
3043,2024-02-15,North America,USA,Vacuum Cleaner,Home,SMB,6,209.99,0,1259.94,619.68
3044,2024-02-15,Europe,France,Bluetooth Speaker,Electronics,Enterprise,5,56.7,0.15,240.97,138.13
3045,2024-02-16,North America,Canada,Wireless Headphones,Electronics,SMB,5,83.99,0,419.95,212.08
3046,2024-02-16,APAC,Australia,Smart Watch,Electronics,Consumer,1,186.81,0,186.81,103.65
3047,2024-02-16,North America,USA,Wool Sweater,Apparel,Consumer,1,94.18,0.15,80.05,40.98
3048,2024-02-16,Europe,France,Rain Jacket,Apparel,SMB,3,94.39,0,283.17,172.65
3049,2024-02-16,APAC,Singapore,Ergonomic Chair,Office,SMB,13,260.94,0.15,2883.39,1543.49
3050,2024-02-16,North America,USA,Ergonomic Chair,Office,Consumer,2,261.41,0,522.82,303.99
3051,2024-02-16,Europe,UK,Wireless Headphones,Electronics,SMB,4,83.95,0.05,319.01,164.35
3052,2024-02-16,Europe,France,Wireless Headphones,Electronics,SMB,5,93.36,0.1,420.12,262.38
3053,2024-02-17,Europe,Germany,Wireless Headphones,Electronics,Enterprise,6,83.23,0.2,399.5,212.94
3054,2024-02-17,North America,Canada,Running Shoes,Apparel,Consumer,2,84.48,0.2,135.17,74.19
3055,2024-02-17,North America,Canada,Vacuum Cleaner,Home,Consumer,3,217.28,0,651.84,298.03
3056,2024-02-17,APAC,India,Running Shoes,Apparel,Consumer,1,77.87,0,77.87,38.37
3057,2024-02-17,North America,USA,Monitor Arm,Office,Enterprise,3,60.38,0,181.14,109.16
3058,2024-02-17,Europe,Spain,Running Shoes,Apparel,Consumer,2,81.29,0,162.58,81.75
3059,2024-02-17,APAC,Japan,Bluetooth Speaker,Electronics,Consumer,3,62.15,0.2,149.16,83.8
3060,2024-02-17,APAC,India,Rain Jacket,Apparel,Consumer,4,93.43,0.15,317.66,188.16
3061,2024-02-18,Europe,France,Smart Watch,Electronics,Consumer,1,197.79,0.1,178.01,98.61
3062,2024-02-18,North America,USA,Tablet Stand,Electronics,Consumer,1,25.56,0,25.56,14.67
3063,2024-02-18,North America,Canada,Smart Watch,Electronics,SMB,2,208.3,0.1,374.94,225.64
3064,2024-02-18,Europe,UK,Vacuum Cleaner,Home,Enterprise,2,206.68,0,413.36,266.41
3065,2024-02-18,Europe,UK,Wool Sweater,Apparel,SMB,2,84.47,0.2,135.15,67.32
3066,2024-02-18,APAC,Singapore,Ceramic Cookware Set,Home,Enterprise,1,147.57,0.1,132.81,69.11
3067,2024-02-18,Europe,France,Monitor Arm,Office,Consumer,3,60.91,0.1,164.46,85.8
3068,2024-02-18,Europe,UK,Notebook Set,Office,Enterprise,4,14.52,0,58.08,26.46
3069,2024-02-18,North America,Canada,Denim Jacket,Apparel,Consumer,4,67.0,0.1,241.2,153.37
3070,2024-02-19,APAC,India,Running Shoes,Apparel,Consumer,2,83.78,0,167.56,81.97
3071,2024-02-19,APAC,Japan,Tablet Stand,Electronics,Enterprise,2,24.15,0,48.3,30.32
3072,2024-02-19,North America,Canada,Wireless Headphones,Electronics,SMB,4,94.9,0,379.6,219.9
3073,2024-02-19,North America,Canada,Bluetooth Speaker,Electronics,Consumer,3,57.58,0.1,155.47,80.48
3074,2024-02-19,LATAM,Brazil,Ergonomic Chair,Office,Enterprise,3,254.24,0.2,610.18,362.1
3075,2024-02-20,North America,Canada,Denim Jacket,Apparel,Enterprise,6,69.78,0.15,355.88,181.4
3076,2024-02-20,LATAM,Brazil,Rain Jacket,Apparel,SMB,2,91.39,0.1,164.5,88.18
3077,2024-02-20,North America,Canada,Rain Jacket,Apparel,Consumer,3,96.32,0.2,231.17,124.71
3078,2024-02-20,APAC,Japan,Vacuum Cleaner,Home,Enterprise,1,207.54,0.05,197.16,95.48
3079,2024-02-21,APAC,Singapore,Standing Desk,Office,SMB,1,369.41,0.15,314.0,202.78
3080,2024-02-21,Europe,UK,Ergonomic Chair,Office,Consumer,4,243.36,0,973.44,588.86
3081,2024-02-21,North America,USA,LED Desk Lamp,Home,SMB,4,41.07,0,164.28,85.29
3082,2024-02-21,LATAM,Brazil,Notebook Set,Office,SMB,1,14.0,0,14.0,7.78
3083,2024-02-21,Europe,Spain,LED Desk Lamp,Home,SMB,4,36.63,0,146.52,83.7
3084,2024-02-21,Europe,Spain,Ergonomic Chair,Office,SMB,3,264.62,0.15,674.78,419.53
3085,2024-02-21,North America,Canada,Notebook Set,Office,SMB,6,15.68,0,94.08,52.64
3086,2024-02-21,North America,USA,Running Shoes,Apparel,SMB,3,74.91,0.05,213.49,104.2
3087,2024-02-21,North America,USA,Smart Watch,Electronics,SMB,2,191.88,0,383.76,183.45
3088,2024-02-22,Europe,UK,LED Desk Lamp,Home,SMB,2,37.36,0.05,70.98,34.94
3089,2024-02-22,North America,Canada,Running Shoes,Apparel,Enterprise,6,81.11,0.05,462.33,271.95
3090,2024-02-22,LATAM,Mexico,Denim Jacket,Apparel,SMB,2,71.62,0.2,114.59,73.37
3091,2024-02-22,Europe,Spain,Rain Jacket,Apparel,Enterprise,4,103.24,0.05,392.31,245.83
3092,2024-02-22,Europe,France,Wool Sweater,Apparel,SMB,2,89.98,0.1,161.96,74.48
3093,2024-02-22,APAC,Singapore,Tablet Stand,Electronics,Enterprise,2,23.67,0,47.34,28.54
3094,2024-02-22,North America,Canada,Standing Desk,Office,Consumer,2,407.94,0,815.88,452.93
3095,2024-02-22,Europe,Spain,Bluetooth Speaker,Electronics,Consumer,3,55.46,0,166.38,97.66
3096,2024-02-23,LATAM,Mexico,Monitor Arm,Office,Consumer,1,58.44,0,58.44,35.25
3097,2024-02-23,North America,Canada,Ergonomic Chair,Office,SMB,3,257.08,0.1,694.12,412.19
3098,2024-02-23,Europe,UK,Denim Jacket,Apparel,Consumer,3,67.83,0,203.49,124.45
3099,2024-02-23,North America,USA,Smart Watch,Electronics,SMB,4,194.2,0.2,621.44,331.64
3100,2024-02-24,LATAM,Mexico,Vacuum Cleaner,Home,Consumer,1,226.26,0.1,203.63,117.3
3101,2024-02-24,Europe,Germany,Notebook Set,Office,SMB,4,14.88,0.05,56.54,28.04
3102,2024-02-24,Europe,Spain,Vacuum Cleaner,Home,SMB,8,206.46,0.2,1321.34,696.5
3103,2024-02-24,Europe,France,Wireless Headphones,Electronics,SMB,2,89.01,0,178.02,101.67
3104,2024-02-24,Europe,Germany,Ergonomic Chair,Office,Consumer,2,236.48,0.2,378.37,185.79
3105,2024-02-24,Europe,Germany,Running Shoes,Apparel,Enterprise,3,73.68,0.05,209.99,118.4
3106,2024-02-24,Europe,Germany,Tablet Stand,Electronics,SMB,4,25.94,0,103.76,54.51
3107,2024-02-24,North America,Canada,Tablet Stand,Electronics,Consumer,3,24.48,0.2,58.75,36.22
3108,2024-02-24,APAC,Australia,Wireless Headphones,Electronics,SMB,2,87.43,0,174.86,86.88
3109,2024-02-24,APAC,Australia,Wireless Headphones,Electronics,Consumer,1,91.48,0,91.48,52.9
3110,2024-02-24,APAC,India,Denim Jacket,Apparel,Consumer,1,73.74,0,73.74,45.11
3111,2024-02-25,APAC,Singapore,LED Desk Lamp,Home,SMB,4,39.56,0.2,126.59,59.51
3112,2024-02-25,Europe,Spain,Ergonomic Chair,Office,Consumer,1,268.85,0.05,255.41,141.78
3113,2024-02-25,APAC,Japan,Rain Jacket,Apparel,Enterprise,3,101.96,0,305.88,162.48
3114,2024-02-25,Europe,UK,LED Desk Lamp,Home,Enterprise,7,40.96,0.1,258.05,130.99
3115,2024-02-25,North America,USA,Smart Watch,Electronics,Enterprise,4,211.17,0,844.68,410.02
3116,2024-02-25,APAC,India,Notebook Set,Office,Consumer,1,14.68,0.2,11.74,6.37
3117,2024-02-25,Europe,UK,Smart Watch,Electronics,Consumer,4,207.54,0,830.16,436.29
3118,2024-02-25,LATAM,Mexico,Wireless Headphones,Electronics,SMB,1,91.25,0.2,73.0,38.05
3119,2024-02-25,Europe,Germany,Wireless Headphones,Electronics,Consumer,1,95.8,0.15,81.43,41.45
3120,2024-02-25,APAC,Australia,Standing Desk,Office,Enterprise,1,374.59,0.15,318.4,152.28
3121,2024-02-25,Europe,France,Wool Sweater,Apparel,SMB,4,93.0,0,372.0,200.92
3122,2024-02-25,North America,USA,Rain Jacket,Apparel,Enterprise,5,104.65,0,523.25,253.13
3123,2024-02-26,LATAM,Brazil,Smart Watch,Electronics,Consumer,1,205.04,0.1,184.54,114.27
3124,2024-02-26,LATAM,Brazil,Tablet Stand,Electronics,Consumer,3,26.92,0.05,76.72,49.71
3125,2024-02-26,LATAM,Brazil,Tablet Stand,Electronics,Enterprise,3,23.8,0,71.4,36.93
3126,2024-02-26,Europe,France,Standing Desk,Office,SMB,2,371.7,0.2,594.72,267.94
3127,2024-02-26,APAC,Singapore,Ceramic Cookware Set,Home,Consumer,2,139.62,0,279.24,135.19
3128,2024-02-26,Europe,Germany,Rain Jacket,Apparel,SMB,3,92.57,0.2,222.17,143.24
3129,2024-02-27,APAC,India,Rain Jacket,Apparel,Consumer,3,95.31,0.2,228.74,135.02
3130,2024-02-27,APAC,Australia,Running Shoes,Apparel,Enterprise,5,84.75,0.05,402.56,250.97
3131,2024-02-27,Europe,UK,Ergonomic Chair,Office,SMB,2,260.67,0.1,469.21,298.01
3132,2024-02-27,APAC,Australia,Wireless Headphones,Electronics,Enterprise,2,88.94,0.1,160.09,98.36
3133,2024-02-27,North America,USA,Wireless Headphones,Electronics,Enterprise,2,88.95,0.15,151.22,79.0
3134,2024-02-27,APAC,India,LED Desk Lamp,Home,Consumer,2,39.62,0.05,75.28,40.0
3135,2024-02-27,Europe,Spain,LED Desk Lamp,Home,Enterprise,8,41.92,0.2,268.29,144.38
3136,2024-02-27,Europe,France,LED Desk Lamp,Home,Enterprise,4,35.93,0,143.72,85.61
3137,2024-02-27,Europe,France,Running Shoes,Apparel,Consumer,1,76.66,0.1,68.99,44.04
3138,2024-02-28,Europe,Spain,Wool Sweater,Apparel,SMB,1,91.35,0,91.35,58.53
3139,2024-02-28,APAC,Australia,Wool Sweater,Apparel,Consumer,2,91.86,0,183.72,90.41
3140,2024-02-28,LATAM,Mexico,Ceramic Cookware Set,Home,Enterprise,4,144.29,0,577.16,302.92
3141,2024-02-28,Europe,Spain,Ceramic Cookware Set,Home,Enterprise,5,141.3,0.1,635.85,306.82
3142,2024-02-28,North America,USA,Ergonomic Chair,Office,Enterprise,2,244.72,0,489.44,298.03
3143,2024-02-28,LATAM,Mexico,Vacuum Cleaner,Home,SMB,1,225.54,0.05,214.26,128.74
3144,2024-02-28,APAC,Australia,Standing Desk,Office,Consumer,9,410.32,0,3692.88,1777.41
3145,2024-02-28,Europe,UK,Vacuum Cleaner,Home,Consumer,1,227.63,0.05,216.25,134.33
3146,2024-02-28,North America,Canada,Wireless Headphones,Electronics,Consumer,3,94.81,0.2,227.54,103.78
3147,2024-02-28,North America,Canada,Standing Desk,Office,SMB,5,415.47,0,2077.35,990.11
3148,2024-02-28,Europe,Germany,Notebook Set,Office,Consumer,1,14.79,0.15,12.57,7.67
3149,2024-02-28,North America,Canada,LED Desk Lamp,Home,Consumer,5,39.84,0,199.2,95.11
3150,2024-02-28,North America,Canada,Smart Watch,Electronics,Enterprise,6,207.23,0,1243.38,718.09
3151,2024-02-28,North America,USA,Tablet Stand,Electronics,Consumer,2,24.52,0.05,46.59,24.0
3152,2024-02-29,North America,USA,Smart Watch,Electronics,Consumer,3,191.18,0,573.54,293.4
3153,2024-02-29,North America,USA,Wireless Headphones,Electronics,Enterprise,5,85.87,0.05,407.88,242.52
3154,2024-02-29,Europe,Germany,Smart Watch,Electronics,SMB,3,212.98,0,638.94,345.48
3155,2024-02-29,Europe,Spain,Wireless Headphones,Electronics,Enterprise,5,94.03,0.15,399.63,226.99
3156,2024-02-29,APAC,India,Tablet Stand,Electronics,SMB,1,25.98,0.15,22.08,12.31
3157,2024-02-29,LATAM,Brazil,Wireless Headphones,Electronics,SMB,1,95.66,0,95.66,43.61
3158,2024-02-29,Europe,Germany,Bluetooth Speaker,Electronics,SMB,2,61.76,0.1,111.17,53.09
3159,2024-02-29,Europe,UK,Denim Jacket,Apparel,SMB,3,66.36,0,199.08,105.13
3160,2024-02-29,North America,USA,Wool Sweater,Apparel,SMB,5,92.26,0.05,438.24,235.12
3161,2024-03-01,North America,Canada,Wool Sweater,Apparel,Consumer,1,92.5,0.1,83.25,38.68
3162,2024-03-01,Europe,France,Bluetooth Speaker,Electronics,Enterprise,8,55.75,0,446.0,235.55
3163,2024-03-01,LATAM,Mexico,Smart Watch,Electronics,Enterprise,1,211.97,0.15,180.17,87.58
3164,2024-03-01,North America,Canada,Smart Watch,Electronics,Consumer,1,195.94,0.15,166.55,77.85
3165,2024-03-01,Europe,Spain,Tablet Stand,Electronics,Consumer,1,26.61,0.2,21.29,9.87
3166,2024-03-01,North America,Canada,Vacuum Cleaner,Home,SMB,4,221.29,0.1,796.64,439.83
3167,2024-03-01,APAC,India,Running Shoes,Apparel,Enterprise,1,77.61,0.1,69.85,32.88
3168,2024-03-01,APAC,Japan,Smart Watch,Electronics,Enterprise,3,186.28,0,558.84,317.96
3169,2024-03-01,North America,USA,Rain Jacket,Apparel,Enterprise,7,101.9,0.1,641.97,321.78
3170,2024-03-01,North America,Canada,Smart Watch,Electronics,Consumer,4,211.2,0.15,718.08,415.86
3171,2024-03-01,North America,Canada,Ceramic Cookware Set,Home,Consumer,5,154.8,0.2,619.2,357.02
3172,2024-03-02,North America,Canada,LED Desk Lamp,Home,Enterprise,5,38.51,0,192.55,112.16
3173,2024-03-02,North America,USA,Wool Sweater,Apparel,SMB,3,91.06,0,273.18,138.6
3174,2024-03-02,North America,USA,Tablet Stand,Electronics,SMB,3,25.63,0,76.89,42.3
3175,2024-03-02,APAC,Singapore,Running Shoes,Apparel,Consumer,2,81.84,0,163.68,95.75
3176,2024-03-02,LATAM,Mexico,Monitor Arm,Office,Enterprise,1,58.32,0.05,55.4,29.25
3177,2024-03-02,Europe,France,Tablet Stand,Electronics,Enterprise,4,24.34,0.2,77.89,39.1
3178,2024-03-02,Europe,Spain,Wireless Headphones,Electronics,Enterprise,3,91.25,0,273.75,139.89
3179,2024-03-02,LATAM,Brazil,LED Desk Lamp,Home,Consumer,1,40.28,0.2,32.22,20.47
3180,2024-03-02,Europe,France,Wireless Headphones,Electronics,SMB,1,84.62,0.15,71.93,41.52
3181,2024-03-03,APAC,Singapore,Bluetooth Speaker,Electronics,Enterprise,2,55.55,0.05,105.54,51.33
3182,2024-03-03,Europe,Germany,Bluetooth Speaker,Electronics,SMB,2,59.06,0,118.12,60.96
3183,2024-03-03,North America,Canada,Wireless Headphones,Electronics,Consumer,5,87.24,0.15,370.77,199.29
3184,2024-03-03,APAC,Singapore,Tablet Stand,Electronics,SMB,1,25.61,0.1,23.05,13.6
3185,2024-03-03,North America,USA,Smart Watch,Electronics,Consumer,5,212.37,0,1061.85,542.36
3186,2024-03-03,North America,Canada,Wireless Headphones,Electronics,SMB,4,90.18,0.05,342.68,167.47
3187,2024-03-03,North America,Canada,Denim Jacket,Apparel,Enterprise,6,67.79,0,406.74,244.44
3188,2024-03-03,LATAM,Brazil,Smart Watch,Electronics,Enterprise,1,204.46,0.2,163.57,74.72
3189,2024-03-04,APAC,Australia,Wool Sweater,Apparel,Enterprise,6,88.53,0,531.18,291.87
3190,2024-03-04,North America,Canada,Denim Jacket,Apparel,Enterprise,3,72.88,0,218.64,122.29
3191,2024-03-04,Europe,UK,Tablet Stand,Electronics,Consumer,1,25.16,0.2,20.13,11.27
3192,2024-03-04,North America,Canada,Ceramic Cookware Set,Home,Consumer,2,139.43,0,278.86,163.4
3193,2024-03-04,Europe,France,Tablet Stand,Electronics,SMB,5,25.78,0.15,109.56,61.82
3194,2024-03-04,APAC,India,Smart Watch,Electronics,Enterprise,5,190.65,0.1,857.93,451.2
3195,2024-03-04,Europe,UK,Vacuum Cleaner,Home,Enterprise,5,219.39,0.05,1042.1,509.98
3196,2024-03-04,North America,USA,Running Shoes,Apparel,Enterprise,6,80.93,0,485.58,233.61
3197,2024-03-05,Europe,France,Notebook Set,Office,SMB,2,13.82,0.2,22.11,13.9
3198,2024-03-05,Europe,UK,Ceramic Cookware Set,Home,Consumer,2,147.04,0.05,279.38,151.45
3199,2024-03-05,North America,USA,Denim Jacket,Apparel,Consumer,3,64.38,0.15,164.17,106.19
3200,2024-03-05,Europe,Germany,Tablet Stand,Electronics,Consumer,2,26.41,0.1,47.54,28.54
3201,2024-03-05,LATAM,Brazil,Vacuum Cleaner,Home,Consumer,1,235.43,0.2,188.34,113.76
3202,2024-03-05,Europe,Spain,Tablet Stand,Electronics,SMB,3,23.5,0,70.5,42.17
3203,2024-03-05,APAC,Australia,Bluetooth Speaker,Electronics,Enterprise,3,55.12,0,165.36,80.96
3204,2024-03-05,Europe,France,Air Purifier,Home,Consumer,3,138.23,0,414.69,224.1
3205,2024-03-05,North America,USA,Bluetooth Speaker,Electronics,SMB,2,56.87,0,113.74,71.35
3206,2024-03-05,Europe,UK,Bluetooth Speaker,Electronics,Enterprise,4,57.8,0,231.2,120.58
3207,2024-03-06,APAC,Japan,Notebook Set,Office,SMB,3,14.74,0.2,35.38,18.89
3208,2024-03-06,APAC,Singapore,Tablet Stand,Electronics,Consumer,1,24.86,0.2,19.89,11.52
3209,2024-03-06,APAC,Australia,Monitor Arm,Office,Enterprise,1,57.89,0,57.89,28.23
3210,2024-03-06,North America,Canada,Wireless Headphones,Electronics,Consumer,2,87.66,0.1,157.79,95.57
3211,2024-03-06,LATAM,Brazil,Air Purifier,Home,Consumer,1,137.28,0.2,109.82,65.92
3212,2024-03-06,North America,USA,Bluetooth Speaker,Electronics,Enterprise,5,57.66,0,288.3,141.04
3213,2024-03-06,LATAM,Mexico,Ceramic Cookware Set,Home,Consumer,2,156.65,0.05,297.63,139.51
3214,2024-03-06,APAC,Singapore,Air Purifier,Home,SMB,2,130.85,0.05,248.61,151.0
3215,2024-03-07,North America,USA,Running Shoes,Apparel,Consumer,3,77.1,0.15,196.6,91.17
3216,2024-03-07,Europe,UK,LED Desk Lamp,Home,SMB,2,41.22,0,82.44,52.13
3217,2024-03-07,North America,Canada,Wool Sweater,Apparel,Enterprise,6,89.62,0.1,483.95,302.74
3218,2024-03-07,North America,USA,Bluetooth Speaker,Electronics,SMB,3,58.69,0,176.07,105.71
3219,2024-03-07,Europe,France,Vacuum Cleaner,Home,SMB,1,205.26,0,205.26,111.08
3220,2024-03-07,North America,USA,Rain Jacket,Apparel,SMB,3,98.28,0,294.84,139.33
3221,2024-03-07,North America,Canada,Wool Sweater,Apparel,SMB,4,87.86,0.15,298.72,192.6
3222,2024-03-08,Europe,France,Running Shoes,Apparel,SMB,3,80.37,0,241.11,156.44
3223,2024-03-08,North America,Canada,LED Desk Lamp,Home,Consumer,2,41.34,0,82.68,37.6
3224,2024-03-08,Europe,Spain,Tablet Stand,Electronics,Enterprise,5,24.77,0.15,105.27,67.67
3225,2024-03-08,Europe,Spain,Rain Jacket,Apparel,SMB,3,100.25,0.15,255.64,141.69
3226,2024-03-08,North America,Canada,Bluetooth Speaker,Electronics,SMB,4,61.25,0,245.0,121.65
3227,2024-03-08,North America,USA,Bluetooth Speaker,Electronics,SMB,1,62.93,0.2,50.34,22.75
3228,2024-03-08,APAC,Singapore,Rain Jacket,Apparel,Enterprise,4,97.59,0.15,331.81,160.02
3229,2024-03-08,North America,USA,Wool Sweater,Apparel,Enterprise,3,83.73,0.05,238.63,141.88
3230,2024-03-08,Europe,France,Bluetooth Speaker,Electronics,Enterprise,3,54.33,0.1,146.69,82.14
3231,2024-03-08,North America,USA,Rain Jacket,Apparel,Consumer,1,101.7,0,101.7,48.77
3232,2024-03-09,North America,Canada,Smart Watch,Electronics,SMB,4,207.47,0,829.88,411.05
3233,2024-03-09,North America,USA,Notebook Set,Office,SMB,4,15.08,0.15,51.27,32.8
3234,2024-03-09,North America,Canada,Standing Desk,Office,SMB,3,412.77,0.2,990.65,506.85
3235,2024-03-09,APAC,Singapore,Vacuum Cleaner,Home,Consumer,1,227.23,0,227.23,147.43
3236,2024-03-09,North America,Canada,Vacuum Cleaner,Home,Enterprise,8,215.46,0.05,1637.5,858.51
3237,2024-03-09,North America,Canada,Smart Watch,Electronics,Enterprise,5,213.98,0.2,855.92,396.43
3238,2024-03-09,North America,USA,Notebook Set,Office,SMB,4,15.2,0.15,51.68,32.73
3239,2024-03-09,North America,USA,Wireless Headphones,Electronics,SMB,3,84.34,0.05,240.37,145.25
3240,2024-03-09,Europe,Spain,Smart Watch,Electronics,Consumer,2,192.38,0,384.76,217.41
3241,2024-03-10,APAC,Japan,LED Desk Lamp,Home,Enterprise,6,38.16,0,228.96,114.25
3242,2024-03-10,North America,Canada,Bluetooth Speaker,Electronics,Consumer,1,63.42,0.15,53.91,30.98
3243,2024-03-10,Europe,UK,LED Desk Lamp,Home,Consumer,3,40.33,0,120.99,56.37
3244,2024-03-10,North America,Canada,Wireless Headphones,Electronics,SMB,4,88.08,0,352.32,227.14
3245,2024-03-11,APAC,Australia,Wireless Headphones,Electronics,SMB,1,88.13,0,88.13,53.33
3246,2024-03-11,North America,Canada,Air Purifier,Home,Enterprise,4,124.69,0,498.76,246.61
3247,2024-03-11,APAC,Singapore,Bluetooth Speaker,Electronics,SMB,4,62.17,0,248.68,132.09
3248,2024-03-11,North America,Canada,Bluetooth Speaker,Electronics,Enterprise,3,58.32,0.2,139.97,77.87
3249,2024-03-11,Europe,Spain,Ergonomic Chair,Office,Enterprise,4,243.61,0.1,877.0,445.81
3250,2024-03-11,Europe,Spain,LED Desk Lamp,Home,Consumer,3,39.43,0.15,100.55,56.7
3251,2024-03-11,North America,USA,Wool Sweater,Apparel,Enterprise,6,87.31,0.2,419.09,199.92
3252,2024-03-11,APAC,India,Vacuum Cleaner,Home,Enterprise,3,215.1,0,645.3,300.98
3253,2024-03-11,APAC,India,Vacuum Cleaner,Home,Consumer,3,228.75,0,686.25,407.48
3254,2024-03-11,APAC,Australia,Ceramic Cookware Set,Home,Consumer,1,137.6,0.1,123.84,66.89
3255,2024-03-11,Europe,Spain,Rain Jacket,Apparel,Enterprise,6,95.98,0.15,489.5,252.32
3256,2024-03-12,Europe,France,Ergonomic Chair,Office,Consumer,2,258.35,0.15,439.2,216.15
3257,2024-03-12,North America,USA,Tablet Stand,Electronics,Enterprise,3,25.62,0,76.86,46.46
3258,2024-03-12,LATAM,Brazil,Wool Sweater,Apparel,SMB,1,95.23,0.2,76.18,46.12
3259,2024-03-12,Europe,France,Rain Jacket,Apparel,SMB,4,99.17,0,396.68,198.45
3260,2024-03-12,LATAM,Brazil,Wireless Headphones,Electronics,Enterprise,3,86.16,0.2,206.78,109.09
3261,2024-03-12,Europe,Spain,Monitor Arm,Office,Enterprise,1,56.81,0.05,53.97,29.05
3262,2024-03-13,Europe,Germany,Running Shoes,Apparel,Consumer,1,79.15,0,79.15,44.57
3263,2024-03-13,North America,USA,Wireless Headphones,Electronics,Enterprise,7,93.09,0,651.63,354.27
3264,2024-03-13,Europe,UK,Wool Sweater,Apparel,Enterprise,4,91.02,0,364.08,167.92
3265,2024-03-13,North America,USA,Wool Sweater,Apparel,Consumer,2,92.35,0.05,175.46,105.33
3266,2024-03-13,Europe,Germany,Rain Jacket,Apparel,Enterprise,6,100.88,0,605.28,284.23
3267,2024-03-13,Europe,UK,Smart Watch,Electronics,SMB,1,198.95,0.1,179.06,93.11
3268,2024-03-13,Europe,Spain,Ceramic Cookware Set,Home,SMB,3,141.76,0,425.28,210.77
3269,2024-03-13,APAC,Japan,Wool Sweater,Apparel,Consumer,1,87.19,0.05,82.83,46.42
3270,2024-03-13,North America,Canada,Wool Sweater,Apparel,Enterprise,5,86.64,0.2,346.56,185.2
3271,2024-03-13,North America,Canada,Vacuum Cleaner,Home,Consumer,3,228.93,0,686.79,376.93
3272,2024-03-13,North America,Canada,Monitor Arm,Office,Consumer,1,57.13,0.05,54.27,30.54
3273,2024-03-13,LATAM,Mexico,Ceramic Cookware Set,Home,Consumer,1,142.01,0.15,120.71,56.73
3274,2024-03-13,APAC,Singapore,Air Purifier,Home,Enterprise,1,119.07,0.1,107.16,48.67
3275,2024-03-13,Europe,Spain,Ceramic Cookware Set,Home,SMB,3,160.3,0.05,456.86,248.11
3276,2024-03-13,North America,USA,Ergonomic Chair,Office,Consumer,3,236.61,0.2,567.86,331.79
3277,2024-03-13,North America,Canada,Bluetooth Speaker,Electronics,SMB,7,55.46,0.1,349.4,169.76
3278,2024-03-14,Europe,France,Vacuum Cleaner,Home,SMB,3,223.0,0.1,602.1,381.11
3279,2024-03-14,North America,USA,Smart Watch,Electronics,Consumer,3,186.05,0.05,530.24,258.38
3280,2024-03-14,APAC,India,Bluetooth Speaker,Electronics,Enterprise,3,62.85,0.15,160.27,92.39
3281,2024-03-14,Europe,France,Vacuum Cleaner,Home,SMB,1,228.0,0.2,182.4,105.41
3282,2024-03-14,North America,USA,Denim Jacket,Apparel,Consumer,1,71.07,0,71.07,35.58
3283,2024-03-14,Europe,France,Rain Jacket,Apparel,Consumer,1,106.28,0,106.28,66.83
3284,2024-03-14,North America,Canada,LED Desk Lamp,Home,SMB,5,36.1,0,180.5,100.1
3285,2024-03-15,APAC,Australia,Wireless Headphones,Electronics,SMB,1,93.26,0.1,83.93,40.91
3286,2024-03-15,Europe,Spain,Smart Watch,Electronics,Consumer,2,192.39,0,384.78,205.13
3287,2024-03-15,Europe,UK,Tablet Stand,Electronics,Enterprise,6,25.24,0,151.44,79.84
3288,2024-03-15,North America,Canada,LED Desk Lamp,Home,Consumer,1,39.18,0,39.18,22.23
3289,2024-03-15,North America,Canada,Rain Jacket,Apparel,SMB,4,98.57,0,394.28,253.68
3290,2024-03-15,North America,Canada,Wireless Headphones,Electronics,Enterprise,6,88.81,0,532.86,302.7
3291,2024-03-15,North America,Canada,Wool Sweater,Apparel,Enterprise,5,85.86,0,429.3,235.84
3292,2024-03-15,North America,Canada,Wool Sweater,Apparel,Enterprise,4,81.88,0.2,262.02,162.12
3293,2024-03-15,Europe,Spain,Air Purifier,Home,SMB,1,128.52,0,128.52,79.89
3294,2024-03-15,Europe,Spain,Smart Watch,Electronics,Enterprise,7,188.02,0,1316.14,627.3
3295,2024-03-15,North America,Canada,Smart Watch,Electronics,SMB,2,196.47,0,392.94,211.7
3296,2024-03-15,APAC,Japan,Wireless Headphones,Electronics,Enterprise,2,84.69,0.2,135.5,79.37
3297,2024-03-16,APAC,Singapore,Ceramic Cookware Set,Home,Enterprise,4,146.5,0.1,527.4,243.11
3298,2024-03-16,APAC,Japan,Bluetooth Speaker,Electronics,Consumer,2,63.33,0.1,113.99,54.83
3299,2024-03-16,APAC,Singapore,Wireless Headphones,Electronics,SMB,2,92.86,0,185.72,109.5
3300,2024-03-16,North America,USA,Vacuum Cleaner,Home,Enterprise,3,219.98,0.1,593.95,318.77
3301,2024-03-16,Europe,UK,Vacuum Cleaner,Home,Consumer,1,223.99,0.2,179.19,111.57
3302,2024-03-16,LATAM,Brazil,Vacuum Cleaner,Home,Consumer,1,210.48,0.15,178.91,104.6
3303,2024-03-16,LATAM,Mexico,Running Shoes,Apparel,SMB,2,82.27,0.2,131.63,84.44
3304,2024-03-16,APAC,India,Tablet Stand,Electronics,SMB,6,26.97,0.2,129.46,67.78
3305,2024-03-16,Europe,UK,Running Shoes,Apparel,SMB,1,77.91,0,77.91,48.7
3306,2024-03-16,APAC,Australia,Rain Jacket,Apparel,SMB,4,97.89,0.05,371.98,198.04
3307,2024-03-16,North America,USA,Tablet Stand,Electronics,Consumer,3,25.53,0.15,65.1,39.67
3308,2024-03-17,North America,USA,Vacuum Cleaner,Home,Enterprise,5,217.97,0,1089.85,555.67
3309,2024-03-17,APAC,Australia,Monitor Arm,Office,Consumer,1,54.84,0,54.84,25.03
3310,2024-03-17,Europe,Germany,Vacuum Cleaner,Home,Consumer,1,207.09,0,207.09,100.9
3311,2024-03-17,LATAM,Brazil,Ergonomic Chair,Office,SMB,2,267.87,0.15,455.38,221.44
3312,2024-03-17,North America,USA,Standing Desk,Office,Enterprise,5,381.36,0.05,1811.46,1086.07
3313,2024-03-17,APAC,Australia,Wireless Headphones,Electronics,Consumer,1,92.8,0.1,83.52,39.43
3314,2024-03-18,North America,USA,Bluetooth Speaker,Electronics,SMB,5,58.54,0.1,263.43,163.95
3315,2024-03-18,Europe,Spain,Ergonomic Chair,Office,SMB,5,233.76,0.15,993.48,569.29
3316,2024-03-18,APAC,India,Rain Jacket,Apparel,Consumer,1,93.74,0,93.74,49.56
3317,2024-03-18,APAC,Singapore,LED Desk Lamp,Home,Enterprise,1,40.39,0.2,32.31,15.38
3318,2024-03-18,Europe,Germany,Tablet Stand,Electronics,Consumer,3,26.56,0.15,67.73,39.52
3319,2024-03-18,APAC,India,Standing Desk,Office,SMB,2,372.68,0,745.36,456.72
3320,2024-03-18,Europe,Germany,Tablet Stand,Electronics,Enterprise,5,24.31,0,121.55,66.17
3321,2024-03-19,North America,USA,Ceramic Cookware Set,Home,Enterprise,4,147.1,0,588.4,341.16
3322,2024-03-19,Europe,Spain,Vacuum Cleaner,Home,Enterprise,4,225.81,0,903.24,469.06
3323,2024-03-19,Europe,UK,Wireless Headphones,Electronics,SMB,1,91.4,0,91.4,58.74
3324,2024-03-19,Europe,France,Wireless Headphones,Electronics,Consumer,1,88.86,0.2,71.09,36.16
3325,2024-03-19,North America,Canada,Air Purifier,Home,SMB,2,134.26,0.2,214.82,102.26
3326,2024-03-19,Europe,Germany,Rain Jacket,Apparel,SMB,2,106.85,0,213.7,133.35
3327,2024-03-19,Europe,Spain,Standing Desk,Office,SMB,1,403.96,0.2,323.17,196.76
3328,2024-03-20,LATAM,Brazil,Vacuum Cleaner,Home,Enterprise,4,231.7,0,926.8,522.65
3329,2024-03-20,APAC,India,Bluetooth Speaker,Electronics,Enterprise,2,61.58,0,123.16,60.8
3330,2024-03-20,LATAM,Brazil,Wireless Headphones,Electronics,SMB,1,95.0,0,95.0,53.47
3331,2024-03-20,APAC,Japan,Tablet Stand,Electronics,SMB,1,25.93,0.05,24.63,13.67
3332,2024-03-20,North America,Canada,Ceramic Cookware Set,Home,Enterprise,4,153.99,0,615.96,337.69
3333,2024-03-20,Europe,Germany,Bluetooth Speaker,Electronics,Enterprise,1,55.78,0.2,44.62,21.94
3334,2024-03-21,North America,Canada,Wireless Headphones,Electronics,Consumer,4,91.22,0,364.88,216.13
3335,2024-03-21,Europe,UK,Tablet Stand,Electronics,SMB,5,25.35,0,126.75,63.93
3336,2024-03-21,North America,USA,Air Purifier,Home,Consumer,4,128.89,0,515.56,327.59
3337,2024-03-21,North America,USA,Running Shoes,Apparel,SMB,1,79.35,0.15,67.45,40.1
3338,2024-03-21,North America,USA,Air Purifier,Home,Consumer,3,129.09,0,387.27,226.48
3339,2024-03-22,Europe,France,Running Shoes,Apparel,Enterprise,3,72.78,0.1,196.51,102.97
3340,2024-03-22,Europe,Spain,Air Purifier,Home,SMB,2,128.72,0.05,244.57,155.44
3341,2024-03-22,Europe,UK,Ceramic Cookware Set,Home,SMB,2,151.28,0.15,257.18,133.55
3342,2024-03-22,Europe,UK,Denim Jacket,Apparel,SMB,1,73.6,0.15,62.56,33.47
3343,2024-03-22,Europe,UK,Tablet Stand,Electronics,SMB,4,23.17,0,92.68,51.47
3344,2024-03-23,North America,Canada,Air Purifier,Home,Enterprise,5,120.73,0,603.65,306.09
3345,2024-03-23,APAC,Australia,Wireless Headphones,Electronics,SMB,1,82.24,0.15,69.9,33.28
3346,2024-03-23,Europe,UK,Ceramic Cookware Set,Home,SMB,1,146.86,0,146.86,92.89
3347,2024-03-23,APAC,Australia,Denim Jacket,Apparel,SMB,1,65.94,0,65.94,34.38
3348,2024-03-23,APAC,India,Smart Watch,Electronics,SMB,2,187.03,0,374.06,182.64
3349,2024-03-23,APAC,India,Monitor Arm,Office,SMB,1,57.27,0,57.27,25.87
3350,2024-03-23,North America,Canada,Ceramic Cookware Set,Home,SMB,4,145.88,0,583.52,312.18
3351,2024-03-23,APAC,Australia,Tablet Stand,Electronics,SMB,1,25.35,0,25.35,15.49
3352,2024-03-23,APAC,India,Notebook Set,Office,Enterprise,4,15.13,0.15,51.44,29.17
3353,2024-03-23,North America,Canada,Ergonomic Chair,Office,Enterprise,5,229.79,0,1148.95,652.16
3354,2024-03-23,APAC,India,Smart Watch,Electronics,SMB,1,190.94,0.1,171.85,107.9
3355,2024-03-24,Europe,France,Monitor Arm,Office,Consumer,3,61.68,0,185.04,103.03
3356,2024-03-24,APAC,Australia,Wireless Headphones,Electronics,SMB,2,92.44,0,184.88,86.06
3357,2024-03-24,APAC,India,Wireless Headphones,Electronics,SMB,1,95.89,0,95.89,54.17
3358,2024-03-24,APAC,Singapore,Rain Jacket,Apparel,SMB,2,94.53,0,189.06,91.87
3359,2024-03-24,APAC,India,Wool Sweater,Apparel,SMB,2,94.27,0,188.54,84.99
3360,2024-03-24,North America,USA,Running Shoes,Apparel,SMB,6,73.57,0,441.42,211.39
3361,2024-03-24,LATAM,Mexico,Tablet Stand,Electronics,SMB,1,25.82,0,25.82,14.89
3362,2024-03-25,North America,USA,Bluetooth Speaker,Electronics,Enterprise,5,62.93,0.1,283.19,145.5
3363,2024-03-25,APAC,India,Smart Watch,Electronics,SMB,10,204.54,0,2045.4,947.07
3364,2024-03-25,Europe,Germany,LED Desk Lamp,Home,Consumer,2,37.74,0,75.48,41.49
3365,2024-03-25,Europe,UK,Denim Jacket,Apparel,SMB,5,66.8,0,334.0,177.72
3366,2024-03-25,North America,Canada,Bluetooth Speaker,Electronics,Enterprise,4,56.28,0.1,202.61,129.12
3367,2024-03-25,North America,USA,Ergonomic Chair,Office,Consumer,2,242.72,0.15,412.62,254.95
3368,2024-03-25,Europe,Germany,LED Desk Lamp,Home,SMB,3,38.37,0,115.11,52.86
3369,2024-03-25,North America,USA,Wireless Headphones,Electronics,SMB,4,94.48,0,377.92,188.23
3370,2024-03-25,APAC,Singapore,Bluetooth Speaker,Electronics,Enterprise,4,62.22,0.1,223.99,124.75
3371,2024-03-26,North America,USA,LED Desk Lamp,Home,Consumer,4,38.13,0.1,137.27,89.18
3372,2024-03-26,LATAM,Mexico,Standing Desk,Office,Consumer,1,397.86,0.1,358.07,232.45
3373,2024-03-26,North America,Canada,Ergonomic Chair,Office,SMB,2,234.13,0.05,444.85,241.85
3374,2024-03-26,North America,USA,Tablet Stand,Electronics,Consumer,3,23.16,0.15,59.06,31.19
3375,2024-03-26,APAC,India,Monitor Arm,Office,SMB,1,63.45,0,63.45,40.08
3376,2024-03-26,Europe,UK,Standing Desk,Office,SMB,1,398.12,0,398.12,257.7
3377,2024-03-27,North America,Canada,LED Desk Lamp,Home,SMB,3,37.86,0,113.58,66.67
3378,2024-03-27,North America,Canada,Denim Jacket,Apparel,Enterprise,5,71.18,0,355.9,222.95
3379,2024-03-27,Europe,Germany,Air Purifier,Home,Consumer,2,119.91,0.15,203.85,120.14
3380,2024-03-27,LATAM,Mexico,LED Desk Lamp,Home,SMB,2,39.15,0.15,66.55,33.76
3381,2024-03-27,North America,USA,Bluetooth Speaker,Electronics,SMB,1,59.1,0,59.1,29.11
3382,2024-03-27,APAC,India,Ceramic Cookware Set,Home,SMB,1,145.94,0.2,116.75,59.53
3383,2024-03-27,North America,USA,Denim Jacket,Apparel,Enterprise,3,73.32,0,219.96,107.38
3384,2024-03-27,North America,USA,Bluetooth Speaker,Electronics,Enterprise,3,56.48,0.15,144.02,70.34
3385,2024-03-27,North America,Canada,Bluetooth Speaker,Electronics,Consumer,1,58.96,0,58.96,28.8
3386,2024-03-28,APAC,India,Air Purifier,Home,Consumer,1,130.61,0.15,111.02,54.57
3387,2024-03-28,North America,Canada,Denim Jacket,Apparel,SMB,3,67.96,0.2,163.1,79.63
3388,2024-03-28,Europe,Spain,Smart Watch,Electronics,SMB,2,205.04,0,410.08,195.23
3389,2024-03-28,LATAM,Brazil,Bluetooth Speaker,Electronics,Consumer,1,58.73,0.15,49.92,25.9
3390,2024-03-29,LATAM,Mexico,Wool Sweater,Apparel,Consumer,2,89.09,0.1,160.36,73.09
3391,2024-03-29,Europe,France,Running Shoes,Apparel,SMB,5,81.23,0,406.15,221.32
3392,2024-03-29,Europe,Germany,Wireless Headphones,Electronics,SMB,2,93.22,0,186.44,107.4
3393,2024-03-29,Europe,Spain,Wireless Headphones,Electronics,SMB,1,88.82,0.05,84.38,48.83
3394,2024-03-29,Europe,France,Monitor Arm,Office,Enterprise,4,62.02,0.1,223.27,114.71
3395,2024-03-29,Europe,France,Tablet Stand,Electronics,SMB,5,26.44,0,132.2,80.46
3396,2024-03-29,North America,Canada,Wireless Headphones,Electronics,SMB,3,95.54,0.2,229.3,130.37
3397,2024-03-29,North America,USA,LED Desk Lamp,Home,Enterprise,2,41.85,0,83.7,53.38
3398,2024-03-29,North America,Canada,Wireless Headphones,Electronics,Enterprise,2,87.64,0.1,157.75,82.63
3399,2024-03-30,APAC,Australia,Tablet Stand,Electronics,Consumer,1,23.57,0.2,18.86,8.86
3400,2024-03-30,North America,Canada,Denim Jacket,Apparel,SMB,3,68.14,0,204.42,105.77
3401,2024-03-30,LATAM,Mexico,LED Desk Lamp,Home,Consumer,1,41.13,0.1,37.02,18.59
3402,2024-03-30,North America,USA,Running Shoes,Apparel,Consumer,1,74.02,0,74.02,41.49
3403,2024-03-30,Europe,France,Tablet Stand,Electronics,SMB,3,24.76,0,74.28,33.76
3404,2024-03-30,North America,USA,Vacuum Cleaner,Home,Consumer,4,202.78,0.15,689.45,439.67
3405,2024-03-30,APAC,Australia,Notebook Set,Office,SMB,1,14.04,0.15,11.93,7.03
3406,2024-03-30,North America,Canada,Notebook Set,Office,Enterprise,4,14.85,0.1,53.46,30.34
3407,2024-03-30,North America,Canada,Wireless Headphones,Electronics,Enterprise,3,84.44,0.15,215.32,109.91
3408,2024-03-30,North America,Canada,Vacuum Cleaner,Home,Enterprise,5,234.76,0.2,939.04,459.41
3409,2024-03-30,Europe,France,Vacuum Cleaner,Home,Enterprise,1,217.07,0.15,184.51,98.22
3410,2024-03-30,Europe,Spain,Vacuum Cleaner,Home,SMB,1,232.59,0.1,209.33,132.44
3411,2024-03-31,North America,USA,Wool Sweater,Apparel,Consumer,4,90.28,0,361.12,227.52
3412,2024-03-31,North America,Canada,Tablet Stand,Electronics,Consumer,2,25.34,0,50.68,31.15
3413,2024-03-31,LATAM,Brazil,Rain Jacket,Apparel,SMB,1,91.3,0.2,73.04,37.72
3414,2024-03-31,LATAM,Brazil,Wool Sweater,Apparel,SMB,1,86.29,0,86.29,52.79
3415,2024-03-31,Europe,Germany,Wireless Headphones,Electronics,Consumer,3,94.63,0.15,241.31,137.57
3416,2024-03-31,LATAM,Mexico,Rain Jacket,Apparel,Consumer,3,99.39,0.2,238.54,134.97
3417,2024-03-31,LATAM,Brazil,Tablet Stand,Electronics,SMB,1,25.72,0,25.72,12.07
3418,2024-03-31,North America,USA,Standing Desk,Office,SMB,3,409.71,0,1229.13,574.05
3419,2024-03-31,North America,USA,Tablet Stand,Electronics,Enterprise,5,25.64,0,128.2,71.97
3420,2024-04-01,North America,USA,Ergonomic Chair,Office,SMB,3,263.16,0.1,710.53,434.48
3421,2024-04-01,LATAM,Brazil,Smart Watch,Electronics,SMB,5,196.7,0,983.5,591.2
3422,2024-04-01,LATAM,Brazil,Air Purifier,Home,Consumer,2,131.64,0.2,210.62,111.82
3423,2024-04-01,North America,Canada,Bluetooth Speaker,Electronics,Consumer,1,57.68,0,57.68,34.67
3424,2024-04-01,North America,Canada,Wireless Headphones,Electronics,SMB,6,88.42,0,530.52,245.9
3425,2024-04-01,APAC,Japan,Tablet Stand,Electronics,SMB,3,25.45,0.05,72.53,45.46
3426,2024-04-01,LATAM,Brazil,Wool Sweater,Apparel,SMB,1,89.57,0.1,80.61,50.64
3427,2024-04-01,Europe,Germany,Tablet Stand,Electronics,SMB,2,25.01,0,50.02,26.51
3428,2024-04-01,LATAM,Brazil,Running Shoes,Apparel,SMB,1,74.58,0.15,63.39,40.12
3429,2024-04-02,APAC,Japan,Bluetooth Speaker,Electronics,Consumer,1,55.49,0.05,52.72,32.58
3430,2024-04-02,APAC,India,Smart Watch,Electronics,Consumer,2,200.03,0.1,360.05,191.52
3431,2024-04-02,APAC,Australia,Bluetooth Speaker,Electronics,Enterprise,1,63.6,0,63.6,30.93
3432,2024-04-02,APAC,Singapore,Denim Jacket,Apparel,Enterprise,4,67.7,0,270.8,139.47
3433,2024-04-02,LATAM,Brazil,Monitor Arm,Office,Enterprise,1,63.32,0,63.32,39.94
3434,2024-04-02,Europe,Spain,Vacuum Cleaner,Home,Consumer,2,205.7,0,411.4,258.7
3435,2024-04-02,Europe,UK,Bluetooth Speaker,Electronics,SMB,3,59.12,0.2,141.89,89.6
3436,2024-04-02,North America,Canada,LED Desk Lamp,Home,Enterprise,7,40.17,0.2,224.95,128.22
3437,2024-04-02,APAC,Japan,Monitor Arm,Office,SMB,2,60.1,0.2,96.16,44.6
3438,2024-04-02,APAC,Singapore,Wool Sweater,Apparel,Consumer,2,83.36,0.15,141.71,80.67
3439,2024-04-03,Europe,France,Rain Jacket,Apparel,Enterprise,5,92.08,0.1,414.36,216.72
3440,2024-04-03,Europe,UK,Ceramic Cookware Set,Home,Enterprise,3,149.12,0,447.36,262.71
3441,2024-04-03,North America,Canada,Rain Jacket,Apparel,Consumer,3,100.44,0.15,256.12,157.47
3442,2024-04-03,APAC,India,Ceramic Cookware Set,Home,Consumer,1,140.66,0,140.66,63.8
3443,2024-04-03,LATAM,Brazil,Air Purifier,Home,SMB,1,121.68,0,121.68,77.39
3444,2024-04-04,APAC,Japan,Running Shoes,Apparel,Enterprise,3,79.47,0,238.41,152.27
3445,2024-04-04,APAC,India,Wool Sweater,Apparel,SMB,3,92.11,0.05,262.51,139.65
3446,2024-04-04,APAC,Japan,Ceramic Cookware Set,Home,Consumer,1,146.08,0,146.08,88.28
3447,2024-04-04,North America,USA,Standing Desk,Office,Consumer,1,427.65,0,427.65,222.59
3448,2024-04-04,LATAM,Mexico,Rain Jacket,Apparel,Consumer,2,103.8,0,207.6,126.54
3449,2024-04-04,North America,Canada,Tablet Stand,Electronics,SMB,3,23.78,0,71.34,33.06
3450,2024-04-04,APAC,Singapore,Running Shoes,Apparel,Enterprise,7,77.25,0.05,513.71,235.71
3451,2024-04-05,North America,USA,Running Shoes,Apparel,SMB,4,74.1,0,296.4,144.82
3452,2024-04-05,Europe,Spain,Smart Watch,Electronics,Enterprise,5,206.89,0.1,931.0,472.75
3453,2024-04-05,APAC,Japan,Ergonomic Chair,Office,Enterprise,2,252.3,0.05,479.37,222.65
3454,2024-04-05,North America,USA,Running Shoes,Apparel,Enterprise,7,79.8,0,558.6,295.04
3455,2024-04-05,North America,USA,Denim Jacket,Apparel,Consumer,4,68.52,0.05,260.38,140.57
3456,2024-04-05,North America,Canada,Smart Watch,Electronics,Enterprise,4,213.91,0.2,684.51,439.7
3457,2024-04-05,Europe,France,Notebook Set,Office,SMB,1,15.45,0.15,13.13,7.51
3458,2024-04-06,APAC,India,Wool Sweater,Apparel,Enterprise,3,84.43,0.05,240.63,133.87
3459,2024-04-06,Europe,France,Wireless Headphones,Electronics,Consumer,3,95.78,0.15,244.24,110.64
3460,2024-04-06,Europe,France,Wireless Headphones,Electronics,Enterprise,3,82.25,0,246.75,143.58
3461,2024-04-06,Europe,Germany,Bluetooth Speaker,Electronics,Consumer,40,57.4,0.2,1836.8,983.21
3462,2024-04-07,LATAM,Brazil,Vacuum Cleaner,Home,Consumer,1,202.86,0.05,192.72,106.62
3463,2024-04-07,APAC,Singapore,Bluetooth Speaker,Electronics,Consumer,1,63.63,0.05,60.45,34.92
3464,2024-04-07,LATAM,Brazil,Bluetooth Speaker,Electronics,Consumer,2,62.72,0,125.44,66.05
3465,2024-04-07,Europe,France,Wool Sweater,Apparel,Consumer,4,87.3,0.1,314.28,145.23
3466,2024-04-07,North America,Canada,Wireless Headphones,Electronics,SMB,4,84.59,0.2,270.69,175.92
3467,2024-04-07,LATAM,Brazil,LED Desk Lamp,Home,SMB,1,38.1,0.2,30.48,17.65
3468,2024-04-07,North America,Canada,Running Shoes,Apparel,SMB,2,72.87,0,145.74,89.31
3469,2024-04-07,Europe,Germany,Denim Jacket,Apparel,Enterprise,6,68.73,0,412.38,248.26
3470,2024-04-07,LATAM,Mexico,Vacuum Cleaner,Home,SMB,1,211.27,0.05,200.71,100.81
3471,2024-04-07,APAC,Japan,Wireless Headphones,Electronics,Enterprise,4,91.86,0.1,330.7,184.09
3472,2024-04-07,APAC,India,Smart Watch,Electronics,Consumer,1,187.4,0.05,178.03,93.68
3473,2024-04-08,Europe,UK,Tablet Stand,Electronics,Enterprise,3,25.85,0.1,69.8,34.13
3474,2024-04-08,Europe,Spain,Notebook Set,Office,SMB,4,14.55,0.05,55.29,35.0
3475,2024-04-08,APAC,Japan,LED Desk Lamp,Home,Consumer,4,37.0,0,148.0,85.85
3476,2024-04-08,Europe,Germany,Smart Watch,Electronics,Enterprise,3,190.33,0,570.99,344.6
3477,2024-04-08,North America,USA,Ergonomic Chair,Office,Enterprise,5,245.09,0.05,1164.18,640.68
3478,2024-04-08,Europe,Germany,Ceramic Cookware Set,Home,SMB,2,160.0,0,320.0,206.09
3479,2024-04-08,North America,USA,Vacuum Cleaner,Home,Consumer,1,204.06,0,204.06,132.27
3480,2024-04-09,Europe,Spain,Running Shoes,Apparel,SMB,1,76.73,0,76.73,44.63
3481,2024-04-09,North America,USA,Notebook Set,Office,SMB,3,14.68,0.15,37.43,18.94
3482,2024-04-09,North America,USA,Smart Watch,Electronics,SMB,2,202.42,0.05,384.6,209.81
3483,2024-04-09,APAC,India,Bluetooth Speaker,Electronics,SMB,1,56.94,0.15,48.4,22.89
3484,2024-04-09,Europe,Spain,Ergonomic Chair,Office,Enterprise,2,248.22,0.15,421.97,196.34
3485,2024-04-09,APAC,India,Smart Watch,Electronics,Consumer,1,197.95,0.2,158.36,97.54
3486,2024-04-09,APAC,Australia,Running Shoes,Apparel,SMB,1,77.52,0,77.52,48.6
3487,2024-04-09,Europe,France,LED Desk Lamp,Home,Consumer,2,40.24,0.2,64.38,38.4
3488,2024-04-10,North America,Canada,Bluetooth Speaker,Electronics,SMB,3,60.2,0.05,171.57,107.86
3489,2024-04-10,LATAM,Brazil,Bluetooth Speaker,Electronics,SMB,3,58.63,0.05,167.1,107.9
3490,2024-04-10,LATAM,Brazil,LED Desk Lamp,Home,Enterprise,2,39.06,0.1,70.31,44.67
3491,2024-04-10,Europe,Spain,Ceramic Cookware Set,Home,SMB,4,144.97,0,579.88,285.07
3492,2024-04-10,North America,Canada,Wireless Headphones,Electronics,SMB,1,85.45,0.1,76.91,35.7
3493,2024-04-10,LATAM,Brazil,Ceramic Cookware Set,Home,Enterprise,3,138.03,0,414.09,218.81
3494,2024-04-10,APAC,Japan,Monitor Arm,Office,Enterprise,1,58.71,0,58.71,35.22
3495,2024-04-10,Europe,UK,Vacuum Cleaner,Home,SMB,5,205.4,0.05,975.65,586.26
3496,2024-04-10,APAC,India,Rain Jacket,Apparel,SMB,1,93.16,0,93.16,48.33
3497,2024-04-10,North America,Canada,Smart Watch,Electronics,SMB,4,209.09,0.2,669.09,368.75
3498,2024-04-10,North America,USA,Ceramic Cookware Set,Home,SMB,5,152.91,0.05,726.32,379.38
3499,2024-04-11,Europe,Germany,Running Shoes,Apparel,Consumer,2,78.61,0,157.22,86.24
3500,2024-04-11,Europe,Spain,Vacuum Cleaner,Home,Consumer,3,217.14,0,651.42,413.08
3501,2024-04-11,LATAM,Brazil,Wireless Headphones,Electronics,SMB,1,94.92,0,94.92,61.08
3502,2024-04-11,APAC,Australia,Notebook Set,Office,Consumer,1,13.89,0.2,11.11,5.88
3503,2024-04-11,APAC,Australia,Ceramic Cookware Set,Home,SMB,1,148.31,0,148.31,92.0
3504,2024-04-11,North America,Canada,Monitor Arm,Office,Consumer,2,58.53,0.05,111.21,50.91
3505,2024-04-12,North America,USA,Bluetooth Speaker,Electronics,SMB,4,60.82,0.15,206.79,96.38
3506,2024-04-12,Europe,Spain,Air Purifier,Home,SMB,5,127.64,0.2,510.56,296.33
3507,2024-04-12,North America,Canada,Ergonomic Chair,Office,Consumer,1,241.85,0,241.85,119.31
3508,2024-04-12,North America,USA,Standing Desk,Office,Consumer,1,402.85,0.2,322.28,184.1
3509,2024-04-12,APAC,Singapore,LED Desk Lamp,Home,SMB,2,36.38,0,72.76,34.48
3510,2024-04-12,North America,Canada,Tablet Stand,Electronics,Consumer,1,26.03,0.05,24.73,14.06
3511,2024-04-12,North America,USA,Notebook Set,Office,Consumer,2,15.44,0,30.88,18.52
3512,2024-04-12,North America,USA,Wireless Headphones,Electronics,Consumer,1,87.4,0,87.4,56.02
3513,2024-04-12,Europe,France,Wool Sweater,Apparel,Consumer,2,88.16,0,176.32,108.52
3514,2024-04-12,APAC,India,Smart Watch,Electronics,Enterprise,2,210.08,0.05,399.15,234.53
3515,2024-04-12,North America,Canada,LED Desk Lamp,Home,Consumer,3,40.75,0.1,110.03,70.8
3516,2024-04-13,North America,USA,Monitor Arm,Office,Consumer,1,59.15,0.2,47.32,26.43
3517,2024-04-13,APAC,Singapore,Ceramic Cookware Set,Home,SMB,1,145.37,0.2,116.3,62.98
3518,2024-04-13,North America,Canada,Wireless Headphones,Electronics,SMB,3,90.44,0.1,244.19,145.89
3519,2024-04-13,APAC,India,Vacuum Cleaner,Home,SMB,3,222.93,0.1,601.91,277.88
3520,2024-04-13,North America,USA,Tablet Stand,Electronics,Enterprise,5,25.17,0.15,106.97,50.2
3521,2024-04-13,Europe,Spain,Notebook Set,Office,Consumer,2,15.19,0.05,28.86,16.78
3522,2024-04-13,Europe,France,Rain Jacket,Apparel,SMB,5,105.76,0,528.8,289.52
3523,2024-04-13,Europe,UK,Standing Desk,Office,Consumer,1,384.45,0.1,346.0,199.47
3524,2024-04-13,North America,USA,Monitor Arm,Office,Enterprise,5,61.97,0,309.85,191.93
3525,2024-04-13,North America,USA,Wool Sweater,Apparel,SMB,3,90.37,0.1,244.0,132.81
3526,2024-04-14,Europe,UK,Notebook Set,Office,Consumer,1,15.57,0,15.57,7.23
3527,2024-04-14,Europe,France,Smart Watch,Electronics,SMB,4,189.55,0,758.2,451.0
3528,2024-04-14,North America,Canada,Wireless Headphones,Electronics,SMB,5,83.67,0.2,334.68,159.45
3529,2024-04-14,LATAM,Mexico,Notebook Set,Office,Consumer,2,14.41,0,28.82,17.77
3530,2024-04-14,APAC,Japan,Denim Jacket,Apparel,SMB,1,71.42,0.05,67.85,35.93
3531,2024-04-14,Europe,Spain,Bluetooth Speaker,Electronics,SMB,3,58.4,0,175.2,110.01
3532,2024-04-14,North America,Canada,Ergonomic Chair,Office,Consumer,1,242.55,0.2,194.04,119.68
3533,2024-04-14,North America,USA,Wool Sweater,Apparel,Consumer,2,94.37,0.05,179.3,88.28
3534,2024-04-15,North America,USA,Ergonomic Chair,Office,Consumer,4,247.9,0.2,793.28,477.08
3535,2024-04-15,Europe,UK,Tablet Stand,Electronics,Consumer,1,24.88,0.1,22.39,12.0
3536,2024-04-15,LATAM,Mexico,Denim Jacket,Apparel,SMB,1,69.92,0,69.92,45.09
3537,2024-04-15,APAC,Singapore,Smart Watch,Electronics,SMB,2,197.76,0.15,336.19,215.71
3538,2024-04-15,North America,USA,LED Desk Lamp,Home,SMB,3,38.27,0,114.81,59.01
3539,2024-04-16,Europe,France,Standing Desk,Office,SMB,3,398.16,0,1194.48,714.24
3540,2024-04-16,North America,Canada,Vacuum Cleaner,Home,Consumer,1,221.85,0,221.85,115.52
3541,2024-04-16,Europe,Germany,Bluetooth Speaker,Electronics,SMB,3,58.01,0.15,147.93,80.74
3542,2024-04-16,Europe,Spain,Smart Watch,Electronics,SMB,3,209.53,0,628.59,379.14
3543,2024-04-16,Europe,France,Bluetooth Speaker,Electronics,SMB,2,59.07,0,118.14,73.08
3544,2024-04-16,North America,Canada,LED Desk Lamp,Home,SMB,3,38.45,0.1,103.82,64.07
3545,2024-04-17,Europe,Spain,Vacuum Cleaner,Home,SMB,2,226.66,0,453.32,279.88
3546,2024-04-17,Europe,France,Ceramic Cookware Set,Home,Consumer,2,137.7,0,275.4,158.04
3547,2024-04-17,APAC,Singapore,Monitor Arm,Office,Consumer,4,55.28,0.1,199.01,126.01
3548,2024-04-17,Europe,Spain,Rain Jacket,Apparel,SMB,1,94.37,0,94.37,48.3
3549,2024-04-17,North America,Canada,Rain Jacket,Apparel,Enterprise,3,104.76,0,314.28,171.13
3550,2024-04-17,APAC,Singapore,Wireless Headphones,Electronics,Enterprise,3,82.18,0,246.54,156.36
3551,2024-04-17,LATAM,Mexico,Denim Jacket,Apparel,Enterprise,5,69.95,0.15,297.29,189.85
3552,2024-04-17,North America,USA,Bluetooth Speaker,Electronics,Enterprise,6,58.19,0,349.14,170.31
3553,2024-04-17,LATAM,Mexico,Bluetooth Speaker,Electronics,SMB,1,62.24,0.15,52.9,29.14
3554,2024-04-18,Europe,France,Smart Watch,Electronics,Enterprise,7,207.48,0.1,1307.12,800.82
3555,2024-04-18,LATAM,Mexico,Air Purifier,Home,Consumer,1,131.53,0.1,118.38,74.54
3556,2024-04-18,APAC,Japan,Bluetooth Speaker,Electronics,Enterprise,1,60.98,0,60.98,35.18
3557,2024-04-18,Europe,UK,Wireless Headphones,Electronics,Enterprise,1,95.39,0,95.39,45.26
3558,2024-04-18,Europe,Germany,Bluetooth Speaker,Electronics,Enterprise,7,57.37,0,401.59,229.9
3559,2024-04-18,Europe,Spain,Rain Jacket,Apparel,Consumer,2,105.18,0.1,189.32,111.56
3560,2024-04-18,APAC,Singapore,Notebook Set,Office,Enterprise,3,15.84,0.05,45.14,22.52
3561,2024-04-19,APAC,India,Tablet Stand,Electronics,SMB,3,26.63,0,79.89,48.73
3562,2024-04-19,APAC,Japan,Vacuum Cleaner,Home,SMB,4,213.42,0.1,768.31,470.33
3563,2024-04-19,APAC,Singapore,Monitor Arm,Office,Enterprise,3,63.27,0,189.81,97.53
3564,2024-04-19,Europe,France,Wireless Headphones,Electronics,Enterprise,4,92.26,0.15,313.68,195.0
3565,2024-04-19,North America,Canada,Denim Jacket,Apparel,Enterprise,9,65.57,0.1,531.12,324.83
3566,2024-04-19,APAC,Singapore,Smart Watch,Electronics,SMB,2,203.02,0,406.04,257.99
3567,2024-04-19,North America,USA,Smart Watch,Electronics,Consumer,2,184.07,0,368.14,199.0
3568,2024-04-20,APAC,Singapore,Rain Jacket,Apparel,SMB,1,103.6,0.15,88.06,40.27
3569,2024-04-20,Europe,Germany,Vacuum Cleaner,Home,Enterprise,2,212.69,0,425.38,254.92
3570,2024-04-20,North America,USA,Wool Sweater,Apparel,Enterprise,5,91.13,0.05,432.87,211.52
3571,2024-04-20,North America,Canada,Rain Jacket,Apparel,Consumer,1,99.39,0,99.39,49.46
3572,2024-04-20,APAC,India,Running Shoes,Apparel,Enterprise,2,83.85,0.2,134.16,71.87
3573,2024-04-20,North America,Canada,Ceramic Cookware Set,Home,SMB,4,152.99,0.05,581.36,350.94
3574,2024-04-20,APAC,Australia,LED Desk Lamp,Home,SMB,2,41.19,0,82.38,43.78
3575,2024-04-21,LATAM,Brazil,Wool Sweater,Apparel,Consumer,1,92.12,0,92.12,56.23
3576,2024-04-21,Europe,Spain,Wireless Headphones,Electronics,SMB,1,87.67,0.2,70.14,43.95
3577,2024-04-21,LATAM,Brazil,Smart Watch,Electronics,SMB,4,191.57,0,766.28,442.04
3578,2024-04-21,APAC,India,Rain Jacket,Apparel,Consumer,3,104.81,0,314.43,189.76
3579,2024-04-22,APAC,Singapore,Ceramic Cookware Set,Home,Consumer,1,149.97,0,149.97,96.06
3580,2024-04-22,LATAM,Mexico,Running Shoes,Apparel,Consumer,1,84.85,0,84.85,43.26
3581,2024-04-22,Europe,Spain,Wireless Headphones,Electronics,SMB,3,91.28,0.2,219.07,127.33
3582,2024-04-22,Europe,Spain,LED Desk Lamp,Home,Consumer,1,38.42,0,38.42,21.31
3583,2024-04-22,North America,Canada,Wireless Headphones,Electronics,Consumer,4,93.91,0.1,338.08,160.42
3584,2024-04-23,Europe,Spain,Ergonomic Chair,Office,SMB,4,243.59,0,974.36,485.3
3585,2024-04-23,APAC,Australia,LED Desk Lamp,Home,SMB,1,37.14,0.2,29.71,18.01
3586,2024-04-23,Europe,UK,LED Desk Lamp,Home,Enterprise,6,37.73,0,226.38,128.7
3587,2024-04-23,Europe,Germany,Running Shoes,Apparel,SMB,1,75.73,0.1,68.16,37.74
3588,2024-04-23,Europe,Germany,LED Desk Lamp,Home,Consumer,2,37.75,0.15,64.17,39.38
3589,2024-04-23,North America,Canada,Notebook Set,Office,Enterprise,1,15.9,0.15,13.52,8.66
3590,2024-04-23,North America,USA,Wool Sweater,Apparel,SMB,1,87.16,0.15,74.09,34.89
3591,2024-04-24,North America,Canada,Monitor Arm,Office,Consumer,5,61.83,0.2,247.32,119.31
3592,2024-04-24,APAC,Singapore,Wireless Headphones,Electronics,Consumer,1,82.0,0.2,65.6,40.93
3593,2024-04-24,Europe,Spain,Tablet Stand,Electronics,Enterprise,5,26.31,0.05,124.97,59.3
3594,2024-04-24,APAC,Singapore,Smart Watch,Electronics,SMB,1,208.8,0.05,198.36,92.03
3595,2024-04-24,Europe,Spain,Air Purifier,Home,Enterprise,5,120.18,0.2,480.72,216.97
3596,2024-04-24,North America,Canada,Running Shoes,Apparel,Consumer,1,83.95,0,83.95,47.28
3597,2024-04-24,APAC,Singapore,Ergonomic Chair,Office,Consumer,2,237.0,0.1,426.6,211.56
3598,2024-04-24,North America,USA,Air Purifier,Home,SMB,4,134.92,0,539.68,339.59
3599,2024-04-24,North America,Canada,Air Purifier,Home,Consumer,3,138.06,0.2,331.34,203.2
3600,2024-04-24,North America,Canada,Wireless Headphones,Electronics,SMB,3,82.87,0,248.61,159.17
3601,2024-04-24,Europe,Germany,Bluetooth Speaker,Electronics,Enterprise,6,58.95,0.1,318.33,197.48
3602,2024-04-24,North America,USA,Rain Jacket,Apparel,SMB,3,103.57,0.05,295.17,167.7
3603,2024-04-24,Europe,France,Wireless Headphones,Electronics,Enterprise,4,91.47,0.15,311.0,141.84
3604,2024-04-25,North America,USA,Smart Watch,Electronics,Consumer,1,199.88,0,199.88,120.97
3605,2024-04-25,APAC,Japan,Air Purifier,Home,Enterprise,4,136.81,0.1,492.52,317.45
3606,2024-04-25,Europe,France,Smart Watch,Electronics,Consumer,1,213.54,0,213.54,110.01
3607,2024-04-25,LATAM,Mexico,Smart Watch,Electronics,SMB,1,207.42,0.2,165.94,79.93
3608,2024-04-25,APAC,Singapore,Tablet Stand,Electronics,SMB,1,24.45,0,24.45,11.38
3609,2024-04-25,LATAM,Mexico,Monitor Arm,Office,Enterprise,3,57.76,0,173.28,111.15
3610,2024-04-25,Europe,Spain,Smart Watch,Electronics,Consumer,1,214.76,0.2,171.81,95.4
3611,2024-04-26,APAC,Singapore,Air Purifier,Home,Consumer,3,134.17,0.2,322.01,166.78
3612,2024-04-26,Europe,Spain,Tablet Stand,Electronics,Consumer,1,24.34,0,24.34,15.18
3613,2024-04-26,Europe,Germany,Wireless Headphones,Electronics,Enterprise,3,83.97,0.2,201.53,128.77
3614,2024-04-26,Europe,UK,Air Purifier,Home,SMB,5,131.17,0,655.85,299.96
3615,2024-04-26,North America,Canada,Denim Jacket,Apparel,Enterprise,5,65.9,0.2,263.6,149.47
3616,2024-04-26,Europe,France,Ceramic Cookware Set,Home,Consumer,2,158.08,0.05,300.35,138.77
3617,2024-04-26,APAC,India,Wireless Headphones,Electronics,SMB,4,93.58,0,374.32,188.12
3618,2024-04-26,North America,Canada,Ceramic Cookware Set,Home,SMB,5,157.17,0.2,628.68,401.85
3619,2024-04-27,LATAM,Mexico,Standing Desk,Office,SMB,1,411.84,0.15,350.06,186.11
3620,2024-04-27,Europe,France,Vacuum Cleaner,Home,Consumer,1,213.5,0,213.5,108.67
3621,2024-04-27,Europe,UK,Vacuum Cleaner,Home,Enterprise,6,201.72,0.05,1149.8,541.84
3622,2024-04-27,APAC,Australia,Running Shoes,Apparel,Consumer,1,78.18,0,78.18,39.66
3623,2024-04-27,APAC,Japan,Ergonomic Chair,Office,Consumer,1,242.58,0,242.58,152.54
3624,2024-04-27,Europe,France,Bluetooth Speaker,Electronics,Consumer,1,57.8,0.05,54.91,29.37
3625,2024-04-27,North America,Canada,Air Purifier,Home,SMB,4,120.99,0.1,435.56,266.31
3626,2024-04-27,Europe,Germany,Tablet Stand,Electronics,Consumer,1,25.8,0.05,24.51,12.02
3627,2024-04-27,Europe,Spain,Air Purifier,Home,Enterprise,3,127.67,0,383.01,227.65
3628,2024-04-27,Europe,Spain,Denim Jacket,Apparel,SMB,1,64.01,0,64.01,40.25
3629,2024-04-27,North America,Canada,LED Desk Lamp,Home,Enterprise,5,37.59,0,187.95,103.68
3630,2024-04-27,APAC,India,Ceramic Cookware Set,Home,Consumer,3,152.09,0.2,365.02,230.9
3631,2024-04-28,APAC,India,Notebook Set,Office,Consumer,3,15.18,0.1,40.99,19.17
3632,2024-04-28,North America,Canada,Smart Watch,Electronics,Consumer,2,186.94,0.1,336.49,208.31
3633,2024-04-28,Europe,Spain,Bluetooth Speaker,Electronics,Consumer,1,56.95,0.2,45.56,29.14
3634,2024-04-28,Europe,France,Ceramic Cookware Set,Home,SMB,3,140.59,0.05,400.68,233.24
3635,2024-04-28,North America,Canada,Ceramic Cookware Set,Home,Enterprise,5,154.79,0.2,619.16,386.22
3636,2024-04-28,North America,USA,Wool Sweater,Apparel,Enterprise,7,84.06,0.15,500.16,251.44
3637,2024-04-28,LATAM,Mexico,Running Shoes,Apparel,Consumer,1,76.92,0,76.92,42.1
3638,2024-04-28,APAC,Japan,Wool Sweater,Apparel,Consumer,1,83.14,0.05,78.98,44.35
3639,2024-04-29,North America,USA,Notebook Set,Office,Enterprise,5,13.97,0.05,66.36,30.95
3640,2024-04-29,Europe,France,Rain Jacket,Apparel,Consumer,2,106.61,0.05,202.56,109.43
3641,2024-04-29,LATAM,Mexico,Smart Watch,Electronics,Enterprise,2,187.21,0.1,336.98,173.42
3642,2024-04-29,North America,Canada,Standing Desk,Office,SMB,2,378.08,0.1,680.54,395.9
3643,2024-04-29,APAC,Singapore,Denim Jacket,Apparel,SMB,4,65.51,0.15,222.73,100.53
3644,2024-04-29,North America,USA,Tablet Stand,Electronics,Consumer,1,24.09,0.05,22.89,14.17
3645,2024-04-29,Europe,Spain,Bluetooth Speaker,Electronics,Consumer,4,56.29,0.05,213.9,106.67
3646,2024-04-29,North America,USA,Wireless Headphones,Electronics,SMB,3,93.09,0,279.27,143.32
3647,2024-04-29,North America,Canada,Tablet Stand,Electronics,Consumer,3,25.16,0.1,67.93,34.6
3648,2024-04-29,North America,USA,Tablet Stand,Electronics,Consumer,3,24.02,0.2,57.65,29.91
3649,2024-04-30,APAC,Japan,Ceramic Cookware Set,Home,Consumer,1,150.47,0,150.47,87.87
3650,2024-04-30,North America,Canada,Rain Jacket,Apparel,Enterprise,6,92.33,0,553.98,327.86
3651,2024-04-30,Europe,UK,Smart Watch,Electronics,Consumer,4,184.43,0,737.72,433.79
3652,2024-04-30,APAC,India,Wireless Headphones,Electronics,Enterprise,2,82.05,0.1,147.69,95.26
3653,2024-04-30,APAC,India,Rain Jacket,Apparel,SMB,1,102.3,0.15,86.95,43.42
3654,2024-04-30,Europe,UK,Standing Desk,Office,SMB,3,397.63,0,1192.89,668.1
3655,2024-04-30,Europe,UK,Ergonomic Chair,Office,SMB,1,239.41,0,239.41,131.55
3656,2024-04-30,LATAM,Mexico,Wool Sweater,Apparel,Consumer,6,95.13,0.1,513.7,274.51
3657,2024-05-01,APAC,India,Rain Jacket,Apparel,SMB,2,95.61,0,191.22,98.89
3658,2024-05-01,LATAM,Brazil,Bluetooth Speaker,Electronics,Enterprise,4,60.44,0.05,229.67,112.47
3659,2024-05-01,Europe,Spain,Tablet Stand,Electronics,SMB,1,24.82,0,24.82,11.37
3660,2024-05-01,Europe,UK,Bluetooth Speaker,Electronics,Enterprise,4,60.29,0,241.16,109.91
3661,2024-05-01,Europe,Spain,Ceramic Cookware Set,Home,SMB,1,148.8,0.15,126.48,79.16
3662,2024-05-01,Europe,Spain,Denim Jacket,Apparel,Enterprise,5,66.29,0,331.45,155.73
3663,2024-05-01,North America,USA,Running Shoes,Apparel,SMB,3,85.1,0,255.3,155.52
3664,2024-05-02,Europe,Germany,LED Desk Lamp,Home,Enterprise,2,40.6,0,81.2,51.95
3665,2024-05-02,Europe,Spain,Wireless Headphones,Electronics,SMB,1,83.71,0.15,71.15,39.7
3666,2024-05-02,APAC,India,Monitor Arm,Office,Consumer,2,59.86,0,119.72,70.71
3667,2024-05-03,Europe,Germany,Bluetooth Speaker,Electronics,SMB,3,58.71,0.1,158.52,85.12
3668,2024-05-03,North America,Canada,Tablet Stand,Electronics,Consumer,1,24.17,0.05,22.96,12.65
3669,2024-05-03,APAC,Japan,Wool Sweater,Apparel,Consumer,1,91.87,0,91.87,58.25
3670,2024-05-03,North America,USA,Notebook Set,Office,Enterprise,5,14.26,0.05,67.73,35.35
3671,2024-05-03,North America,USA,Tablet Stand,Electronics,SMB,1,26.21,0,26.21,13.06
3672,2024-05-03,APAC,India,Air Purifier,Home,Enterprise,1,133.27,0.05,126.61,79.02
3673,2024-05-03,North America,USA,Air Purifier,Home,Consumer,1,121.33,0.05,115.26,59.53
3674,2024-05-04,North America,Canada,Wireless Headphones,Electronics,Enterprise,4,93.43,0,373.72,174.54
3675,2024-05-04,LATAM,Mexico,Rain Jacket,Apparel,Enterprise,2,91.84,0,183.68,116.35
3676,2024-05-04,North America,Canada,Notebook Set,Office,Consumer,2,14.22,0,28.44,16.29
3677,2024-05-04,Europe,Spain,Monitor Arm,Office,Enterprise,5,56.03,0.1,252.13,122.95
3678,2024-05-04,North America,Canada,Notebook Set,Office,Enterprise,4,13.95,0,55.8,26.03
3679,2024-05-04,LATAM,Brazil,Tablet Stand,Electronics,Consumer,1,26.52,0.1,23.87,14.32
3680,2024-05-05,APAC,Australia,Smart Watch,Electronics,Enterprise,5,202.13,0.15,859.05,552.11
3681,2024-05-05,LATAM,Mexico,Tablet Stand,Electronics,SMB,1,24.89,0.1,22.4,10.67
3682,2024-05-05,North America,Canada,Denim Jacket,Apparel,Enterprise,3,63.79,0.2,153.1,79.11
3683,2024-05-05,North America,USA,Monitor Arm,Office,Enterprise,4,54.64,0.15,185.78,117.01
3684,2024-05-05,LATAM,Brazil,Denim Jacket,Apparel,SMB,1,72.66,0,72.66,38.26
3685,2024-05-05,Europe,Spain,Wool Sweater,Apparel,Enterprise,3,93.65,0.1,252.86,158.16
3686,2024-05-05,Europe,UK,Smart Watch,Electronics,Consumer,2,196.7,0.15,334.39,192.48
3687,2024-05-05,LATAM,Brazil,Denim Jacket,Apparel,SMB,3,72.17,0.15,184.03,113.08
3688,2024-05-06,North America,Canada,Ceramic Cookware Set,Home,SMB,1,159.54,0,159.54,76.34
3689,2024-05-06,North America,Canada,Rain Jacket,Apparel,Enterprise,4,93.02,0.15,316.27,161.66
3690,2024-05-06,Europe,UK,Rain Jacket,Apparel,Consumer,2,100.29,0.05,190.55,109.54
3691,2024-05-06,Europe,UK,Air Purifier,Home,Consumer,4,135.28,0.2,432.9,238.63
3692,2024-05-06,North America,Canada,LED Desk Lamp,Home,Consumer,14,37.62,0,526.68,290.15
3693,2024-05-06,Europe,UK,Ceramic Cookware Set,Home,Consumer,1,138.46,0.15,117.69,54.79
3694,2024-05-06,LATAM,Mexico,Air Purifier,Home,Enterprise,1,135.98,0.1,122.38,70.44
3695,2024-05-06,LATAM,Mexico,Wool Sweater,Apparel,Enterprise,1,95.28,0.1,85.75,44.76
3696,2024-05-06,LATAM,Brazil,Rain Jacket,Apparel,Enterprise,2,105.69,0.15,179.67,98.12
3697,2024-05-06,North America,Canada,Notebook Set,Office,Enterprise,5,15.15,0,75.75,44.38
3698,2024-05-07,Europe,Germany,Wireless Headphones,Electronics,Consumer,2,88.36,0.05,167.88,98.93
3699,2024-05-07,Europe,France,Air Purifier,Home,Enterprise,3,123.39,0,370.17,224.05
3700,2024-05-07,APAC,Japan,Running Shoes,Apparel,Enterprise,2,74.39,0.15,126.46,59.38
3701,2024-05-07,APAC,Japan,Standing Desk,Office,Enterprise,3,412.97,0,1238.91,771.27
3702,2024-05-07,LATAM,Mexico,Denim Jacket,Apparel,SMB,2,69.6,0,139.2,70.0
3703,2024-05-07,Europe,France,Standing Desk,Office,Consumer,1,411.8,0.1,370.62,229.33
3704,2024-05-07,Europe,UK,Smart Watch,Electronics,Consumer,1,191.86,0,191.86,112.45
3705,2024-05-07,North America,Canada,Air Purifier,Home,Enterprise,3,134.48,0,403.44,182.92
3706,2024-05-07,North America,USA,Air Purifier,Home,SMB,4,119.35,0.2,381.92,188.04
3707,2024-05-07,Europe,UK,Smart Watch,Electronics,Enterprise,2,186.66,0,373.32,174.17
3708,2024-05-07,North America,Canada,Standing Desk,Office,SMB,6,369.29,0.1,1994.17,1005.49
3709,2024-05-07,North America,USA,Monitor Arm,Office,Enterprise,4,55.57,0.15,188.94,109.53
3710,2024-05-08,APAC,Singapore,Tablet Stand,Electronics,Enterprise,2,24.21,0,48.42,26.86
3711,2024-05-08,North America,Canada,Rain Jacket,Apparel,SMB,3,96.5,0.15,246.07,122.35
3712,2024-05-08,LATAM,Brazil,Bluetooth Speaker,Electronics,SMB,1,60.78,0,60.78,36.02
3713,2024-05-08,North America,USA,LED Desk Lamp,Home,Consumer,3,39.91,0,119.73,71.18
3714,2024-05-08,North America,Canada,Smart Watch,Electronics,Consumer,4,206.46,0.2,660.67,306.18
3715,2024-05-08,LATAM,Mexico,Standing Desk,Office,Consumer,1,418.35,0.15,355.6,215.57
3716,2024-05-08,North America,USA,Air Purifier,Home,Consumer,4,130.53,0.15,443.8,254.53
3717,2024-05-08,LATAM,Brazil,Wireless Headphones,Electronics,SMB,1,88.32,0,88.32,50.25
3718,2024-05-08,North America,USA,Air Purifier,Home,SMB,1,133.68,0.15,113.63,52.58
3719,2024-05-09,North America,USA,Bluetooth Speaker,Electronics,Consumer,3,55.48,0.05,158.12,72.97
3720,2024-05-09,North America,Canada,Air Purifier,Home,Consumer,1,118.83,0,118.83,69.3
3721,2024-05-09,North America,Canada,Denim Jacket,Apparel,SMB,4,72.7,0.2,232.64,130.67
3722,2024-05-09,North America,Canada,Air Purifier,Home,SMB,3,121.97,0.2,292.73,142.08
3723,2024-05-09,Europe,Germany,Rain Jacket,Apparel,SMB,3,104.67,0.15,266.91,159.97
3724,2024-05-09,North America,Canada,Standing Desk,Office,Enterprise,6,380.75,0.15,1941.83,1005.63
3725,2024-05-09,North America,USA,Running Shoes,Apparel,SMB,4,75.66,0.05,287.51,154.59
3726,2024-05-09,LATAM,Brazil,Ceramic Cookware Set,Home,SMB,1,140.89,0.05,133.85,78.87
3727,2024-05-09,North America,USA,LED Desk Lamp,Home,Consumer,2,36.12,0.1,65.02,29.41
3728,2024-05-10,Europe,Germany,Wireless Headphones,Electronics,Enterprise,2,86.22,0.05,163.82,88.33
3729,2024-05-10,Europe,UK,Smart Watch,Electronics,Consumer,5,196.79,0.2,787.16,378.5
3730,2024-05-10,North America,Canada,Air Purifier,Home,SMB,3,139.29,0,417.87,204.08
3731,2024-05-10,Europe,France,LED Desk Lamp,Home,Consumer,2,40.36,0.2,64.58,40.67
3732,2024-05-10,North America,Canada,Tablet Stand,Electronics,Consumer,2,26.96,0.05,51.22,27.55
3733,2024-05-10,North America,USA,Wireless Headphones,Electronics,SMB,2,88.04,0,176.08,85.91
3734,2024-05-11,North America,USA,Smart Watch,Electronics,Enterprise,5,195.11,0.05,926.77,441.36
3735,2024-05-11,APAC,Australia,Bluetooth Speaker,Electronics,Consumer,2,60.58,0,121.16,61.12
3736,2024-05-11,LATAM,Mexico,Wool Sweater,Apparel,Enterprise,3,85.03,0,255.09,116.29
3737,2024-05-11,Europe,Germany,Standing Desk,Office,SMB,4,375.51,0.1,1351.84,771.42
3738,2024-05-11,APAC,India,Bluetooth Speaker,Electronics,Consumer,3,63.4,0.15,161.67,84.89
3739,2024-05-11,APAC,India,Running Shoes,Apparel,Enterprise,1,82.33,0,82.33,45.31
3740,2024-05-11,North America,Canada,Air Purifier,Home,SMB,1,121.11,0,121.11,71.66
3741,2024-05-11,North America,USA,Vacuum Cleaner,Home,Enterprise,7,234.77,0,1643.39,753.18
3742,2024-05-12,APAC,Singapore,Wool Sweater,Apparel,SMB,1,91.75,0,91.75,44.74
3743,2024-05-12,North America,USA,Running Shoes,Apparel,Enterprise,5,79.39,0.1,357.25,163.76
3744,2024-05-12,APAC,India,Air Purifier,Home,SMB,1,128.18,0,128.18,67.04
3745,2024-05-12,North America,USA,Rain Jacket,Apparel,Consumer,2,98.71,0.2,157.94,88.26
3746,2024-05-12,LATAM,Mexico,Bluetooth Speaker,Electronics,SMB,3,60.73,0,182.19,104.49
3747,2024-05-12,North America,USA,Vacuum Cleaner,Home,Consumer,3,212.11,0,636.33,358.75
3748,2024-05-12,APAC,Australia,Running Shoes,Apparel,Enterprise,2,81.08,0.05,154.05,81.57
3749,2024-05-12,LATAM,Brazil,Bluetooth Speaker,Electronics,Enterprise,3,61.28,0,183.84,118.86
3750,2024-05-12,North America,USA,Air Purifier,Home,Enterprise,4,133.78,0.2,428.1,229.89
3751,2024-05-12,Europe,UK,Smart Watch,Electronics,SMB,2,194.0,0,388.0,211.33
3752,2024-05-12,APAC,India,Denim Jacket,Apparel,Enterprise,2,68.24,0,136.48,83.67
3753,2024-05-13,North America,USA,Air Purifier,Home,Consumer,5,119.86,0.1,539.37,294.15
3754,2024-05-13,Europe,UK,Smart Watch,Electronics,Consumer,1,204.03,0,204.03,117.13
3755,2024-05-13,LATAM,Mexico,Ceramic Cookware Set,Home,SMB,1,154.99,0.05,147.24,95.03
3756,2024-05-13,Europe,Spain,Rain Jacket,Apparel,SMB,2,104.63,0,209.26,110.34
3757,2024-05-13,North America,Canada,Air Purifier,Home,Consumer,5,129.31,0.15,549.57,327.29
3758,2024-05-13,Europe,UK,Wool Sweater,Apparel,Consumer,1,89.25,0.1,80.33,45.65
3759,2024-05-13,North America,Canada,Ceramic Cookware Set,Home,Enterprise,6,154.81,0,928.86,537.03
3760,2024-05-13,APAC,Australia,Notebook Set,Office,Consumer,1,15.46,0,15.46,7.92
3761,2024-05-13,Europe,Germany,Ceramic Cookware Set,Home,Consumer,1,150.16,0,150.16,90.94
3762,2024-05-14,North America,USA,Rain Jacket,Apparel,SMB,2,103.68,0.05,196.99,97.23
3763,2024-05-14,LATAM,Mexico,Running Shoes,Apparel,SMB,3,75.33,0.2,180.79,87.45
3764,2024-05-14,LATAM,Mexico,Rain Jacket,Apparel,Consumer,2,102.55,0,205.1,129.16
3765,2024-05-14,North America,USA,Monitor Arm,Office,SMB,3,61.19,0,183.57,92.51
3766,2024-05-14,North America,USA,Tablet Stand,Electronics,Consumer,3,25.24,0,75.72,45.82
3767,2024-05-14,APAC,India,Wireless Headphones,Electronics,SMB,3,89.36,0.15,227.87,124.08
3768,2024-05-14,APAC,India,Monitor Arm,Office,Consumer,1,57.24,0.2,45.79,29.12
3769,2024-05-14,Europe,Spain,Air Purifier,Home,SMB,4,132.84,0,531.36,269.26
3770,2024-05-14,Europe,UK,Wireless Headphones,Electronics,Consumer,1,83.49,0.1,75.14,45.01
3771,2024-05-15,North America,USA,Wool Sweater,Apparel,Consumer,1,91.53,0,91.53,57.97
3772,2024-05-15,Europe,UK,Bluetooth Speaker,Electronics,SMB,3,60.13,0.15,153.33,95.52
3773,2024-05-15,APAC,Australia,Wireless Headphones,Electronics,SMB,3,83.71,0,251.13,162.12
3774,2024-05-15,North America,Canada,Denim Jacket,Apparel,SMB,4,64.32,0,257.28,153.12
3775,2024-05-15,LATAM,Brazil,Tablet Stand,Electronics,Enterprise,1,26.93,0,26.93,15.18
3776,2024-05-15,North America,Canada,Standing Desk,Office,Enterprise,7,387.9,0.15,2308.0,1487.0
3777,2024-05-15,LATAM,Brazil,Smart Watch,Electronics,Consumer,2,212.99,0.05,404.68,204.73
3778,2024-05-15,North America,Canada,LED Desk Lamp,Home,Consumer,4,36.5,0.15,124.1,73.41
3779,2024-05-15,Europe,France,Denim Jacket,Apparel,Consumer,2,68.84,0,137.68,72.2
3780,2024-05-15,North America,Canada,Bluetooth Speaker,Electronics,Enterprise,4,63.33,0.2,202.66,123.6
3781,2024-05-16,APAC,India,Standing Desk,Office,Enterprise,2,430.92,0.15,732.56,400.4
3782,2024-05-16,Europe,France,Air Purifier,Home,Enterprise,3,133.89,0.15,341.42,179.89
3783,2024-05-16,Europe,Spain,Ceramic Cookware Set,Home,Enterprise,3,142.77,0,428.31,194.32
3784,2024-05-17,North America,USA,Vacuum Cleaner,Home,Consumer,4,236.05,0.15,802.57,416.92
3785,2024-05-17,Europe,Germany,Tablet Stand,Electronics,SMB,4,26.37,0.2,84.38,42.99
3786,2024-05-17,APAC,Japan,Wireless Headphones,Electronics,SMB,2,84.4,0.2,135.04,64.32
3787,2024-05-17,Europe,Germany,Wool Sweater,Apparel,Enterprise,1,84.12,0.2,67.3,39.71
3788,2024-05-17,Europe,France,Wool Sweater,Apparel,SMB,5,93.75,0,468.75,265.35
3789,2024-05-17,North America,USA,Bluetooth Speaker,Electronics,Consumer,2,59.22,0,118.44,71.82
3790,2024-05-17,North America,Canada,Ceramic Cookware Set,Home,Consumer,2,138.23,0.05,262.64,121.41
3791,2024-05-18,North America,Canada,Smart Watch,Electronics,SMB,1,185.59,0.05,176.31,107.59
3792,2024-05-18,North America,USA,Running Shoes,Apparel,Consumer,3,82.77,0.2,198.65,123.22
3793,2024-05-18,Europe,France,Wireless Headphones,Electronics,Consumer,2,94.02,0.1,169.24,77.85
3794,2024-05-18,APAC,Japan,Ceramic Cookware Set,Home,Enterprise,2,139.99,0.1,251.98,129.72
3795,2024-05-18,Europe,Germany,Running Shoes,Apparel,Consumer,2,73.97,0,147.94,76.63
3796,2024-05-18,LATAM,Mexico,Rain Jacket,Apparel,SMB,1,100.8,0.2,80.64,40.12
3797,2024-05-18,North America,USA,Smart Watch,Electronics,Consumer,4,199.03,0,796.12,360.43
3798,2024-05-18,Europe,France,Tablet Stand,Electronics,Consumer,3,24.41,0,73.23,45.57
3799,2024-05-18,North America,Canada,Running Shoes,Apparel,SMB,3,78.47,0,235.41,125.16
3800,2024-05-19,Europe,UK,Ergonomic Chair,Office,Consumer,3,263.14,0.15,671.01,312.27
3801,2024-05-19,APAC,India,Wireless Headphones,Electronics,SMB,2,85.6,0,171.2,96.82
3802,2024-05-19,Europe,France,Notebook Set,Office,Consumer,2,15.01,0,30.02,19.24
3803,2024-05-19,APAC,India,LED Desk Lamp,Home,Enterprise,3,38.43,0.2,92.23,43.24
3804,2024-05-19,Europe,France,Air Purifier,Home,Enterprise,3,124.63,0.1,336.5,206.09
3805,2024-05-19,LATAM,Mexico,Smart Watch,Electronics,Enterprise,3,203.26,0,609.78,341.55
3806,2024-05-19,APAC,Singapore,Ceramic Cookware Set,Home,SMB,2,139.62,0.2,223.39,123.81
3807,2024-05-19,North America,Canada,Wireless Headphones,Electronics,SMB,4,86.65,0.2,277.28,159.75
3808,2024-05-19,APAC,Japan,Wireless Headphones,Electronics,Consumer,1,94.56,0,94.56,43.44
3809,2024-05-19,Europe,Germany,Air Purifier,Home,Enterprise,2,138.44,0.05,263.04,131.37
3810,2024-05-19,North America,Canada,Air Purifier,Home,SMB,1,134.0,0,134.0,85.63
3811,2024-05-19,North America,USA,Denim Jacket,Apparel,Enterprise,3,74.34,0.15,189.57,106.64
3812,2024-05-20,Europe,Spain,Vacuum Cleaner,Home,Enterprise,6,222.51,0,1335.06,836.33
3813,2024-05-20,APAC,Australia,Smart Watch,Electronics,Consumer,1,186.92,0.2,149.54,74.53
3814,2024-05-20,North America,USA,Air Purifier,Home,SMB,4,125.61,0.1,452.2,217.38
3815,2024-05-20,North America,USA,Denim Jacket,Apparel,Enterprise,5,65.2,0.05,309.7,159.16
3816,2024-05-20,LATAM,Brazil,Tablet Stand,Electronics,SMB,4,26.57,0.1,95.65,49.21
3817,2024-05-20,North America,USA,Notebook Set,Office,SMB,1,15.34,0.15,13.04,7.74
3818,2024-05-20,LATAM,Brazil,Monitor Arm,Office,Consumer,1,56.11,0.15,47.69,30.12
3819,2024-05-20,Europe,Spain,Rain Jacket,Apparel,SMB,2,95.52,0.15,162.38,86.78
3820,2024-05-20,LATAM,Mexico,Notebook Set,Office,SMB,1,15.84,0,15.84,9.22
3821,2024-05-21,North America,USA,Ergonomic Chair,Office,Consumer,3,256.81,0.05,731.91,336.71
3822,2024-05-21,Europe,Spain,Air Purifier,Home,SMB,3,119.35,0,358.05,199.62
3823,2024-05-21,APAC,Australia,Monitor Arm,Office,Enterprise,2,62.36,0.1,112.25,55.35
3824,2024-05-21,Europe,France,Ergonomic Chair,Office,Enterprise,4,249.27,0.05,947.23,536.11
3825,2024-05-21,LATAM,Mexico,Monitor Arm,Office,Consumer,1,59.19,0,59.19,32.43
3826,2024-05-21,APAC,Australia,Wool Sweater,Apparel,Consumer,1,84.46,0.15,71.79,36.69
3827,2024-05-21,APAC,Singapore,Tablet Stand,Electronics,Enterprise,4,24.68,0,98.72,50.54
3828,2024-05-21,APAC,Australia,Notebook Set,Office,Enterprise,2,15.29,0.1,27.52,12.57
3829,2024-05-21,LATAM,Mexico,Bluetooth Speaker,Electronics,Consumer,3,54.86,0,164.58,91.48
3830,2024-05-21,APAC,India,Smart Watch,Electronics,SMB,4,188.69,0.05,717.02,465.2
3831,2024-05-21,LATAM,Brazil,Denim Jacket,Apparel,SMB,2,63.71,0.1,114.68,70.96
3832,2024-05-21,North America,Canada,Tablet Stand,Electronics,SMB,1,23.08,0,23.08,11.55
3833,2024-05-21,APAC,India,Bluetooth Speaker,Electronics,Enterprise,4,56.27,0,225.08,136.26
3834,2024-05-21,North America,Canada,Wireless Headphones,Electronics,Consumer,1,92.4,0.05,87.78,49.58
3835,2024-05-21,Europe,Spain,Tablet Stand,Electronics,Enterprise,5,26.83,0,134.15,72.48
3836,2024-05-21,Europe,Spain,Denim Jacket,Apparel,Consumer,3,70.41,0,211.23,116.55
3837,2024-05-22,LATAM,Brazil,Ceramic Cookware Set,Home,Enterprise,4,157.7,0.2,504.64,326.82
3838,2024-05-22,North America,USA,Bluetooth Speaker,Electronics,SMB,2,61.42,0.2,98.27,58.35
3839,2024-05-22,Europe,Germany,Tablet Stand,Electronics,Enterprise,4,25.76,0,103.04,46.47
3840,2024-05-22,North America,Canada,Tablet Stand,Electronics,SMB,3,23.84,0.15,60.79,28.53
3841,2024-05-22,Europe,Spain,Tablet Stand,Electronics,Consumer,1,25.9,0.2,20.72,12.9
3842,2024-05-22,Europe,UK,Wool Sweater,Apparel,Consumer,2,95.28,0.2,152.45,83.92
3843,2024-05-22,Europe,Spain,Tablet Stand,Electronics,Enterprise,4,26.17,0,104.68,52.31
3844,2024-05-22,North America,USA,Wool Sweater,Apparel,Enterprise,5,83.11,0.15,353.22,210.31
3845,2024-05-22,North America,Canada,Tablet Stand,Electronics,Enterprise,4,23.34,0.05,88.69,45.35
3846,2024-05-22,North America,USA,Bluetooth Speaker,Electronics,Consumer,5,54.34,0.1,244.53,112.59
3847,2024-05-23,Europe,UK,Notebook Set,Office,SMB,4,14.41,0.05,54.76,33.55
3848,2024-05-23,North America,USA,Ceramic Cookware Set,Home,SMB,4,159.75,0,639.0,331.57
3849,2024-05-23,North America,USA,Tablet Stand,Electronics,Consumer,3,25.49,0.05,72.65,35.23
3850,2024-05-23,North America,USA,Monitor Arm,Office,Enterprise,4,60.65,0,242.6,116.03
3851,2024-05-23,Europe,UK,Running Shoes,Apparel,Enterprise,4,82.46,0,329.84,163.8
3852,2024-05-23,Europe,Spain,Wireless Headphones,Electronics,SMB,1,84.7,0,84.7,41.63
3853,2024-05-23,LATAM,Brazil,Wool Sweater,Apparel,SMB,2,93.2,0.1,167.76,103.33
3854,2024-05-23,Europe,UK,Denim Jacket,Apparel,SMB,2,72.64,0.1,130.75,63.7
3855,2024-05-23,APAC,India,Bluetooth Speaker,Electronics,SMB,1,60.18,0.2,48.14,24.34
3856,2024-05-24,APAC,India,Rain Jacket,Apparel,Enterprise,2,100.62,0.2,160.99,78.26
3857,2024-05-24,Europe,Spain,Air Purifier,Home,Enterprise,6,138.61,0.15,706.91,414.08
3858,2024-05-24,North America,Canada,Wireless Headphones,Electronics,Consumer,1,95.14,0,95.14,50.87
3859,2024-05-24,North America,Canada,Air Purifier,Home,Consumer,2,138.9,0.1,250.02,135.67
3860,2024-05-24,North America,Canada,LED Desk Lamp,Home,Consumer,1,39.73,0,39.73,20.61
3861,2024-05-24,North America,Canada,Bluetooth Speaker,Electronics,Consumer,4,62.31,0.05,236.78,131.68
3862,2024-05-24,Europe,UK,Smart Watch,Electronics,Consumer,2,209.36,0.2,334.98,184.84
3863,2024-05-24,APAC,Australia,Running Shoes,Apparel,SMB,1,82.3,0,82.3,39.07
3864,2024-05-25,North America,Canada,Running Shoes,Apparel,Enterprise,7,77.89,0.1,490.71,274.71
3865,2024-05-25,Europe,Spain,Bluetooth Speaker,Electronics,Enterprise,1,58.23,0,58.23,26.51
3866,2024-05-25,North America,Canada,Tablet Stand,Electronics,Consumer,1,26.59,0,26.59,12.51
3867,2024-05-25,Europe,Spain,Standing Desk,Office,Enterprise,4,413.28,0.15,1405.15,729.07
3868,2024-05-25,North America,USA,Wireless Headphones,Electronics,SMB,2,88.99,0,177.98,86.74
3869,2024-05-25,Europe,UK,Wireless Headphones,Electronics,SMB,3,90.98,0,272.94,123.8
3870,2024-05-25,North America,Canada,Denim Jacket,Apparel,SMB,5,72.78,0.05,345.7,182.2
3871,2024-05-26,LATAM,Brazil,Standing Desk,Office,Consumer,1,370.23,0.1,333.21,187.07
3872,2024-05-26,North America,USA,Ceramic Cookware Set,Home,Enterprise,4,137.57,0.2,440.22,217.35
3873,2024-05-26,North America,Canada,LED Desk Lamp,Home,SMB,1,37.44,0.15,31.82,18.99
3874,2024-05-26,North America,Canada,Notebook Set,Office,Enterprise,5,15.68,0.1,70.56,33.52
3875,2024-05-26,North America,USA,Standing Desk,Office,Enterprise,7,402.81,0,2819.67,1761.71
3876,2024-05-26,APAC,Japan,LED Desk Lamp,Home,SMB,2,40.15,0.05,76.28,43.46
3877,2024-05-26,APAC,Singapore,Vacuum Cleaner,Home,Consumer,1,215.79,0.2,172.63,94.93
3878,2024-05-26,Europe,Germany,Wool Sweater,Apparel,Consumer,1,83.48,0,83.48,48.55
3879,2024-05-27,LATAM,Mexico,LED Desk Lamp,Home,Consumer,1,39.23,0.05,37.27,23.94
3880,2024-05-27,APAC,Japan,Wool Sweater,Apparel,SMB,2,88.72,0,177.44,97.09
3881,2024-05-27,APAC,India,Ergonomic Chair,Office,SMB,3,249.09,0.2,597.82,286.98
3882,2024-05-27,Europe,Germany,Ceramic Cookware Set,Home,Consumer,4,137.85,0.05,523.83,263.05
3883,2024-05-27,North America,Canada,Wool Sweater,Apparel,Enterprise,5,92.82,0,464.1,290.19
3884,2024-05-27,North America,Canada,Standing Desk,Office,Enterprise,5,387.98,0,1939.9,982.38
3885,2024-05-27,North America,USA,Tablet Stand,Electronics,SMB,5,24.57,0,122.85,76.79
3886,2024-05-27,North America,Canada,Tablet Stand,Electronics,Enterprise,5,23.18,0,115.9,56.23
3887,2024-05-27,Europe,UK,Monitor Arm,Office,Consumer,3,55.39,0.15,141.24,74.96
3888,2024-05-27,LATAM,Brazil,Running Shoes,Apparel,Consumer,1,80.19,0,80.19,51.45
3889,2024-05-27,North America,USA,Bluetooth Speaker,Electronics,Consumer,4,63.02,0,252.08,126.75
3890,2024-05-27,Europe,France,Wireless Headphones,Electronics,SMB,4,91.7,0.2,293.44,179.31
3891,2024-05-27,North America,USA,Air Purifier,Home,Consumer,1,120.81,0.15,102.69,50.4
3892,2024-05-27,North America,USA,Smart Watch,Electronics,Enterprise,6,197.97,0,1187.82,696.78
3893,2024-05-27,North America,USA,Denim Jacket,Apparel,Enterprise,7,66.92,0.15,398.17,188.96
3894,2024-05-28,APAC,India,LED Desk Lamp,Home,SMB,1,38.57,0.15,32.78,19.83
3895,2024-05-28,Europe,Germany,Smart Watch,Electronics,Consumer,1,204.86,0.2,163.89,84.73
3896,2024-05-28,Europe,Spain,Notebook Set,Office,Consumer,1,14.34,0,14.34,7.02
3897,2024-05-28,North America,Canada,Bluetooth Speaker,Electronics,SMB,3,55.71,0.2,133.7,74.26
3898,2024-05-28,APAC,Singapore,Bluetooth Speaker,Electronics,SMB,3,55.55,0.05,158.32,95.46
3899,2024-05-28,APAC,Singapore,Tablet Stand,Electronics,SMB,1,25.55,0.2,20.44,10.62
3900,2024-05-28,Europe,Germany,Rain Jacket,Apparel,Consumer,2,94.62,0,189.24,105.54
3901,2024-05-28,North America,USA,Smart Watch,Electronics,Enterprise,6,203.82,0,1222.92,737.53
3902,2024-05-28,Europe,France,Wool Sweater,Apparel,Enterprise,5,91.93,0,459.65,210.5
3903,2024-05-28,Europe,France,Ceramic Cookware Set,Home,Consumer,2,154.67,0.05,293.87,163.47
3904,2024-05-28,APAC,India,Wireless Headphones,Electronics,Consumer,3,93.03,0.1,251.18,142.01
3905,2024-05-28,APAC,India,Running Shoes,Apparel,Enterprise,4,79.04,0.15,268.74,158.45
3906,2024-05-28,North America,USA,Bluetooth Speaker,Electronics,SMB,4,61.16,0,244.64,133.19
3907,2024-05-29,LATAM,Brazil,Wireless Headphones,Electronics,Consumer,1,83.16,0,83.16,38.7
3908,2024-05-29,APAC,Singapore,Bluetooth Speaker,Electronics,Enterprise,4,54.49,0.15,185.27,117.03
3909,2024-05-29,LATAM,Mexico,Smart Watch,Electronics,SMB,1,193.44,0.1,174.1,94.88
3910,2024-05-29,North America,USA,Rain Jacket,Apparel,Enterprise,7,96.0,0.05,638.4,331.18
3911,2024-05-29,North America,Canada,Rain Jacket,Apparel,Consumer,1,97.28,0.1,87.55,40.63
3912,2024-05-29,APAC,Japan,Bluetooth Speaker,Electronics,Enterprise,2,59.83,0,119.66,62.44
3913,2024-05-29,North America,USA,LED Desk Lamp,Home,Enterprise,4,36.88,0.1,132.77,82.43
3914,2024-05-29,LATAM,Brazil,Wireless Headphones,Electronics,Enterprise,1,84.03,0.1,75.63,43.34
3915,2024-05-29,APAC,Singapore,Tablet Stand,Electronics,Consumer,1,25.82,0.05,24.53,15.58
3916,2024-05-29,Europe,France,Air Purifier,Home,Consumer,2,126.94,0,253.88,130.63
3917,2024-05-29,Europe,France,Wool Sweater,Apparel,Consumer,1,81.91,0.1,73.72,34.84
3918,2024-05-30,North America,USA,Smart Watch,Electronics,SMB,7,213.93,0,1497.51,795.45
3919,2024-05-30,APAC,Australia,Running Shoes,Apparel,Enterprise,6,75.43,0.15,384.69,184.97
3920,2024-05-30,Europe,Spain,Smart Watch,Electronics,Enterprise,5,209.66,0,1048.3,561.58
3921,2024-05-30,North America,Canada,Rain Jacket,Apparel,SMB,2,97.7,0,195.4,121.29
3922,2024-05-31,Europe,Spain,Running Shoes,Apparel,SMB,3,72.84,0.15,185.74,98.69
3923,2024-05-31,APAC,Singapore,Running Shoes,Apparel,Enterprise,3,75.26,0,225.78,102.74
3924,2024-05-31,APAC,Singapore,Smart Watch,Electronics,Enterprise,1,193.28,0.1,173.95,105.24
3925,2024-05-31,North America,Canada,LED Desk Lamp,Home,Consumer,3,36.7,0.2,88.08,50.27
3926,2024-05-31,North America,Canada,Wireless Headphones,Electronics,Enterprise,6,84.79,0,508.74,266.73
3927,2024-05-31,North America,Canada,Smart Watch,Electronics,Consumer,2,205.79,0.05,391.0,216.58
3928,2024-05-31,APAC,Australia,Standing Desk,Office,Enterprise,5,408.88,0.15,1737.74,961.19
3929,2024-05-31,North America,USA,Running Shoes,Apparel,SMB,2,82.54,0,165.08,77.64
3930,2024-06-01,North America,Canada,Bluetooth Speaker,Electronics,Enterprise,5,58.52,0.1,263.34,157.31
3931,2024-06-01,Europe,France,Air Purifier,Home,SMB,2,129.8,0.2,207.68,112.41
3932,2024-06-01,LATAM,Mexico,Ceramic Cookware Set,Home,Consumer,1,157.16,0.2,125.73,71.78
3933,2024-06-01,Europe,Spain,Rain Jacket,Apparel,SMB,4,94.71,0,378.84,216.12
3934,2024-06-01,Europe,UK,Ceramic Cookware Set,Home,SMB,3,143.11,0,429.33,203.06
3935,2024-06-01,LATAM,Mexico,Rain Jacket,Apparel,Consumer,2,104.14,0,208.28,111.18
3936,2024-06-01,APAC,Singapore,Bluetooth Speaker,Electronics,Enterprise,2,55.37,0,110.74,53.67
3937,2024-06-01,North America,USA,Air Purifier,Home,SMB,6,120.82,0,724.92,454.83
3938,2024-06-02,North America,USA,Wireless Headphones,Electronics,Enterprise,3,85.63,0.2,205.51,106.12
3939,2024-06-02,North America,USA,Wool Sweater,Apparel,Consumer,2,83.25,0.15,141.53,77.06
3940,2024-06-02,APAC,Japan,Bluetooth Speaker,Electronics,Enterprise,1,55.71,0,55.71,25.61
3941,2024-06-03,Europe,Spain,Tablet Stand,Electronics,Consumer,4,24.01,0,96.04,50.08
3942,2024-06-03,Europe,UK,Notebook Set,Office,SMB,4,14.19,0,56.76,36.01
3943,2024-06-03,APAC,Singapore,Tablet Stand,Electronics,Enterprise,7,26.56,0.2,148.74,76.14
3944,2024-06-03,North America,Canada,Standing Desk,Office,Consumer,3,383.36,0,1150.08,621.77
3945,2024-06-03,APAC,Australia,Ceramic Cookware Set,Home,Consumer,1,158.16,0.05,150.25,71.31
3946,2024-06-03,APAC,Australia,Notebook Set,Office,SMB,1,14.42,0.2,11.54,5.74
3947,2024-06-03,Europe,France,Wireless Headphones,Electronics,SMB,2,85.23,0.2,136.37,76.68
3948,2024-06-03,APAC,Australia,Rain Jacket,Apparel,Consumer,2,97.75,0.15,166.17,98.12
3949,2024-06-03,Europe,France,Wireless Headphones,Electronics,SMB,4,92.28,0.1,332.21,198.26
3950,2024-06-03,North America,USA,Notebook Set,Office,Consumer,3,14.01,0.1,37.83,21.4
3951,2024-06-03,APAC,Japan,Rain Jacket,Apparel,Enterprise,3,105.99,0,317.97,204.72
3952,2024-06-04,APAC,Japan,Wireless Headphones,Electronics,Consumer,1,87.77,0.1,78.99,39.4
3953,2024-06-04,Europe,UK,Bluetooth Speaker,Electronics,Consumer,2,57.59,0,115.18,67.05
3954,2024-06-04,North America,Canada,Bluetooth Speaker,Electronics,SMB,2,58.98,0,117.96,56.23
3955,2024-06-04,North America,USA,Bluetooth Speaker,Electronics,Consumer,2,54.52,0,109.04,61.12
3956,2024-06-04,North America,Canada,Running Shoes,Apparel,Consumer,2,83.6,0,167.2,104.73
3957,2024-06-05,Europe,Spain,Wireless Headphones,Electronics,Consumer,3,91.06,0.05,259.52,132.27
3958,2024-06-05,APAC,Singapore,Denim Jacket,Apparel,Enterprise,4,71.17,0.2,227.74,125.84
3959,2024-06-05,North America,USA,Wool Sweater,Apparel,Enterprise,6,91.66,0.2,439.97,214.06
3960,2024-06-05,North America,Canada,LED Desk Lamp,Home,Enterprise,6,40.9,0,245.4,125.95
3961,2024-06-05,North America,Canada,Running Shoes,Apparel,SMB,4,79.75,0,319.0,187.02
3962,2024-06-05,APAC,Singapore,LED Desk Lamp,Home,Enterprise,5,41.68,0.1,187.56,86.58
3963,2024-06-05,Europe,Spain,Denim Jacket,Apparel,Consumer,1,71.05,0,71.05,43.82
3964,2024-06-06,North America,Canada,Air Purifier,Home,Consumer,5,128.23,0.2,512.92,249.51
3965,2024-06-06,LATAM,Brazil,Bluetooth Speaker,Electronics,Consumer,1,58.51,0.15,49.73,28.39
3966,2024-06-06,APAC,Japan,Air Purifier,Home,SMB,4,131.64,0.2,421.25,245.09
3967,2024-06-06,North America,USA,LED Desk Lamp,Home,SMB,3,37.74,0.2,90.58,51.81
3968,2024-06-06,Europe,Germany,Tablet Stand,Electronics,Consumer,2,24.16,0,48.32,30.62
3969,2024-06-06,North America,USA,Running Shoes,Apparel,Enterprise,5,79.12,0,395.6,200.4
3970,2024-06-06,North America,Canada,Running Shoes,Apparel,Enterprise,7,72.79,0.05,484.05,259.44
3971,2024-06-07,North America,USA,Tablet Stand,Electronics,SMB,4,25.16,0.1,90.58,47.05
3972,2024-06-07,North America,USA,Standing Desk,Office,Consumer,2,394.48,0.05,749.51,443.18
3973,2024-06-07,North America,Canada,Standing Desk,Office,Consumer,3,407.66,0.05,1161.83,534.87
3974,2024-06-07,APAC,Japan,Denim Jacket,Apparel,Consumer,1,70.29,0,70.29,40.23
3975,2024-06-07,Europe,France,Wireless Headphones,Electronics,Enterprise,3,92.05,0,276.15,168.88
3976,2024-06-07,APAC,Singapore,Wool Sweater,Apparel,Enterprise,2,95.74,0,191.48,108.59
3977,2024-06-07,APAC,Singapore,Wool Sweater,Apparel,Enterprise,4,82.35,0,329.4,184.26
3978,2024-06-08,Europe,Spain,Bluetooth Speaker,Electronics,Consumer,1,61.91,0,61.91,32.65
3979,2024-06-08,North America,USA,Standing Desk,Office,Enterprise,4,412.89,0.05,1568.98,776.93
3980,2024-06-08,Europe,Germany,Air Purifier,Home,Enterprise,4,131.26,0,525.04,249.66
3981,2024-06-08,North America,USA,Air Purifier,Home,SMB,1,125.0,0.2,100.0,49.38
3982,2024-06-09,Europe,France,Denim Jacket,Apparel,Consumer,1,64.41,0.05,61.19,32.89
3983,2024-06-09,North America,Canada,Running Shoes,Apparel,Enterprise,6,84.97,0.15,433.35,280.2
3984,2024-06-10,North America,Canada,LED Desk Lamp,Home,Enterprise,5,38.79,0,193.95,88.83
3985,2024-06-10,North America,USA,Rain Jacket,Apparel,Consumer,5,94.75,0,473.75,248.19
3986,2024-06-10,APAC,Japan,Notebook Set,Office,Consumer,1,14.7,0.2,11.76,5.32
3987,2024-06-10,APAC,Singapore,Wireless Headphones,Electronics,Enterprise,1,84.92,0,84.92,47.33
3988,2024-06-10,North America,Canada,Running Shoes,Apparel,Enterprise,3,80.59,0,241.77,121.82
3989,2024-06-10,North America,USA,LED Desk Lamp,Home,Consumer,2,37.69,0,75.38,42.65
3990,2024-06-10,Europe,Germany,Bluetooth Speaker,Electronics,Consumer,2,62.01,0.2,99.22,63.92
3991,2024-06-10,North America,USA,Denim Jacket,Apparel,Enterprise,8,65.02,0.05,494.15,240.92
3992,2024-06-10,APAC,India,Standing Desk,Office,Enterprise,1,380.47,0,380.47,179.81
3993,2024-06-10,North America,USA,Notebook Set,Office,Enterprise,7,15.06,0,105.42,65.54
3994,2024-06-11,LATAM,Brazil,Tablet Stand,Electronics,Enterprise,3,23.11,0.2,55.46,32.28
3995,2024-06-11,Europe,UK,Ergonomic Chair,Office,SMB,1,267.57,0,267.57,147.5
3996,2024-06-11,APAC,Japan,Vacuum Cleaner,Home,SMB,4,234.35,0,937.4,513.25
3997,2024-06-11,LATAM,Brazil,LED Desk Lamp,Home,Consumer,3,38.76,0.2,93.02,46.16
3998,2024-06-11,APAC,India,LED Desk Lamp,Home,Consumer,1,39.99,0,39.99,23.06
3999,2024-06-11,Europe,France,Wool Sweater,Apparel,Enterprise,4,81.93,0,327.72,175.88
4000,2024-06-11,APAC,Japan,Running Shoes,Apparel,Consumer,1,81.07,0.15,68.91,35.25
4001,2024-06-12,North America,Canada,Standing Desk,Office,Consumer,2,409.04,0.05,777.18,354.27
4002,2024-06-12,North America,USA,Smart Watch,Electronics,Consumer,1,210.2,0,210.2,106.15
4003,2024-06-12,APAC,India,Air Purifier,Home,Consumer,1,130.58,0,130.58,69.75
4004,2024-06-12,APAC,Japan,Smart Watch,Electronics,Enterprise,3,198.15,0,594.45,371.82
4005,2024-06-12,North America,USA,Wireless Headphones,Electronics,SMB,4,91.63,0,366.52,170.67
4006,2024-06-12,Europe,Germany,Running Shoes,Apparel,SMB,3,73.3,0.1,197.91,92.82
4007,2024-06-12,North America,Canada,Denim Jacket,Apparel,Enterprise,5,73.14,0,365.7,222.46
4008,2024-06-12,APAC,Australia,Air Purifier,Home,Consumer,6,137.73,0,826.38,417.86
4009,2024-06-12,Europe,Spain,Bluetooth Speaker,Electronics,SMB,4,58.96,0.1,212.26,126.64
4010,2024-06-13,North America,USA,Vacuum Cleaner,Home,Consumer,1,220.85,0,220.85,108.38
4011,2024-06-13,North America,Canada,Rain Jacket,Apparel,Enterprise,6,103.01,0.05,587.16,268.13
4012,2024-06-13,North America,USA,Tablet Stand,Electronics,SMB,6,26.76,0.15,136.48,75.8
4013,2024-06-13,North America,Canada,Smart Watch,Electronics,Consumer,1,199.37,0.1,179.43,99.91
4014,2024-06-13,APAC,India,Wool Sweater,Apparel,SMB,5,90.01,0,450.05,280.41
4015,2024-06-13,Europe,Germany,Denim Jacket,Apparel,SMB,3,67.49,0.05,192.35,99.58
4016,2024-06-13,APAC,Singapore,Bluetooth Speaker,Electronics,Consumer,1,61.33,0.1,55.2,30.27
4017,2024-06-13,Europe,France,Tablet Stand,Electronics,Enterprise,2,25.34,0,50.68,27.92
4018,2024-06-14,LATAM,Brazil,Smart Watch,Electronics,Enterprise,1,213.12,0.2,170.5,86.14
4019,2024-06-14,LATAM,Brazil,Ceramic Cookware Set,Home,Consumer,1,160.75,0,160.75,85.93
4020,2024-06-14,Europe,UK,Smart Watch,Electronics,Consumer,1,198.94,0,198.94,101.07
4021,2024-06-14,Europe,Spain,Wireless Headphones,Electronics,Consumer,1,86.54,0.2,69.23,40.25
4022,2024-06-14,APAC,Japan,Wool Sweater,Apparel,SMB,1,93.66,0,93.66,49.32
4023,2024-06-14,North America,Canada,Wool Sweater,Apparel,Enterprise,4,85.18,0.2,272.58,142.44
4024,2024-06-14,Europe,Spain,Vacuum Cleaner,Home,SMB,3,206.13,0.2,494.71,268.72
4025,2024-06-15,APAC,Singapore,Smart Watch,Electronics,SMB,2,213.25,0.1,383.85,230.25
4026,2024-06-15,Europe,UK,Bluetooth Speaker,Electronics,Consumer,2,56.75,0,113.5,55.48
4027,2024-06-15,North America,USA,Standing Desk,Office,Consumer,2,425.46,0.05,808.37,521.09
4028,2024-06-15,APAC,India,Denim Jacket,Apparel,Enterprise,6,65.96,0,395.76,243.23
4029,2024-06-15,North America,Canada,Ergonomic Chair,Office,Enterprise,7,241.14,0.2,1350.38,670.44
4030,2024-06-15,LATAM,Brazil,Monitor Arm,Office,SMB,1,59.58,0,59.58,38.47
4031,2024-06-15,North America,Canada,Bluetooth Speaker,Electronics,SMB,3,54.88,0.1,148.18,92.69
4032,2024-06-15,Europe,Germany,Wireless Headphones,Electronics,Consumer,3,89.55,0,268.65,122.78
4033,2024-06-15,Europe,Spain,Rain Jacket,Apparel,Enterprise,6,102.4,0.15,522.24,264.55
4034,2024-06-16,LATAM,Mexico,Ergonomic Chair,Office,SMB,1,244.79,0.1,220.31,124.16
4035,2024-06-16,APAC,Australia,Wireless Headphones,Electronics,Consumer,1,83.27,0,83.27,48.89
4036,2024-06-16,Europe,Spain,Rain Jacket,Apparel,Enterprise,4,104.67,0,418.68,255.8
4037,2024-06-16,LATAM,Brazil,Wool Sweater,Apparel,Consumer,4,94.51,0,378.04,244.33
4038,2024-06-16,North America,USA,Standing Desk,Office,Enterprise,7,427.67,0,2993.69,1880.84
4039,2024-06-16,APAC,Australia,Wireless Headphones,Electronics,Enterprise,2,84.8,0,169.6,89.22
4040,2024-06-16,APAC,Japan,Bluetooth Speaker,Electronics,Enterprise,3,61.41,0,184.23,100.49
4041,2024-06-16,LATAM,Mexico,Running Shoes,Apparel,Consumer,1,77.85,0.15,66.17,34.78
4042,2024-06-16,Europe,Germany,Tablet Stand,Electronics,Consumer,5,25.75,0.1,115.88,56.89
4043,2024-06-16,Europe,Germany,Monitor Arm,Office,Consumer,3,54.29,0,162.87,94.19
4044,2024-06-17,APAC,Singapore,Wool Sweater,Apparel,Consumer,3,87.57,0,262.71,158.94
4045,2024-06-17,APAC,India,Smart Watch,Electronics,Consumer,1,193.18,0.05,183.52,116.86
4046,2024-06-17,Europe,Germany,Monitor Arm,Office,SMB,3,57.27,0.05,163.22,88.22
4047,2024-06-17,North America,Canada,Ceramic Cookware Set,Home,Enterprise,4,159.08,0.15,540.87,342.46
4048,2024-06-17,North America,USA,Denim Jacket,Apparel,SMB,4,65.66,0.2,210.11,131.04
4049,2024-06-17,North America,USA,Bluetooth Speaker,Electronics,SMB,4,55.24,0,220.96,130.68
4050,2024-06-17,LATAM,Brazil,Denim Jacket,Apparel,SMB,4,69.02,0,276.08,164.75
4051,2024-06-17,North America,USA,Wool Sweater,Apparel,Consumer,4,87.22,0,348.88,165.63
4052,2024-06-17,Europe,France,Wool Sweater,Apparel,SMB,3,94.23,0.15,240.29,126.57
4053,2024-06-18,North America,USA,Vacuum Cleaner,Home,Enterprise,4,234.07,0.05,889.47,438.61
4054,2024-06-18,North America,Canada,Bluetooth Speaker,Electronics,Consumer,1,54.3,0,54.3,29.88
4055,2024-06-18,North America,USA,Vacuum Cleaner,Home,SMB,2,234.73,0,469.46,250.04
4056,2024-06-18,North America,USA,Wireless Headphones,Electronics,SMB,5,82.34,0.15,349.95,226.03
4057,2024-06-19,Europe,Spain,Running Shoes,Apparel,Enterprise,4,74.96,0.15,254.86,162.9
4058,2024-06-19,Europe,Germany,Tablet Stand,Electronics,Consumer,1,24.3,0,24.3,11.73
4059,2024-06-19,Europe,Spain,Wireless Headphones,Electronics,Consumer,2,95.66,0,191.32,88.3
4060,2024-06-19,Europe,Spain,Standing Desk,Office,SMB,5,405.46,0.05,1925.93,937.82
4061,2024-06-19,APAC,Singapore,Rain Jacket,Apparel,Enterprise,4,94.27,0.1,339.37,166.25
4062,2024-06-20,Europe,France,Denim Jacket,Apparel,Consumer,2,71.47,0.1,128.65,60.78
4063,2024-06-20,Europe,France,Notebook Set,Office,Consumer,1,14.95,0.2,11.96,7.34
4064,2024-06-20,North America,USA,LED Desk Lamp,Home,Consumer,4,39.26,0,157.04,91.23
4065,2024-06-20,LATAM,Mexico,Ceramic Cookware Set,Home,Consumer,1,140.98,0,140.98,78.79
4066,2024-06-20,North America,USA,Rain Jacket,Apparel,SMB,5,95.77,0.05,454.91,246.89
4067,2024-06-20,North America,Canada,Ceramic Cookware Set,Home,Enterprise,5,152.91,0,764.55,432.82
4068,2024-06-20,APAC,Australia,Wool Sweater,Apparel,SMB,4,89.05,0,356.2,228.26
4069,2024-06-20,North America,Canada,Tablet Stand,Electronics,Consumer,1,23.25,0,23.25,13.79
4070,2024-06-21,Europe,France,Smart Watch,Electronics,Consumer,4,198.16,0.2,634.11,313.93
4071,2024-06-21,LATAM,Brazil,Ceramic Cookware Set,Home,SMB,1,151.01,0.05,143.46,87.68
4072,2024-06-21,APAC,India,Running Shoes,Apparel,Enterprise,4,73.26,0,293.04,148.97
4073,2024-06-21,LATAM,Brazil,Running Shoes,Apparel,Consumer,1,78.1,0.2,62.48,31.83
4074,2024-06-21,APAC,Japan,Bluetooth Speaker,Electronics,SMB,2,56.71,0.05,107.75,53.95
4075,2024-06-21,North America,USA,Tablet Stand,Electronics,Consumer,2,24.54,0,49.08,27.53
4076,2024-06-21,Europe,Spain,Tablet Stand,Electronics,Consumer,2,24.99,0,49.98,27.08
4077,2024-06-21,APAC,India,Smart Watch,Electronics,SMB,2,201.65,0.15,342.81,222.57
4078,2024-06-21,Europe,France,Vacuum Cleaner,Home,Enterprise,4,210.31,0,841.24,382.97
4079,2024-06-21,Europe,France,Bluetooth Speaker,Electronics,Consumer,1,63.59,0.15,54.05,34.56
4080,2024-06-21,North America,Canada,Bluetooth Speaker,Electronics,Enterprise,6,61.32,0,367.92,194.99
4081,2024-06-21,APAC,India,Bluetooth Speaker,Electronics,Enterprise,3,60.42,0,181.26,116.45
4082,2024-06-22,North America,Canada,Running Shoes,Apparel,SMB,4,81.87,0.2,261.98,152.41
4083,2024-06-22,North America,Canada,Bluetooth Speaker,Electronics,Consumer,3,63.15,0.05,179.98,90.26
4084,2024-06-22,Europe,UK,Smart Watch,Electronics,Consumer,1,183.34,0,183.34,103.89
4085,2024-06-22,LATAM,Mexico,Air Purifier,Home,SMB,3,137.94,0.05,393.13,221.81
4086,2024-06-22,Europe,UK,Wireless Headphones,Electronics,Consumer,1,88.83,0.15,75.51,39.21
4087,2024-06-22,North America,USA,Bluetooth Speaker,Electronics,SMB,2,63.25,0,126.5,62.87
4088,2024-06-22,Europe,Spain,Bluetooth Speaker,Electronics,SMB,1,54.44,0,54.44,25.22
4089,2024-06-22,Europe,France,Smart Watch,Electronics,Enterprise,3,202.75,0.05,577.84,330.13
4090,2024-06-23,LATAM,Mexico,Notebook Set,Office,SMB,1,16.07,0,16.07,8.23
4091,2024-06-23,Europe,Germany,Wireless Headphones,Electronics,Enterprise,3,91.46,0.1,246.94,128.77
4092,2024-06-23,APAC,India,Bluetooth Speaker,Electronics,Enterprise,3,57.57,0.2,138.17,78.94
4093,2024-06-23,North America,Canada,Rain Jacket,Apparel,Consumer,5,104.2,0,521.0,287.17
4094,2024-06-23,North America,Canada,Smart Watch,Electronics,Enterprise,8,186.03,0.2,1190.59,745.64
4095,2024-06-24,Europe,Germany,Tablet Stand,Electronics,Consumer,3,23.47,0.1,63.37,40.42
4096,2024-06-24,APAC,Japan,Rain Jacket,Apparel,Consumer,2,95.85,0.05,182.11,90.63
4097,2024-06-24,APAC,Australia,Air Purifier,Home,Consumer,1,134.22,0.1,120.8,67.93
4098,2024-06-24,North America,USA,Vacuum Cleaner,Home,SMB,1,207.06,0.15,176.0,100.99
4099,2024-06-24,North America,Canada,Denim Jacket,Apparel,Enterprise,4,70.5,0,282.0,160.28
4100,2024-06-25,North America,Canada,Vacuum Cleaner,Home,Consumer,1,225.14,0.05,213.88,110.4
4101,2024-06-25,APAC,Singapore,Standing Desk,Office,Enterprise,4,416.91,0.15,1417.49,793.7
4102,2024-06-25,North America,Canada,LED Desk Lamp,Home,SMB,5,40.42,0.2,161.68,78.75
4103,2024-06-25,Europe,UK,Smart Watch,Electronics,Enterprise,5,214.38,0,1071.9,558.38
4104,2024-06-25,Europe,France,Bluetooth Speaker,Electronics,SMB,3,57.42,0,172.26,88.24
4105,2024-06-25,Europe,UK,Rain Jacket,Apparel,SMB,2,91.23,0.05,173.34,110.28
4106,2024-06-25,North America,USA,Bluetooth Speaker,Electronics,Enterprise,4,59.92,0.2,191.74,99.34
4107,2024-06-25,North America,USA,Running Shoes,Apparel,Consumer,1,78.96,0.05,75.01,40.05
4108,2024-06-26,North America,Canada,Vacuum Cleaner,Home,Consumer,4,234.83,0.1,845.39,514.78
4109,2024-06-26,Europe,Spain,Wool Sweater,Apparel,SMB,1,93.43,0,93.43,56.15
4110,2024-06-26,Europe,Spain,Wireless Headphones,Electronics,SMB,5,90.74,0,453.7,227.33
4111,2024-06-26,Europe,France,Wireless Headphones,Electronics,SMB,5,96.02,0.1,432.09,209.11
4112,2024-06-26,APAC,Singapore,Ceramic Cookware Set,Home,SMB,2,139.64,0.1,251.35,158.5
4113,2024-06-26,North America,Canada,Wireless Headphones,Electronics,Consumer,1,95.07,0,95.07,58.63
4114,2024-06-26,Europe,Germany,Bluetooth Speaker,Electronics,SMB,1,56.37,0,56.37,34.1
4115,2024-06-27,LATAM,Brazil,Ergonomic Chair,Office,SMB,1,233.86,0.1,210.47,105.08
4116,2024-06-27,Europe,Spain,Wireless Headphones,Electronics,Consumer,1,92.14,0,92.14,49.39
4117,2024-06-27,APAC,Australia,Bluetooth Speaker,Electronics,SMB,2,55.25,0.1,99.45,56.46
4118,2024-06-27,North America,USA,Rain Jacket,Apparel,Consumer,1,96.75,0,96.75,47.7
4119,2024-06-27,LATAM,Brazil,Wool Sweater,Apparel,Enterprise,1,93.71,0,93.71,48.38
4120,2024-06-27,Europe,Germany,Smart Watch,Electronics,SMB,3,211.37,0,634.11,291.39
4121,2024-06-27,APAC,Australia,Monitor Arm,Office,Consumer,1,60.99,0.05,57.94,27.64
4122,2024-06-27,North America,USA,LED Desk Lamp,Home,Consumer,1,38.51,0.15,32.73,20.63
4123,2024-06-27,LATAM,Mexico,Notebook Set,Office,SMB,1,15.97,0.15,13.57,7.08
4124,2024-06-27,Europe,France,LED Desk Lamp,Home,Consumer,1,41.63,0,41.63,22.39
4125,2024-06-27,APAC,Japan,Rain Jacket,Apparel,SMB,1,92.66,0,92.66,56.77
4126,2024-06-27,North America,USA,Denim Jacket,Apparel,SMB,3,70.98,0.15,181.0,83.73
4127,2024-06-28,North America,Canada,Ceramic Cookware Set,Home,Enterprise,3,156.47,0.15,399.0,213.91
4128,2024-06-28,North America,USA,Tablet Stand,Electronics,Enterprise,4,25.36,0.05,96.37,59.98
4129,2024-06-28,Europe,Spain,Denim Jacket,Apparel,SMB,2,70.81,0.2,113.3,59.15
4130,2024-06-28,LATAM,Mexico,Rain Jacket,Apparel,SMB,1,93.03,0,93.03,45.49
4131,2024-06-28,North America,USA,Vacuum Cleaner,Home,SMB,4,212.38,0.05,807.04,508.21
4132,2024-06-28,Europe,France,LED Desk Lamp,Home,Consumer,2,41.24,0,82.48,41.39
4133,2024-06-28,North America,USA,Wireless Headphones,Electronics,SMB,1,90.0,0.05,85.5,46.17
4134,2024-06-28,LATAM,Brazil,Ergonomic Chair,Office,Enterprise,2,268.34,0.1,483.01,261.74
4135,2024-06-29,APAC,Singapore,LED Desk Lamp,Home,SMB,1,40.86,0.05,38.82,22.74
4136,2024-06-29,North America,Canada,Monitor Arm,Office,Consumer,5,59.86,0.2,239.44,109.06
4137,2024-06-29,Europe,France,Ceramic Cookware Set,Home,Consumer,1,141.25,0,141.25,67.05
4138,2024-06-29,Europe,Spain,Tablet Stand,Electronics,Enterprise,4,25.66,0,102.64,59.03
4139,2024-06-29,Europe,UK,Wireless Headphones,Electronics,SMB,1,94.89,0,94.89,56.22
4140,2024-06-29,North America,Canada,Rain Jacket,Apparel,SMB,5,94.46,0.05,448.68,255.6
4141,2024-06-29,Europe,France,LED Desk Lamp,Home,SMB,5,38.1,0,190.5,108.61
4142,2024-06-29,North America,USA,Air Purifier,Home,Consumer,1,123.62,0,123.62,70.06
4143,2024-06-30,APAC,India,Standing Desk,Office,Enterprise,1,423.7,0.2,338.96,211.32
4144,2024-06-30,Europe,Germany,Bluetooth Speaker,Electronics,Enterprise,3,59.99,0.15,152.97,88.42
4145,2024-06-30,North America,Canada,Bluetooth Speaker,Electronics,Enterprise,6,58.41,0.1,315.41,154.97
4146,2024-06-30,LATAM,Brazil,Wireless Headphones,Electronics,SMB,1,87.64,0.15,74.49,41.41
4147,2024-06-30,North America,Canada,Vacuum Cleaner,Home,Consumer,1,207.89,0,207.89,96.47
4148,2024-06-30,APAC,Singapore,Tablet Stand,Electronics,Enterprise,4,25.48,0,101.92,56.0
4149,2024-07-01,APAC,India,LED Desk Lamp,Home,Consumer,1,35.9,0,35.9,22.0
4150,2024-07-01,North America,USA,Monitor Arm,Office,SMB,1,60.9,0.2,48.72,30.69
4151,2024-07-01,LATAM,Mexico,Denim Jacket,Apparel,Enterprise,3,69.87,0.1,188.65,113.95
4152,2024-07-01,APAC,India,Wireless Headphones,Electronics,Consumer,1,86.6,0.15,73.61,42.34
4153,2024-07-01,Europe,France,Notebook Set,Office,Consumer,2,14.33,0,28.66,18.58
4154,2024-07-01,Europe,UK,Standing Desk,Office,SMB,2,391.97,0,783.94,457.1
4155,2024-07-01,APAC,Australia,Smart Watch,Electronics,Consumer,2,195.89,0.15,333.01,181.38
4156,2024-07-01,Europe,Spain,Air Purifier,Home,Consumer,2,129.94,0.1,233.89,150.8
4157,2024-07-02,North America,USA,Denim Jacket,Apparel,Consumer,1,66.02,0.15,56.12,31.24
4158,2024-07-02,Europe,UK,Rain Jacket,Apparel,SMB,1,103.69,0.2,82.95,39.3
4159,2024-07-02,Europe,Spain,Monitor Arm,Office,Consumer,3,59.2,0,177.6,106.34
4160,2024-07-02,Europe,Spain,Tablet Stand,Electronics,Enterprise,1,23.32,0,23.32,10.86
4161,2024-07-02,APAC,India,Bluetooth Speaker,Electronics,Enterprise,1,61.44,0,61.44,37.57
4162,2024-07-02,APAC,India,Tablet Stand,Electronics,Enterprise,1,26.1,0.15,22.19,11.17
4163,2024-07-02,North America,USA,Tablet Stand,Electronics,Consumer,1,25.89,0.15,22.01,11.8
4164,2024-07-03,North America,USA,Monitor Arm,Office,Consumer,1,59.66,0,59.66,31.17
4165,2024-07-03,Europe,Germany,Smart Watch,Electronics,SMB,6,202.77,0,1216.62,718.12
4166,2024-07-03,Europe,France,Wireless Headphones,Electronics,Enterprise,2,94.27,0.15,160.26,77.29
4167,2024-07-03,Europe,UK,Vacuum Cleaner,Home,SMB,3,228.65,0,685.95,445.05
4168,2024-07-03,Europe,UK,Rain Jacket,Apparel,Consumer,1,100.02,0.2,80.02,45.71
4169,2024-07-03,North America,Canada,Monitor Arm,Office,Consumer,1,63.41,0.1,57.07,32.38
4170,2024-07-03,North America,Canada,Running Shoes,Apparel,SMB,3,83.31,0.2,199.94,96.83
4171,2024-07-03,Europe,Spain,LED Desk Lamp,Home,Enterprise,1,39.59,0.15,33.65,16.88
4172,2024-07-03,Europe,Spain,Smart Watch,Electronics,Consumer,5,197.54,0,987.7,538.93
4173,2024-07-04,LATAM,Brazil,Notebook Set,Office,Consumer,2,15.13,0,30.26,14.08
4174,2024-07-04,APAC,Japan,Air Purifier,Home,Enterprise,1,134.55,0,134.55,71.3
4175,2024-07-04,Europe,Spain,Tablet Stand,Electronics,Consumer,1,26.39,0.15,22.43,11.24
4176,2024-07-04,APAC,Japan,Denim Jacket,Apparel,Enterprise,2,72.55,0,145.1,89.14
4177,2024-07-04,North America,USA,Ceramic Cookware Set,Home,Consumer,2,138.8,0,277.6,140.25
4178,2024-07-04,LATAM,Mexico,Standing Desk,Office,SMB,3,380.31,0.05,1083.88,534.76
4179,2024-07-04,LATAM,Brazil,Bluetooth Speaker,Electronics,SMB,1,55.31,0,55.31,27.35
4180,2024-07-04,LATAM,Brazil,Smart Watch,Electronics,SMB,3,183.83,0,551.49,341.34
4181,2024-07-05,North America,Canada,Ceramic Cookware Set,Home,Consumer,2,160.46,0,320.92,181.11
4182,2024-07-05,APAC,Singapore,Wool Sweater,Apparel,Consumer,1,87.39,0.2,69.91,42.2
4183,2024-07-05,LATAM,Brazil,Bluetooth Speaker,Electronics,Enterprise,1,57.6,0.1,51.84,30.21
4184,2024-07-05,Europe,Spain,Vacuum Cleaner,Home,Enterprise,1,201.78,0.2,161.42,91.46
4185,2024-07-06,Europe,France,Wireless Headphones,Electronics,SMB,5,85.05,0.05,403.99,261.64
4186,2024-07-06,North America,USA,Wireless Headphones,Electronics,Enterprise,1,82.95,0.15,70.51,42.71
4187,2024-07-06,APAC,Singapore,Air Purifier,Home,Consumer,2,138.33,0,276.66,140.01
4188,2024-07-06,North America,USA,Tablet Stand,Electronics,Consumer,2,23.38,0,46.76,29.08
4189,2024-07-06,APAC,Singapore,Tablet Stand,Electronics,Enterprise,1,26.53,0,26.53,13.65
4190,2024-07-07,North America,USA,Bluetooth Speaker,Electronics,Consumer,1,56.53,0,56.53,25.62
4191,2024-07-07,North America,USA,Tablet Stand,Electronics,SMB,36,26.36,0,948.96,468.96
4192,2024-07-07,North America,Canada,Monitor Arm,Office,SMB,1,55.77,0,55.77,25.93
4193,2024-07-07,Europe,UK,Notebook Set,Office,Consumer,2,14.03,0.2,22.45,11.04
4194,2024-07-07,APAC,India,Air Purifier,Home,Enterprise,3,123.42,0,370.26,193.24
4195,2024-07-07,North America,Canada,Tablet Stand,Electronics,Enterprise,1,26.63,0,26.63,12.53
4196,2024-07-07,North America,Canada,Denim Jacket,Apparel,Consumer,3,63.83,0,191.49,116.34
4197,2024-07-07,APAC,Australia,Notebook Set,Office,SMB,2,14.05,0,28.1,13.45
4198,2024-07-07,North America,USA,LED Desk Lamp,Home,Consumer,1,36.06,0,36.06,23.2
4199,2024-07-08,APAC,Japan,Notebook Set,Office,Consumer,1,14.59,0,14.59,8.04
4200,2024-07-08,North America,Canada,Tablet Stand,Electronics,Consumer,1,23.2,0.1,20.88,9.64
4201,2024-07-08,North America,USA,Denim Jacket,Apparel,SMB,4,66.94,0,267.76,133.59
4202,2024-07-08,North America,USA,Rain Jacket,Apparel,Consumer,1,104.69,0.15,88.99,48.8
4203,2024-07-08,North America,USA,Air Purifier,Home,Consumer,1,137.9,0,137.9,82.89
4204,2024-07-08,North America,USA,Rain Jacket,Apparel,Enterprise,1,96.25,0.2,77.0,48.27
4205,2024-07-09,North America,Canada,Rain Jacket,Apparel,SMB,3,103.12,0,309.36,155.74
4206,2024-07-09,North America,USA,Denim Jacket,Apparel,Consumer,1,69.1,0,69.1,44.71
4207,2024-07-09,Europe,Germany,Wool Sweater,Apparel,Enterprise,2,85.45,0.15,145.27,88.91
4208,2024-07-09,North America,USA,Smart Watch,Electronics,Enterprise,3,196.65,0,589.95,336.86
4209,2024-07-09,North America,USA,Tablet Stand,Electronics,SMB,1,24.97,0,24.97,12.5
4210,2024-07-09,North America,Canada,LED Desk Lamp,Home,SMB,1,41.28,0,41.28,26.25
4211,2024-07-09,North America,Canada,Air Purifier,Home,SMB,1,129.57,0,129.57,74.71
4212,2024-07-09,North America,Canada,Rain Jacket,Apparel,Consumer,2,100.71,0,201.42,127.8
4213,2024-07-10,APAC,India,Standing Desk,Office,Enterprise,1,376.98,0,376.98,231.42
4214,2024-07-10,North America,USA,Ceramic Cookware Set,Home,Enterprise,1,160.54,0,160.54,82.61
4215,2024-07-10,Europe,Germany,Smart Watch,Electronics,Consumer,2,195.97,0,391.94,214.06
4216,2024-07-10,Europe,UK,Air Purifier,Home,Enterprise,1,119.94,0.2,95.95,61.26
4217,2024-07-10,North America,Canada,Air Purifier,Home,Enterprise,1,129.04,0,129.04,70.12
4218,2024-07-10,North America,USA,Tablet Stand,Electronics,Consumer,3,25.0,0,75.0,35.9
4219,2024-07-10,Europe,Spain,Wool Sweater,Apparel,Enterprise,1,91.77,0.2,73.42,45.62
4220,2024-07-10,North America,USA,Smart Watch,Electronics,Consumer,1,193.02,0,193.02,96.09
4221,2024-07-10,Europe,Germany,Tablet Stand,Electronics,Consumer,1,24.37,0.15,20.71,11.12
4222,2024-07-10,Europe,Germany,Bluetooth Speaker,Electronics,Consumer,2,58.98,0.15,100.27,50.77
4223,2024-07-10,North America,USA,Rain Jacket,Apparel,Enterprise,1,96.56,0,96.56,58.74
4224,2024-07-10,Europe,France,Ceramic Cookware Set,Home,Consumer,2,160.26,0,320.52,172.6
4225,2024-07-10,North America,USA,Air Purifier,Home,SMB,3,128.85,0,386.55,202.06
4226,2024-07-11,Europe,France,LED Desk Lamp,Home,Enterprise,1,40.75,0.1,36.68,16.97
4227,2024-07-11,LATAM,Mexico,Bluetooth Speaker,Electronics,SMB,1,62.41,0.2,49.93,26.22
4228,2024-07-11,North America,USA,Vacuum Cleaner,Home,Enterprise,2,226.78,0,453.56,262.06
4229,2024-07-11,Europe,Germany,LED Desk Lamp,Home,Enterprise,2,37.95,0,75.9,35.17
4230,2024-07-11,North America,Canada,LED Desk Lamp,Home,Enterprise,1,36.72,0.2,29.38,17.86
4231,2024-07-11,Europe,Germany,Bluetooth Speaker,Electronics,SMB,1,58.76,0,58.76,34.59
4232,2024-07-11,APAC,India,LED Desk Lamp,Home,Enterprise,1,40.94,0.15,34.8,19.55
4233,2024-07-11,APAC,Australia,Running Shoes,Apparel,Enterprise,1,77.45,0.2,61.96,34.2
4234,2024-07-12,APAC,India,Smart Watch,Electronics,Enterprise,2,208.77,0.05,396.66,239.74
4235,2024-07-12,Europe,Spain,Running Shoes,Apparel,Consumer,1,84.2,0,84.2,41.72
4236,2024-07-12,LATAM,Mexico,Rain Jacket,Apparel,SMB,1,106.56,0.1,95.9,46.14
4237,2024-07-12,APAC,Singapore,Air Purifier,Home,Consumer,1,133.21,0.2,106.57,65.62
4238,2024-07-12,North America,Canada,Rain Jacket,Apparel,Consumer,1,104.06,0,104.06,64.0
4239,2024-07-12,North America,USA,Tablet Stand,Electronics,SMB,1,26.95,0.15,22.91,13.13
4240,2024-07-12,North America,USA,Smart Watch,Electronics,Enterprise,1,210.16,0,210.16,135.76
4241,2024-07-13,North America,Canada,Bluetooth Speaker,Electronics,Enterprise,1,62.35,0.15,53.0,31.69
4242,2024-07-13,Europe,UK,Standing Desk,Office,SMB,1,415.66,0,415.66,259.11
4243,2024-07-13,North America,USA,Standing Desk,Office,SMB,2,380.0,0,760.0,362.25
4244,2024-07-13,APAC,Japan,Rain Jacket,Apparel,SMB,1,102.03,0,102.03,62.75
4245,2024-07-13,LATAM,Mexico,Running Shoes,Apparel,SMB,1,74.37,0.2,59.5,27.09
4246,2024-07-13,Europe,France,Wool Sweater,Apparel,Consumer,2,90.4,0.1,162.72,81.11
4247,2024-07-13,LATAM,Brazil,Bluetooth Speaker,Electronics,SMB,1,60.08,0.2,48.06,22.27
4248,2024-07-13,LATAM,Brazil,Standing Desk,Office,Consumer,1,426.19,0,426.19,206.62
4249,2024-07-13,North America,USA,Tablet Stand,Electronics,Enterprise,2,23.66,0,47.32,29.22
4250,2024-07-13,APAC,Australia,Wireless Headphones,Electronics,Consumer,1,91.01,0,91.01,41.55
4251,2024-07-13,North America,USA,Tablet Stand,Electronics,SMB,2,23.93,0,47.86,30.24
4252,2024-07-14,LATAM,Brazil,Vacuum Cleaner,Home,Enterprise,4,228.08,0.05,866.7,517.71
4253,2024-07-14,North America,Canada,Monitor Arm,Office,SMB,1,60.18,0,60.18,34.05
4254,2024-07-14,Europe,UK,Monitor Arm,Office,Consumer,4,62.77,0.05,238.53,124.1
4255,2024-07-14,North America,Canada,Bluetooth Speaker,Electronics,SMB,2,55.81,0,111.62,54.84
4256,2024-07-15,LATAM,Brazil,Vacuum Cleaner,Home,SMB,1,219.82,0.15,186.85,104.03
4257,2024-07-15,Europe,Spain,LED Desk Lamp,Home,Consumer,2,39.91,0.2,63.86,33.57
4258,2024-07-15,North America,USA,Wool Sweater,Apparel,SMB,2,91.79,0,183.58,115.55
4259,2024-07-15,North America,USA,Wireless Headphones,Electronics,Enterprise,3,83.59,0,250.77,145.1
4260,2024-07-15,Europe,Germany,Rain Jacket,Apparel,SMB,2,96.32,0.05,183.01,113.06
4261,2024-07-15,Europe,Spain,Rain Jacket,Apparel,SMB,3,103.98,0.2,249.55,160.46
4262,2024-07-15,Europe,Germany,Running Shoes,Apparel,SMB,1,81.3,0,81.3,47.21
4263,2024-07-15,North America,USA,Bluetooth Speaker,Electronics,SMB,2,60.45,0.05,114.86,63.95
4264,2024-07-15,North America,Canada,Running Shoes,Apparel,Consumer,1,84.36,0,84.36,49.66
4265,2024-07-15,LATAM,Mexico,Denim Jacket,Apparel,Consumer,2,74.0,0,148.0,90.85
4266,2024-07-15,APAC,India,Wool Sweater,Apparel,SMB,4,95.03,0,380.12,209.35
4267,2024-07-16,Europe,UK,Wool Sweater,Apparel,Enterprise,1,86.59,0,86.59,50.59
4268,2024-07-16,North America,Canada,Wireless Headphones,Electronics,Consumer,1,84.98,0,84.98,42.25
4269,2024-07-16,North America,Canada,Tablet Stand,Electronics,Enterprise,3,24.1,0,72.3,43.23
4270,2024-07-16,North America,USA,LED Desk Lamp,Home,Enterprise,3,39.74,0,119.22,54.28
4271,2024-07-16,APAC,Japan,Smart Watch,Electronics,SMB,3,203.46,0,610.38,281.42
4272,2024-07-16,LATAM,Brazil,Ergonomic Chair,Office,Enterprise,1,268.69,0.15,228.39,138.92
4273,2024-07-17,LATAM,Brazil,Wireless Headphones,Electronics,SMB,2,93.2,0,186.4,104.68
4274,2024-07-17,Europe,UK,Denim Jacket,Apparel,Consumer,2,74.33,0,148.66,95.36
4275,2024-07-17,LATAM,Mexico,Wool Sweater,Apparel,Consumer,1,82.31,0.2,65.85,29.89
4276,2024-07-17,North America,USA,Tablet Stand,Electronics,Enterprise,1,23.11,0.05,21.95,13.28
4277,2024-07-17,Europe,UK,Running Shoes,Apparel,SMB,2,81.74,0.05,155.31,88.93
4278,2024-07-17,North America,USA,Rain Jacket,Apparel,Consumer,3,91.85,0,275.55,155.35
4279,2024-07-17,APAC,Australia,Notebook Set,Office,Consumer,1,15.31,0.15,13.01,7.6
4280,2024-07-18,North America,USA,Tablet Stand,Electronics,SMB,3,25.6,0.05,72.96,39.8
4281,2024-07-18,North America,USA,Wool Sweater,Apparel,Consumer,2,86.43,0.15,146.93,68.23
4282,2024-07-18,North America,USA,Wool Sweater,Apparel,Enterprise,1,87.41,0.15,74.3,38.19
4283,2024-07-18,Europe,UK,Wireless Headphones,Electronics,SMB,2,82.44,0,164.88,101.49
4284,2024-07-18,Europe,France,Tablet Stand,Electronics,SMB,3,24.09,0.05,68.66,31.69
4285,2024-07-18,Europe,Spain,Denim Jacket,Apparel,Consumer,2,73.58,0,147.16,74.34
4286,2024-07-18,LATAM,Brazil,Denim Jacket,Apparel,Consumer,1,70.79,0.15,60.17,27.53
4287,2024-07-18,Europe,France,Rain Jacket,Apparel,Consumer,1,95.23,0.15,80.95,36.69
4288,2024-07-18,APAC,Japan,Ergonomic Chair,Office,Enterprise,2,248.79,0,497.58,236.4
4289,2024-07-19,North America,Canada,Ergonomic Chair,Office,Consumer,4,253.9,0.1,914.04,554.22
4290,2024-07-19,APAC,Japan,Standing Desk,Office,SMB,3,404.47,0.1,1092.07,595.68
4291,2024-07-19,North America,USA,Notebook Set,Office,SMB,2,14.59,0.1,26.26,15.26
4292,2024-07-19,APAC,India,Ceramic Cookware Set,Home,Enterprise,2,160.86,0,321.72,165.15
4293,2024-07-19,Europe,Germany,Air Purifier,Home,Consumer,2,130.74,0.2,209.18,101.63
4294,2024-07-19,Europe,Spain,Ceramic Cookware Set,Home,Enterprise,4,155.94,0.05,592.57,325.49
4295,2024-07-19,North America,USA,Bluetooth Speaker,Electronics,SMB,3,57.66,0.1,155.68,88.46
4296,2024-07-19,North America,Canada,Tablet Stand,Electronics,Enterprise,3,24.07,0.15,61.38,34.63
4297,2024-07-19,North America,USA,LED Desk Lamp,Home,SMB,1,41.84,0,41.84,23.19
4298,2024-07-20,APAC,Japan,Smart Watch,Electronics,SMB,4,207.5,0.05,788.5,414.53
4299,2024-07-20,APAC,India,Notebook Set,Office,Consumer,1,14.76,0.15,12.55,6.87
4300,2024-07-20,Europe,Germany,Bluetooth Speaker,Electronics,SMB,5,55.19,0,275.95,160.25
4301,2024-07-20,Europe,UK,Running Shoes,Apparel,SMB,1,81.44,0,81.44,43.28
4302,2024-07-20,North America,Canada,Running Shoes,Apparel,Consumer,1,83.84,0,83.84,39.51
4303,2024-07-20,Europe,UK,Wireless Headphones,Electronics,Consumer,1,84.28,0.2,67.42,33.49
4304,2024-07-21,Europe,UK,Running Shoes,Apparel,Enterprise,3,76.82,0.15,195.89,100.08
4305,2024-07-21,APAC,India,Air Purifier,Home,SMB,2,120.21,0.15,204.36,117.5
4306,2024-07-21,North America,Canada,Wireless Headphones,Electronics,SMB,3,86.83,0.2,208.39,129.31
4307,2024-07-21,Europe,Germany,Ergonomic Chair,Office,Enterprise,1,264.33,0.15,224.68,124.27
4308,2024-07-21,Europe,France,Running Shoes,Apparel,Enterprise,5,84.98,0,424.9,275.84
4309,2024-07-22,North America,Canada,Air Purifier,Home,SMB,2,125.78,0.05,238.98,150.83
4310,2024-07-22,APAC,Australia,Monitor Arm,Office,Consumer,5,59.68,0,298.4,176.54
4311,2024-07-22,North America,USA,Wool Sweater,Apparel,Enterprise,2,92.25,0.2,147.6,95.55
4312,2024-07-22,APAC,India,Monitor Arm,Office,SMB,5,62.53,0.05,297.02,161.01
4313,2024-07-22,LATAM,Brazil,Wireless Headphones,Electronics,Consumer,1,95.56,0.15,81.23,39.56
4314,2024-07-22,APAC,India,Wireless Headphones,Electronics,SMB,3,94.46,0.15,240.87,154.28
4315,2024-07-22,APAC,Japan,Wireless Headphones,Electronics,Enterprise,1,82.66,0.1,74.39,45.68
4316,2024-07-22,LATAM,Brazil,Ceramic Cookware Set,Home,SMB,1,156.06,0.2,124.85,68.02
4317,2024-07-22,North America,USA,Vacuum Cleaner,Home,SMB,3,221.08,0,663.24,353.16
4318,2024-07-22,Europe,Spain,Wireless Headphones,Electronics,SMB,2,93.85,0.2,150.16,77.34
4319,2024-07-23,Europe,Spain,Wireless Headphones,Electronics,Enterprise,4,91.05,0,364.2,193.54
4320,2024-07-23,North America,Canada,Wool Sweater,Apparel,SMB,1,87.6,0.15,74.46,41.67
4321,2024-07-23,Europe,Germany,Rain Jacket,Apparel,SMB,1,99.98,0,99.98,45.44
4322,2024-07-23,Europe,Spain,Wool Sweater,Apparel,Consumer,1,93.91,0.1,84.52,41.65
4323,2024-07-23,Europe,Germany,LED Desk Lamp,Home,SMB,2,39.78,0,79.56,42.92
4324,2024-07-23,Europe,Spain,Wool Sweater,Apparel,SMB,2,94.59,0,189.18,114.27
4325,2024-07-23,North America,Canada,Ceramic Cookware Set,Home,SMB,2,140.69,0.05,267.31,138.87
4326,2024-07-23,Europe,France,Tablet Stand,Electronics,SMB,3,24.17,0.1,65.26,42.08
4327,2024-07-23,APAC,Australia,Air Purifier,Home,Consumer,4,124.03,0,496.12,300.92
4328,2024-07-24,APAC,Japan,Wireless Headphones,Electronics,SMB,1,91.46,0.15,77.74,39.06
4329,2024-07-24,APAC,Japan,Wireless Headphones,Electronics,Consumer,1,95.28,0,95.28,45.25
4330,2024-07-24,North America,Canada,Vacuum Cleaner,Home,SMB,2,207.71,0.15,353.11,171.02
4331,2024-07-24,APAC,Australia,Standing Desk,Office,Consumer,1,381.16,0.05,362.1,188.63
4332,2024-07-24,LATAM,Brazil,Running Shoes,Apparel,SMB,1,74.9,0,74.9,42.65
4333,2024-07-24,APAC,Japan,Tablet Stand,Electronics,Enterprise,1,23.19,0,23.19,11.0
4334,2024-07-24,North America,USA,Denim Jacket,Apparel,SMB,1,74.28,0,74.28,34.52
4335,2024-07-25,North America,USA,Tablet Stand,Electronics,Consumer,1,24.1,0.1,21.69,11.21
4336,2024-07-25,North America,Canada,Wireless Headphones,Electronics,SMB,1,83.93,0,83.93,43.55
4337,2024-07-25,LATAM,Mexico,Wool Sweater,Apparel,Enterprise,1,85.9,0,85.9,42.65
4338,2024-07-25,APAC,India,Tablet Stand,Electronics,SMB,3,26.43,0,79.29,40.61
4339,2024-07-25,North America,Canada,Denim Jacket,Apparel,Consumer,2,66.21,0,132.42,74.98
4340,2024-07-25,APAC,Singapore,Ceramic Cookware Set,Home,Enterprise,2,159.19,0,318.38,183.89
4341,2024-07-26,North America,Canada,Wireless Headphones,Electronics,Enterprise,2,84.59,0.15,143.8,68.08
4342,2024-07-26,Europe,France,Running Shoes,Apparel,Consumer,1,81.31,0.1,73.18,40.61
4343,2024-07-26,APAC,Japan,Air Purifier,Home,Enterprise,1,126.39,0,126.39,65.37
4344,2024-07-26,North America,Canada,Bluetooth Speaker,Electronics,Consumer,2,61.59,0.1,110.86,50.41
4345,2024-07-26,North America,USA,Smart Watch,Electronics,Consumer,3,195.51,0.1,527.88,299.06
4346,2024-07-26,APAC,Singapore,Tablet Stand,Electronics,SMB,1,25.38,0.05,24.11,12.94
4347,2024-07-27,APAC,Singapore,Ceramic Cookware Set,Home,SMB,4,159.86,0.15,543.52,335.2
4348,2024-07-27,LATAM,Brazil,Smart Watch,Electronics,SMB,1,211.99,0.1,190.79,118.61
4349,2024-07-27,North America,Canada,Tablet Stand,Electronics,Enterprise,1,25.48,0.15,21.66,12.39
4350,2024-07-27,APAC,India,Vacuum Cleaner,Home,Enterprise,1,214.91,0.15,182.67,116.99
4351,2024-07-27,LATAM,Mexico,Denim Jacket,Apparel,Consumer,2,64.92,0.1,116.86,61.78
4352,2024-07-28,Europe,UK,Air Purifier,Home,SMB,3,135.36,0,406.08,263.0
4353,2024-07-28,North America,USA,LED Desk Lamp,Home,SMB,3,39.59,0.2,95.02,58.37
4354,2024-07-28,North America,Canada,Running Shoes,Apparel,Consumer,1,78.57,0,78.57,36.31
4355,2024-07-28,LATAM,Brazil,LED Desk Lamp,Home,SMB,1,39.95,0,39.95,25.54
4356,2024-07-29,APAC,Japan,Monitor Arm,Office,SMB,2,59.42,0.05,112.9,72.87
4357,2024-07-29,North America,USA,Wireless Headphones,Electronics,Enterprise,3,87.75,0.15,223.76,103.94
4358,2024-07-29,APAC,Singapore,Tablet Stand,Electronics,Enterprise,1,24.41,0.1,21.97,13.62
4359,2024-07-29,North America,USA,Smart Watch,Electronics,Enterprise,1,211.87,0.1,190.68,113.84
4360,2024-07-29,LATAM,Mexico,Notebook Set,Office,SMB,2,14.08,0.2,22.53,11.89
4361,2024-07-30,APAC,Singapore,LED Desk Lamp,Home,Consumer,1,37.09,0,37.09,16.87
4362,2024-07-30,Europe,Spain,Tablet Stand,Electronics,SMB,4,26.07,0,104.28,64.0
4363,2024-07-30,Europe,UK,Ceramic Cookware Set,Home,SMB,4,141.14,0.1,508.1,266.79
4364,2024-07-30,APAC,Japan,Monitor Arm,Office,Consumer,3,61.59,0.1,166.29,100.41
4365,2024-07-30,North America,USA,Monitor Arm,Office,Enterprise,1,56.62,0.15,48.13,22.39
4366,2024-07-30,APAC,Australia,Tablet Stand,Electronics,Enterprise,5,24.96,0,124.8,60.92
4367,2024-07-30,LATAM,Brazil,LED Desk Lamp,Home,Consumer,1,37.79,0,37.79,22.47
4368,2024-07-30,North America,Canada,Running Shoes,Apparel,Enterprise,2,81.0,0.2,129.6,74.25
4369,2024-07-30,North America,Canada,Tablet Stand,Electronics,Consumer,1,24.51,0,24.51,14.21
4370,2024-07-30,Europe,UK,Wireless Headphones,Electronics,Consumer,3,85.45,0,256.35,154.75
4371,2024-07-30,North America,Canada,Denim Jacket,Apparel,Enterprise,1,72.0,0.05,68.4,36.36
4372,2024-07-30,North America,USA,Running Shoes,Apparel,Consumer,1,74.23,0.15,63.1,28.75
4373,2024-07-31,Europe,Germany,Rain Jacket,Apparel,Enterprise,5,98.49,0.15,418.58,226.73
4374,2024-07-31,Europe,France,Monitor Arm,Office,Enterprise,1,56.56,0,56.56,31.03
4375,2024-07-31,APAC,India,Wireless Headphones,Electronics,SMB,2,94.53,0.05,179.61,113.16
4376,2024-07-31,APAC,Australia,LED Desk Lamp,Home,SMB,3,36.37,0.15,92.74,56.52
4377,2024-07-31,APAC,Japan,Ceramic Cookware Set,Home,Consumer,3,155.72,0,467.16,290.17
4378,2024-07-31,LATAM,Mexico,Wool Sweater,Apparel,Consumer,1,86.23,0,86.23,48.11
4379,2024-07-31,Europe,Spain,Ergonomic Chair,Office,Enterprise,2,263.57,0,527.14,319.32
4380,2024-08-01,North America,Canada,Smart Watch,Electronics,Consumer,1,191.21,0.2,152.97,73.9
4381,2024-08-01,North America,Canada,Air Purifier,Home,Consumer,2,130.35,0,260.7,124.48
4382,2024-08-01,North America,USA,Bluetooth Speaker,Electronics,Enterprise,1,60.04,0,60.04,36.1
4383,2024-08-01,North America,USA,Wireless Headphones,Electronics,SMB,3,91.11,0.05,259.66,133.13
4384,2024-08-01,North America,Canada,LED Desk Lamp,Home,Consumer,2,37.88,0,75.76,41.58
4385,2024-08-01,LATAM,Mexico,Ceramic Cookware Set,Home,Enterprise,1,147.36,0,147.36,79.39
4386,2024-08-02,LATAM,Brazil,Notebook Set,Office,SMB,1,15.32,0,15.32,7.33
4387,2024-08-02,APAC,Australia,Bluetooth Speaker,Electronics,SMB,1,60.11,0,60.11,29.59
4388,2024-08-02,North America,Canada,LED Desk Lamp,Home,Enterprise,1,36.73,0,36.73,18.57
4389,2024-08-02,Europe,Spain,Wireless Headphones,Electronics,Enterprise,3,87.04,0.05,248.06,120.24
4390,2024-08-02,Europe,Spain,Running Shoes,Apparel,SMB,1,73.26,0.2,58.61,32.97
4391,2024-08-02,North America,USA,Bluetooth Speaker,Electronics,SMB,1,62.05,0.2,49.64,30.67
4392,2024-08-02,LATAM,Mexico,Air Purifier,Home,SMB,1,122.89,0.2,98.31,52.6
4393,2024-08-02,North America,USA,Denim Jacket,Apparel,Enterprise,3,69.69,0.2,167.26,87.36
4394,2024-08-02,APAC,Singapore,Notebook Set,Office,Consumer,3,15.25,0.05,43.46,24.27
4395,2024-08-02,APAC,India,LED Desk Lamp,Home,SMB,2,38.4,0,76.8,36.06
4396,2024-08-02,LATAM,Brazil,Bluetooth Speaker,Electronics,Consumer,1,57.12,0.05,54.26,25.22
4397,2024-08-03,North America,USA,Denim Jacket,Apparel,Enterprise,1,71.4,0,71.4,32.7
4398,2024-08-03,Europe,France,Notebook Set,Office,Consumer,4,15.83,0.1,56.99,29.23
4399,2024-08-03,LATAM,Mexico,Bluetooth Speaker,Electronics,Consumer,3,56.33,0.1,152.09,79.36
4400,2024-08-03,Europe,France,Wireless Headphones,Electronics,Enterprise,2,90.45,0.2,144.72,70.36
4401,2024-08-03,North America,USA,Smart Watch,Electronics,Consumer,1,202.02,0.2,161.62,94.02
4402,2024-08-03,Europe,France,Rain Jacket,Apparel,Enterprise,3,94.57,0.15,241.15,132.27
4403,2024-08-03,APAC,India,Wireless Headphones,Electronics,Enterprise,1,95.03,0,95.03,46.93
4404,2024-08-04,Europe,France,Running Shoes,Apparel,Consumer,3,75.69,0,227.07,109.81
4405,2024-08-04,North America,USA,Bluetooth Speaker,Electronics,Enterprise,1,62.59,0.1,56.33,29.43
4406,2024-08-04,North America,USA,Bluetooth Speaker,Electronics,Enterprise,4,63.31,0.1,227.92,104.51
4407,2024-08-04,APAC,Australia,Tablet Stand,Electronics,Consumer,1,24.11,0,24.11,14.71
4408,2024-08-04,Europe,UK,Bluetooth Speaker,Electronics,SMB,4,60.4,0.15,205.36,118.25
4409,2024-08-04,APAC,India,Vacuum Cleaner,Home,SMB,3,220.87,0.1,596.35,325.81
4410,2024-08-04,Europe,UK,Rain Jacket,Apparel,Enterprise,1,101.91,0,101.91,61.63
4411,2024-08-04,APAC,Australia,LED Desk Lamp,Home,Enterprise,1,40.91,0,40.91,23.98
4412,2024-08-04,Europe,France,Ceramic Cookware Set,Home,Enterprise,1,149.93,0.2,119.94,77.54
4413,2024-08-04,North America,Canada,Air Purifier,Home,SMB,4,119.56,0.15,406.5,248.5
4414,2024-08-05,Europe,Germany,Smart Watch,Electronics,SMB,1,197.89,0.05,188.0,110.0
4415,2024-08-05,LATAM,Mexico,Notebook Set,Office,Consumer,3,14.6,0.15,37.23,22.43
4416,2024-08-05,Europe,UK,LED Desk Lamp,Home,SMB,4,39.08,0.1,140.69,90.1
4417,2024-08-05,Europe,UK,Monitor Arm,Office,Enterprise,1,59.36,0.2,47.49,26.78
4418,2024-08-05,North America,Canada,Air Purifier,Home,Consumer,1,132.33,0.2,105.86,48.21
4419,2024-08-05,LATAM,Mexico,Standing Desk,Office,Consumer,1,370.69,0.15,315.09,146.06
4420,2024-08-05,North America,Canada,Wool Sweater,Apparel,SMB,4,95.08,0,380.32,181.83
4421,2024-08-05,APAC,Australia,Standing Desk,Office,Consumer,2,410.38,0.05,779.72,490.08
4422,2024-08-05,APAC,Australia,Ceramic Cookware Set,Home,SMB,2,159.56,0,319.12,190.77
4423,2024-08-06,APAC,India,Air Purifier,Home,SMB,1,129.34,0,129.34,79.34
4424,2024-08-06,North America,Canada,Ergonomic Chair,Office,SMB,5,247.74,0.1,1114.83,702.37
4425,2024-08-06,North America,Canada,Tablet Stand,Electronics,SMB,2,24.94,0.15,42.4,26.12
4426,2024-08-06,North America,Canada,Bluetooth Speaker,Electronics,Enterprise,2,54.9,0.2,87.84,49.05
4427,2024-08-06,North America,USA,Wireless Headphones,Electronics,Consumer,1,89.87,0.1,80.88,42.19
4428,2024-08-06,Europe,Spain,Running Shoes,Apparel,Consumer,3,81.76,0.2,196.22,113.31
4429,2024-08-06,Europe,Germany,Ergonomic Chair,Office,Consumer,1,267.73,0.15,227.57,123.35
4430,2024-08-06,Europe,France,Rain Jacket,Apparel,Enterprise,2,102.51,0,205.02,97.89
4431,2024-08-06,Europe,Spain,Denim Jacket,Apparel,Enterprise,3,70.93,0.15,180.87,100.97
4432,2024-08-07,North America,Canada,Denim Jacket,Apparel,Enterprise,1,70.76,0,70.76,37.84
4433,2024-08-07,LATAM,Brazil,Rain Jacket,Apparel,Enterprise,2,100.21,0,200.42,114.05
4434,2024-08-07,Europe,Spain,Smart Watch,Electronics,SMB,2,199.09,0.2,318.54,185.86
4435,2024-08-07,Europe,France,Wool Sweater,Apparel,Consumer,1,83.59,0.05,79.41,43.57
4436,2024-08-07,North America,USA,Running Shoes,Apparel,SMB,1,78.66,0.2,62.93,40.09
4437,2024-08-07,LATAM,Brazil,Tablet Stand,Electronics,Consumer,1,25.78,0,25.78,16.74
4438,2024-08-07,APAC,India,Ergonomic Chair,Office,SMB,1,236.3,0,236.3,118.39
4439,2024-08-07,Europe,Germany,Wireless Headphones,Electronics,Consumer,2,94.55,0.1,170.19,95.66
4440,2024-08-07,North America,Canada,Monitor Arm,Office,SMB,2,54.41,0,108.82,49.78
4441,2024-08-07,Europe,Spain,Wireless Headphones,Electronics,Consumer,2,85.85,0.05,163.11,87.08
4442,2024-08-07,North America,USA,Tablet Stand,Electronics,SMB,2,25.89,0.2,41.42,19.41
4443,2024-08-07,Europe,UK,Notebook Set,Office,Consumer,1,14.4,0,14.4,7.22
4444,2024-08-07,North America,Canada,Wool Sweater,Apparel,Enterprise,2,87.45,0.05,166.16,102.63
4445,2024-08-08,Europe,Spain,Monitor Arm,Office,SMB,3,57.13,0,171.39,104.71
4446,2024-08-08,North America,Canada,Bluetooth Speaker,Electronics,SMB,4,59.78,0,239.12,119.86
4447,2024-08-08,APAC,Singapore,Monitor Arm,Office,Consumer,1,55.46,0,55.46,29.4
4448,2024-08-08,LATAM,Brazil,Smart Watch,Electronics,Consumer,2,195.77,0,391.54,195.03
4449,2024-08-08,LATAM,Brazil,Denim Jacket,Apparel,Consumer,2,64.2,0,128.4,80.02
4450,2024-08-08,Europe,UK,Wool Sweater,Apparel,Enterprise,1,94.41,0.15,80.25,40.64
4451,2024-08-08,North America,Canada,Ceramic Cookware Set,Home,Consumer,4,149.5,0.2,478.4,263.71
4452,2024-08-08,North America,USA,Bluetooth Speaker,Electronics,Consumer,3,57.71,0,173.13,92.04
4453,2024-08-08,APAC,India,Ceramic Cookware Set,Home,Enterprise,2,148.18,0.2,237.09,151.25
4454,2024-08-08,APAC,Australia,Wireless Headphones,Electronics,SMB,1,94.54,0.05,89.81,54.18
4455,2024-08-08,APAC,India,Running Shoes,Apparel,SMB,3,80.66,0.1,217.78,102.69
4456,2024-08-08,Europe,UK,Denim Jacket,Apparel,SMB,3,64.16,0,192.48,90.84
4457,2024-08-09,APAC,India,Denim Jacket,Apparel,Consumer,1,64.23,0.2,51.38,30.31
4458,2024-08-09,Europe,UK,Wool Sweater,Apparel,Consumer,1,83.67,0.05,79.49,47.19
4459,2024-08-09,North America,USA,Rain Jacket,Apparel,Consumer,4,103.73,0.15,352.68,181.46
4460,2024-08-09,Europe,Spain,Smart Watch,Electronics,Consumer,3,203.8,0.15,519.69,283.79
4461,2024-08-09,Europe,UK,Tablet Stand,Electronics,Consumer,3,25.51,0,76.53,37.21
4462,2024-08-09,Europe,Germany,Smart Watch,Electronics,SMB,3,190.35,0.15,485.39,250.1
4463,2024-08-09,North America,USA,Wool Sweater,Apparel,SMB,1,86.26,0.05,81.95,42.33
4464,2024-08-09,APAC,India,Tablet Stand,Electronics,Enterprise,3,26.06,0.15,66.45,39.28
4465,2024-08-09,Europe,France,Wireless Headphones,Electronics,Consumer,2,86.85,0,173.7,85.75
4466,2024-08-09,APAC,Japan,Denim Jacket,Apparel,SMB,3,71.15,0,213.45,120.66
4467,2024-08-10,Europe,UK,Denim Jacket,Apparel,Consumer,3,73.73,0,221.19,100.55
4468,2024-08-10,LATAM,Brazil,Smart Watch,Electronics,Enterprise,4,189.32,0.05,719.42,394.0
4469,2024-08-10,APAC,India,Rain Jacket,Apparel,Consumer,4,106.24,0.2,339.97,204.48
4470,2024-08-10,North America,USA,Wool Sweater,Apparel,Consumer,1,95.28,0.15,80.99,40.79
4471,2024-08-10,Europe,Spain,Wireless Headphones,Electronics,Consumer,2,86.14,0.2,137.82,70.19
4472,2024-08-11,Europe,Spain,LED Desk Lamp,Home,Consumer,3,38.75,0.1,104.62,65.12
4473,2024-08-11,LATAM,Mexico,Ergonomic Chair,Office,Consumer,1,259.31,0,259.31,141.09
4474,2024-08-11,LATAM,Mexico,Running Shoes,Apparel,SMB,1,84.62,0.05,80.39,50.71
4475,2024-08-11,Europe,France,Denim Jacket,Apparel,SMB,2,67.31,0.05,127.89,61.57
4476,2024-08-11,LATAM,Mexico,Bluetooth Speaker,Electronics,Enterprise,1,61.13,0.2,48.9,27.71
4477,2024-08-11,APAC,India,Wireless Headphones,Electronics,Enterprise,3,86.46,0.1,233.44,126.38
4478,2024-08-12,North America,Canada,Denim Jacket,Apparel,Enterprise,1,64.39,0.1,57.95,34.72
4479,2024-08-12,APAC,Australia,Vacuum Cleaner,Home,Consumer,2,207.37,0,414.74,194.6
4480,2024-08-12,LATAM,Brazil,Vacuum Cleaner,Home,Consumer,1,224.15,0.05,212.94,132.12
4481,2024-08-12,Europe,UK,Notebook Set,Office,SMB,4,14.19,0.15,48.25,22.65
4482,2024-08-12,North America,Canada,Wireless Headphones,Electronics,Consumer,1,93.71,0,93.71,47.79
4483,2024-08-12,Europe,France,Standing Desk,Office,Enterprise,2,414.65,0,829.3,501.28
4484,2024-08-12,APAC,Japan,Ergonomic Chair,Office,Enterprise,1,248.57,0,248.57,135.87
4485,2024-08-12,APAC,Australia,Wool Sweater,Apparel,Consumer,1,83.81,0.05,79.62,39.79
4486,2024-08-12,North America,USA,Wool Sweater,Apparel,Consumer,1,84.01,0.15,71.41,39.03
4487,2024-08-13,Europe,Spain,Standing Desk,Office,Consumer,1,409.06,0.1,368.15,239.18
4488,2024-08-13,APAC,India,Tablet Stand,Electronics,SMB,1,26.47,0.2,21.18,12.79
4489,2024-08-13,LATAM,Mexico,Wool Sweater,Apparel,SMB,1,90.28,0.15,76.74,38.81
4490,2024-08-13,Europe,France,Rain Jacket,Apparel,Enterprise,3,91.85,0,275.55,164.32
4491,2024-08-13,LATAM,Brazil,Notebook Set,Office,SMB,1,15.58,0,15.58,9.18
4492,2024-08-13,North America,Canada,Vacuum Cleaner,Home,SMB,1,229.05,0.15,194.69,124.45
4493,2024-08-13,APAC,Singapore,Wireless Headphones,Electronics,Consumer,1,81.94,0.2,65.55,30.12
4494,2024-08-13,Europe,France,Bluetooth Speaker,Electronics,SMB,2,54.54,0,109.08,63.92
4495,2024-08-13,North America,USA,Air Purifier,Home,Enterprise,1,121.37,0,121.37,66.93
4496,2024-08-13,LATAM,Brazil,Monitor Arm,Office,Consumer,1,62.82,0,62.82,33.45
4497,2024-08-13,Europe,UK,Running Shoes,Apparel,Enterprise,1,85.21,0.05,80.95,44.95
4498,2024-08-13,APAC,Australia,Vacuum Cleaner,Home,Consumer,2,202.03,0.2,323.25,184.41
4499,2024-08-14,LATAM,Mexico,Running Shoes,Apparel,SMB,1,78.72,0.15,66.91,41.72
4500,2024-08-14,North America,Canada,Smart Watch,Electronics,Consumer,2,200.33,0.1,360.59,162.74
4501,2024-08-14,Europe,France,Smart Watch,Electronics,Consumer,1,189.86,0,189.86,94.75
4502,2024-08-14,Europe,UK,Notebook Set,Office,SMB,3,14.19,0.15,36.18,16.5
4503,2024-08-14,North America,USA,Tablet Stand,Electronics,Consumer,1,26.63,0.2,21.3,10.53
4504,2024-08-14,LATAM,Brazil,LED Desk Lamp,Home,SMB,1,41.03,0,41.03,26.24
4505,2024-08-14,Europe,Spain,LED Desk Lamp,Home,Consumer,1,40.1,0.15,34.09,16.95
4506,2024-08-14,North America,USA,Rain Jacket,Apparel,SMB,1,100.79,0.2,80.63,37.16
4507,2024-08-14,APAC,Australia,Smart Watch,Electronics,Enterprise,1,200.4,0.05,190.38,93.3
4508,2024-08-15,North America,USA,Vacuum Cleaner,Home,SMB,2,213.65,0,427.3,247.97
4509,2024-08-15,LATAM,Brazil,Air Purifier,Home,Consumer,1,119.96,0.2,95.97,51.67
4510,2024-08-15,North America,USA,Tablet Stand,Electronics,Enterprise,2,25.7,0.05,48.83,31.38
4511,2024-08-15,North America,USA,Wool Sweater,Apparel,Consumer,1,94.16,0.2,75.33,47.51
4512,2024-08-15,Europe,UK,Ceramic Cookware Set,Home,Enterprise,1,141.16,0,141.16,79.97
4513,2024-08-15,North America,Canada,Bluetooth Speaker,Electronics,Consumer,2,60.57,0,121.14,60.06
4514,2024-08-15,Europe,France,Wireless Headphones,Electronics,Enterprise,3,93.62,0,280.86,172.05
4515,2024-08-15,North America,Canada,Notebook Set,Office,Consumer,1,15.48,0.1,13.93,8.11
4516,2024-08-15,North America,Canada,Ceramic Cookware Set,Home,Enterprise,2,152.2,0.15,258.74,152.57
4517,2024-08-15,LATAM,Brazil,Rain Jacket,Apparel,Consumer,1,100.26,0.2,80.21,41.6
4518,2024-08-15,North America,Canada,Wireless Headphones,Electronics,SMB,4,89.13,0,356.52,172.57
4519,2024-08-15,LATAM,Mexico,Monitor Arm,Office,Enterprise,1,55.52,0,55.52,32.36
4520,2024-08-16,Europe,UK,Ceramic Cookware Set,Home,Enterprise,1,155.07,0,155.07,76.25
4521,2024-08-16,North America,USA,Ceramic Cookware Set,Home,Consumer,3,142.12,0.1,383.72,199.66
4522,2024-08-16,APAC,Singapore,Ergonomic Chair,Office,Enterprise,3,245.01,0.15,624.78,323.7
4523,2024-08-16,North America,Canada,Air Purifier,Home,Enterprise,1,129.57,0.05,123.09,77.05
4524,2024-08-16,Europe,France,Bluetooth Speaker,Electronics,SMB,3,61.23,0,183.69,119.17
4525,2024-08-17,Europe,UK,Denim Jacket,Apparel,SMB,3,73.14,0,219.42,136.03
4526,2024-08-17,APAC,Japan,Denim Jacket,Apparel,SMB,5,69.68,0.05,330.98,195.44
4527,2024-08-17,Europe,Germany,Wireless Headphones,Electronics,SMB,4,87.16,0,348.64,204.34
4528,2024-08-17,North America,USA,Wireless Headphones,Electronics,Consumer,1,88.96,0,88.96,47.67
4529,2024-08-17,North America,USA,LED Desk Lamp,Home,Enterprise,1,38.78,0,38.78,17.79
4530,2024-08-17,North America,USA,Ceramic Cookware Set,Home,SMB,2,152.51,0.1,274.52,126.51
4531,2024-08-17,Europe,Germany,Wireless Headphones,Electronics,Consumer,1,91.68,0,91.68,50.07
4532,2024-08-17,North America,Canada,LED Desk Lamp,Home,Consumer,2,39.01,0,78.02,41.31
4533,2024-08-17,North America,Canada,Denim Jacket,Apparel,Consumer,1,73.32,0,73.32,43.62
4534,2024-08-17,APAC,Singapore,Wool Sweater,Apparel,SMB,1,82.28,0.05,78.17,45.29
4535,2024-08-18,APAC,Australia,Monitor Arm,Office,SMB,4,61.6,0,246.4,130.22
4536,2024-08-18,LATAM,Brazil,Ceramic Cookware Set,Home,Consumer,1,156.51,0.1,140.86,82.33
4537,2024-08-18,Europe,UK,Denim Jacket,Apparel,SMB,1,71.16,0,71.16,33.35
4538,2024-08-18,Europe,Spain,Tablet Stand,Electronics,SMB,2,24.31,0.1,43.76,21.98
4539,2024-08-18,North America,Canada,Wireless Headphones,Electronics,Enterprise,1,92.09,0.2,73.67,35.09
4540,2024-08-18,Europe,Spain,Denim Jacket,Apparel,SMB,4,66.76,0.2,213.63,136.89
4541,2024-08-18,North America,Canada,Rain Jacket,Apparel,Enterprise,2,91.44,0.15,155.45,72.64
4542,2024-08-18,LATAM,Brazil,Wool Sweater,Apparel,SMB,1,85.22,0,85.22,44.01
4543,2024-08-18,LATAM,Brazil,Tablet Stand,Electronics,Consumer,1,25.12,0.2,20.1,9.7
4544,2024-08-18,APAC,Australia,Tablet Stand,Electronics,Consumer,1,25.09,0.1,22.58,12.12
4545,2024-08-18,APAC,Japan,Wireless Headphones,Electronics,SMB,1,91.44,0.2,73.15,47.54
4546,2024-08-18,APAC,Australia,Standing Desk,Office,Consumer,2,414.6,0,829.2,432.77
4547,2024-08-19,LATAM,Mexico,Wool Sweater,Apparel,Enterprise,1,94.71,0,94.71,42.64
4548,2024-08-19,North America,USA,Denim Jacket,Apparel,Enterprise,22,67.79,0.05,1416.81,747.89
4549,2024-08-19,Europe,France,Monitor Arm,Office,Enterprise,2,54.83,0.15,93.21,46.56
4550,2024-08-19,Europe,Germany,Smart Watch,Electronics,Enterprise,1,183.75,0,183.75,99.47
4551,2024-08-20,LATAM,Brazil,Ceramic Cookware Set,Home,Consumer,1,150.85,0.15,128.22,59.02
4552,2024-08-20,North America,USA,Rain Jacket,Apparel,SMB,4,101.66,0.1,365.98,203.31
4553,2024-08-20,APAC,Singapore,Ceramic Cookware Set,Home,Enterprise,2,145.14,0,290.28,187.7
4554,2024-08-20,North America,Canada,Running Shoes,Apparel,Enterprise,5,78.94,0,394.7,203.94
4555,2024-08-20,North America,Canada,LED Desk Lamp,Home,Consumer,1,41.68,0,41.68,23.21
4556,2024-08-20,Europe,France,Vacuum Cleaner,Home,Consumer,3,224.56,0.2,538.94,248.46
4557,2024-08-20,Europe,Spain,Air Purifier,Home,SMB,3,126.38,0.05,360.18,212.21
4558,2024-08-21,Europe,Germany,Monitor Arm,Office,Consumer,5,54.93,0,274.65,157.87
4559,2024-08-21,APAC,Singapore,Ergonomic Chair,Office,Enterprise,2,259.31,0.2,414.9,230.15
4560,2024-08-21,Europe,UK,Ceramic Cookware Set,Home,Enterprise,1,138.51,0.1,124.66,72.24
4561,2024-08-21,APAC,Australia,Bluetooth Speaker,Electronics,Consumer,1,59.77,0.15,50.8,28.41
4562,2024-08-22,APAC,Japan,Vacuum Cleaner,Home,SMB,1,224.96,0.2,179.97,86.78
4563,2024-08-22,Europe,France,Denim Jacket,Apparel,Consumer,3,70.11,0,210.33,115.85
4564,2024-08-22,APAC,India,Ergonomic Chair,Office,Enterprise,1,240.3,0.05,228.28,120.14
4565,2024-08-22,LATAM,Brazil,Tablet Stand,Electronics,Enterprise,2,24.49,0.05,46.53,27.64
4566,2024-08-22,LATAM,Brazil,LED Desk Lamp,Home,SMB,3,40.1,0,120.3,54.76
4567,2024-08-22,Europe,France,Running Shoes,Apparel,Consumer,1,80.81,0,80.81,44.44
4568,2024-08-22,Europe,France,LED Desk Lamp,Home,Consumer,1,38.92,0,38.92,20.38
4569,2024-08-22,LATAM,Brazil,Wool Sweater,Apparel,Consumer,1,84.34,0.15,71.69,37.02
4570,2024-08-22,North America,USA,Tablet Stand,Electronics,Consumer,2,25.14,0,50.28,25.36
4571,2024-08-22,North America,Canada,Ergonomic Chair,Office,SMB,4,241.71,0.1,870.16,418.66
4572,2024-08-22,Europe,Germany,Denim Jacket,Apparel,Consumer,4,63.85,0.2,204.32,123.57
4573,2024-08-23,Europe,Germany,Vacuum Cleaner,Home,SMB,5,236.3,0.2,945.2,503.37
4574,2024-08-23,LATAM,Mexico,Wireless Headphones,Electronics,Enterprise,1,87.53,0.2,70.02,44.25
4575,2024-08-23,Europe,Spain,Tablet Stand,Electronics,Consumer,1,23.65,0.05,22.47,12.93
4576,2024-08-23,North America,USA,Wireless Headphones,Electronics,SMB,3,91.01,0,273.03,162.93
4577,2024-08-23,APAC,Australia,Bluetooth Speaker,Electronics,Consumer,1,54.84,0.05,52.1,23.65
4578,2024-08-24,APAC,Singapore,Monitor Arm,Office,Enterprise,2,57.95,0.1,104.31,53.86
4579,2024-08-24,APAC,Singapore,Vacuum Cleaner,Home,SMB,3,227.66,0.2,546.38,280.7
4580,2024-08-24,North America,Canada,Wool Sweater,Apparel,Enterprise,3,86.82,0,260.46,136.63
4581,2024-08-24,North America,Canada,Running Shoes,Apparel,Consumer,2,78.57,0.1,141.43,77.09
4582,2024-08-24,North America,Canada,Tablet Stand,Electronics,SMB,2,23.03,0.1,41.45,25.16
4583,2024-08-24,LATAM,Brazil,Denim Jacket,Apparel,SMB,1,66.76,0,66.76,30.66
4584,2024-08-24,LATAM,Mexico,Running Shoes,Apparel,Consumer,1,78.22,0.05,74.31,36.54
4585,2024-08-24,Europe,UK,LED Desk Lamp,Home,Enterprise,4,38.17,0,152.68,92.77
4586,2024-08-24,LATAM,Mexico,Ceramic Cookware Set,Home,SMB,4,154.17,0.2,493.34,233.93
4587,2024-08-24,Europe,Germany,Denim Jacket,Apparel,Consumer,1,67.81,0.2,54.25,33.15
4588,2024-08-24,APAC,Australia,Ceramic Cookware Set,Home,Consumer,1,148.3,0.1,133.47,62.64
4589,2024-08-25,North America,Canada,Standing Desk,Office,Consumer,1,421.2,0,421.2,273.1
4590,2024-08-25,LATAM,Brazil,LED Desk Lamp,Home,Enterprise,1,41.58,0.15,35.34,18.37
4591,2024-08-25,APAC,Singapore,Air Purifier,Home,SMB,1,135.47,0,135.47,61.72
4592,2024-08-25,APAC,India,Wireless Headphones,Electronics,SMB,4,95.73,0.15,325.48,171.85
4593,2024-08-25,North America,USA,Rain Jacket,Apparel,SMB,4,98.07,0.15,333.44,183.41
4594,2024-08-25,Europe,Spain,Vacuum Cleaner,Home,Consumer,1,209.97,0,209.97,104.31
4595,2024-08-25,North America,USA,Smart Watch,Electronics,Consumer,2,198.51,0,397.02,179.73
4596,2024-08-25,North America,USA,Bluetooth Speaker,Electronics,Consumer,3,61.38,0.1,165.73,100.47
4597,2024-08-25,APAC,Singapore,Bluetooth Speaker,Electronics,SMB,1,59.45,0.15,50.53,29.95
4598,2024-08-26,North America,USA,Tablet Stand,Electronics,Enterprise,2,25.18,0.15,42.81,26.37
4599,2024-08-26,APAC,Australia,Air Purifier,Home,Consumer,1,123.72,0.05,117.53,54.83
4600,2024-08-26,APAC,Australia,Tablet Stand,Electronics,SMB,2,24.24,0.2,38.78,21.57
4601,2024-08-26,Europe,Germany,Ergonomic Chair,Office,Consumer,1,252.05,0.2,201.64,96.62
4602,2024-08-26,North America,USA,Denim Jacket,Apparel,SMB,1,65.78,0,65.78,39.81
4603,2024-08-26,North America,USA,Monitor Arm,Office,Enterprise,1,58.3,0.05,55.38,31.55
4604,2024-08-26,North America,Canada,LED Desk Lamp,Home,Enterprise,1,37.28,0.05,35.42,21.12
4605,2024-08-26,LATAM,Brazil,Running Shoes,Apparel,SMB,1,80.61,0.2,64.49,34.42
4606,2024-08-26,North America,USA,LED Desk Lamp,Home,SMB,3,37.28,0,111.84,53.79
4607,2024-08-26,Europe,UK,Ceramic Cookware Set,Home,Enterprise,3,156.22,0,468.66,213.04
4608,2024-08-26,LATAM,Mexico,Vacuum Cleaner,Home,Enterprise,1,208.14,0,208.14,131.47
4609,2024-08-26,North America,USA,Ergonomic Chair,Office,SMB,2,240.81,0.2,385.3,182.0
4610,2024-08-27,North America,USA,Ergonomic Chair,Office,SMB,4,239.48,0.2,766.34,369.16
4611,2024-08-27,North America,Canada,LED Desk Lamp,Home,SMB,3,40.57,0.1,109.54,69.96
4612,2024-08-27,Europe,France,Air Purifier,Home,SMB,1,139.04,0.2,111.23,57.95
4613,2024-08-27,North America,Canada,Air Purifier,Home,Consumer,5,128.04,0.2,512.16,271.83
4614,2024-08-27,Europe,UK,Ceramic Cookware Set,Home,Enterprise,3,149.62,0.15,381.53,186.36
4615,2024-08-27,LATAM,Mexico,Bluetooth Speaker,Electronics,Enterprise,1,57.57,0.15,48.93,22.68
4616,2024-08-27,North America,USA,Vacuum Cleaner,Home,Enterprise,20,231.71,0.05,4402.49,2408.17
4617,2024-08-28,Europe,UK,Notebook Set,Office,Consumer,3,15.34,0,46.02,23.66
4618,2024-08-28,APAC,Singapore,Smart Watch,Electronics,Enterprise,2,205.78,0.15,349.83,173.38
4619,2024-08-28,Europe,France,Air Purifier,Home,Consumer,1,135.23,0.2,108.18,51.78
4620,2024-08-28,APAC,Japan,Wireless Headphones,Electronics,SMB,1,91.33,0.1,82.2,44.54
4621,2024-08-29,North America,Canada,Rain Jacket,Apparel,Consumer,1,100.73,0.15,85.62,53.01
4622,2024-08-29,Europe,Germany,Bluetooth Speaker,Electronics,Enterprise,1,62.34,0.15,52.99,24.33
4623,2024-08-29,North America,USA,Denim Jacket,Apparel,SMB,3,65.23,0,195.69,118.09
4624,2024-08-29,North America,Canada,Tablet Stand,Electronics,Consumer,1,24.98,0,24.98,14.99
4625,2024-08-29,APAC,Japan,Air Purifier,Home,Consumer,1,125.46,0.2,100.37,54.99
4626,2024-08-29,APAC,Singapore,Standing Desk,Office,Consumer,2,412.25,0.05,783.27,397.83
4627,2024-08-29,Europe,UK,Running Shoes,Apparel,SMB,2,78.92,0.05,149.95,74.71
4628,2024-08-29,North America,Canada,Running Shoes,Apparel,SMB,1,76.7,0.2,61.36,33.57
4629,2024-08-29,North America,USA,Wool Sweater,Apparel,Enterprise,1,91.73,0.15,77.97,36.0
4630,2024-08-29,North America,USA,Bluetooth Speaker,Electronics,Consumer,2,62.09,0.15,105.55,47.66
4631,2024-08-29,North America,Canada,Wireless Headphones,Electronics,Consumer,4,93.76,0,375.04,199.93
4632,2024-08-30,LATAM,Mexico,Bluetooth Speaker,Electronics,Consumer,3,60.21,0,180.63,108.88
4633,2024-08-30,LATAM,Brazil,Denim Jacket,Apparel,SMB,3,67.02,0.1,180.95,83.53
4634,2024-08-30,North America,USA,Bluetooth Speaker,Electronics,Consumer,3,61.08,0,183.24,82.71
4635,2024-08-30,APAC,Australia,Rain Jacket,Apparel,Enterprise,2,101.73,0.1,183.11,109.33
4636,2024-08-30,North America,USA,Tablet Stand,Electronics,Consumer,1,23.07,0,23.07,10.51
4637,2024-08-30,APAC,Japan,Smart Watch,Electronics,SMB,1,212.78,0,212.78,106.74
4638,2024-08-31,North America,Canada,Standing Desk,Office,SMB,2,386.64,0.2,618.62,319.83
4639,2024-08-31,APAC,Japan,Air Purifier,Home,Consumer,1,120.68,0,120.68,64.99
4640,2024-08-31,Europe,UK,Bluetooth Speaker,Electronics,SMB,6,61.23,0.1,330.64,200.14
4641,2024-08-31,Europe,Spain,Notebook Set,Office,SMB,3,14.34,0,43.02,19.73
4642,2024-08-31,LATAM,Brazil,Air Purifier,Home,Enterprise,1,127.28,0,127.28,64.93
4643,2024-08-31,North America,USA,Smart Watch,Electronics,Consumer,1,208.6,0,208.6,121.4
4644,2024-08-31,North America,Canada,Tablet Stand,Electronics,Consumer,1,25.2,0,25.2,14.44
4645,2024-08-31,North America,USA,Smart Watch,Electronics,Consumer,1,184.85,0,184.85,86.75
4646,2024-08-31,North America,USA,Vacuum Cleaner,Home,Enterprise,4,232.35,0.1,836.46,384.39
4647,2024-08-31,APAC,Singapore,Denim Jacket,Apparel,Consumer,1,71.86,0,71.86,32.85
4648,2024-09-01,APAC,Singapore,Vacuum Cleaner,Home,Consumer,3,206.11,0,618.33,362.81
4649,2024-09-01,North America,Canada,Rain Jacket,Apparel,Enterprise,1,100.49,0.05,95.47,61.79
4650,2024-09-01,North America,USA,Wireless Headphones,Electronics,Enterprise,1,84.16,0,84.16,50.38
4651,2024-09-01,Europe,Spain,Notebook Set,Office,Consumer,1,14.35,0.1,12.91,7.5
4652,2024-09-02,APAC,Singapore,Standing Desk,Office,SMB,3,406.01,0,1218.03,580.74
4653,2024-09-02,North America,USA,Rain Jacket,Apparel,Consumer,3,105.7,0,317.1,178.55
4654,2024-09-02,North America,Canada,LED Desk Lamp,Home,SMB,3,38.3,0.1,103.41,65.01
4655,2024-09-02,APAC,Australia,Rain Jacket,Apparel,SMB,3,92.33,0.15,235.44,140.08
4656,2024-09-02,North America,Canada,Bluetooth Speaker,Electronics,Consumer,1,62.71,0.1,56.44,36.5
4657,2024-09-02,LATAM,Brazil,Running Shoes,Apparel,Enterprise,1,77.94,0.15,66.25,37.35
4658,2024-09-02,North America,Canada,Denim Jacket,Apparel,Consumer,1,73.31,0,73.31,35.02
4659,2024-09-02,Europe,UK,Smart Watch,Electronics,Consumer,2,198.01,0.05,376.22,203.3
4660,2024-09-02,LATAM,Brazil,Standing Desk,Office,SMB,1,418.15,0,418.15,238.36
4661,2024-09-02,North America,Canada,Denim Jacket,Apparel,Enterprise,4,65.28,0,261.12,133.29
4662,2024-09-02,North America,Canada,Ceramic Cookware Set,Home,Enterprise,3,160.84,0,482.52,257.12
4663,2024-09-02,APAC,India,Rain Jacket,Apparel,Consumer,1,102.21,0,102.21,46.11
4664,2024-09-03,LATAM,Mexico,Ceramic Cookware Set,Home,Enterprise,1,153.95,0.1,138.56,68.45
4665,2024-09-03,LATAM,Brazil,Running Shoes,Apparel,Consumer,1,81.46,0.15,69.24,34.3
4666,2024-09-03,Europe,UK,Notebook Set,Office,SMB,2,15.12,0,30.24,18.94
4667,2024-09-03,Europe,Spain,Running Shoes,Apparel,Consumer,1,77.8,0,77.8,37.64
4668,2024-09-03,North America,USA,Smart Watch,Electronics,SMB,4,189.13,0.15,643.04,383.71
4669,2024-09-04,Europe,Spain,Ceramic Cookware Set,Home,Consumer,3,156.45,0.1,422.41,244.0
4670,2024-09-04,APAC,India,Rain Jacket,Apparel,Enterprise,1,105.02,0.2,84.02,53.11
4671,2024-09-04,APAC,Japan,Vacuum Cleaner,Home,Consumer,2,202.91,0,405.82,229.86
4672,2024-09-04,North America,Canada,Denim Jacket,Apparel,SMB,2,64.69,0,129.38,62.69
4673,2024-09-04,North America,Canada,Bluetooth Speaker,Electronics,Consumer,1,63.63,0.2,50.9,25.76
4674,2024-09-04,APAC,Singapore,Wool Sweater,Apparel,Enterprise,1,86.21,0.1,77.59,41.12
4675,2024-09-04,North America,Canada,Tablet Stand,Electronics,Consumer,3,26.02,0.05,74.16,39.93
4676,2024-09-04,LATAM,Brazil,Smart Watch,Electronics,Consumer,1,194.44,0.15,165.27,88.94
4677,2024-09-04,LATAM,Mexico,Ergonomic Chair,Office,Consumer,1,259.4,0.05,246.43,152.59
4678,2024-09-04,LATAM,Brazil,Tablet Stand,Electronics,Enterprise,2,24.66,0.2,39.46,25.63
4679,2024-09-04,North America,Canada,Monitor Arm,Office,SMB,1,60.51,0.15,51.43,27.66
4680,2024-09-04,APAC,Japan,LED Desk Lamp,Home,Enterprise,2,37.49,0.1,67.48,31.16
4681,2024-09-05,North America,USA,Monitor Arm,Office,Enterprise,2,56.44,0.15,95.95,60.75
4682,2024-09-05,APAC,Australia,Ceramic Cookware Set,Home,Enterprise,1,154.34,0,154.34,85.81
4683,2024-09-05,North America,Canada,Ceramic Cookware Set,Home,Consumer,1,139.13,0,139.13,68.46
4684,2024-09-05,Europe,Spain,Bluetooth Speaker,Electronics,Enterprise,1,63.71,0,63.71,35.82
4685,2024-09-05,LATAM,Mexico,Wireless Headphones,Electronics,Consumer,1,95.82,0.15,81.45,44.25
4686,2024-09-05,North America,Canada,Bluetooth Speaker,Electronics,SMB,2,59.56,0,119.12,60.41
4687,2024-09-05,LATAM,Brazil,Ceramic Cookware Set,Home,SMB,3,140.74,0.05,401.11,221.04
4688,2024-09-05,North America,Canada,Rain Jacket,Apparel,Consumer,2,97.96,0.15,166.53,79.64
4689,2024-09-05,North America,Canada,Running Shoes,Apparel,SMB,1,80.32,0,80.32,48.69
4690,2024-09-05,Europe,Spain,Wireless Headphones,Electronics,SMB,1,91.48,0.15,77.76,38.45
4691,2024-09-06,North America,USA,Tablet Stand,Electronics,Enterprise,1,23.43,0.2,18.74,10.52
4692,2024-09-06,APAC,Singapore,Smart Watch,Electronics,Enterprise,2,194.39,0.15,330.46,212.45
4693,2024-09-06,North America,USA,Notebook Set,Office,Consumer,2,16.06,0,32.12,18.31
4694,2024-09-06,Europe,UK,Air Purifier,Home,SMB,1,135.9,0.1,122.31,74.83
4695,2024-09-06,LATAM,Mexico,Denim Jacket,Apparel,Consumer,3,70.2,0,210.6,119.75
4696,2024-09-06,North America,USA,Ceramic Cookware Set,Home,Enterprise,2,160.27,0.15,272.46,168.37
4697,2024-09-06,Europe,UK,Rain Jacket,Apparel,SMB,2,93.78,0,187.56,98.2
4698,2024-09-06,APAC,Japan,Bluetooth Speaker,Electronics,Enterprise,3,56.53,0.05,161.11,76.51
4699,2024-09-06,North America,USA,Wireless Headphones,Electronics,SMB,3,84.46,0.15,215.37,112.68
4700,2024-09-06,Europe,Spain,Vacuum Cleaner,Home,Consumer,1,222.64,0.1,200.38,123.1
4701,2024-09-07,North America,USA,Ergonomic Chair,Office,SMB,1,243.57,0,243.57,153.29
4702,2024-09-07,North America,Canada,Smart Watch,Electronics,Consumer,2,208.01,0,416.02,233.99
4703,2024-09-07,North America,Canada,Ceramic Cookware Set,Home,Consumer,2,145.02,0.05,275.54,161.71
4704,2024-09-07,Europe,Spain,Denim Jacket,Apparel,SMB,1,66.04,0.2,52.83,31.32
4705,2024-09-08,North America,Canada,Bluetooth Speaker,Electronics,Consumer,1,54.34,0.2,43.47,20.95
4706,2024-09-08,Europe,France,Tablet Stand,Electronics,Enterprise,3,26.41,0,79.23,41.81
4707,2024-09-08,Europe,Germany,Smart Watch,Electronics,Enterprise,4,191.74,0.05,728.61,461.6
4708,2024-09-08,APAC,India,Running Shoes,Apparel,Consumer,1,80.03,0,80.03,42.05
4709,2024-09-08,Europe,Germany,Vacuum Cleaner,Home,SMB,2,230.37,0,460.74,269.63
4710,2024-09-08,North America,USA,Wireless Headphones,Electronics,Consumer,3,87.35,0,262.05,153.63
4711,2024-09-08,North America,Canada,Notebook Set,Office,Consumer,2,14.99,0,29.98,17.28
4712,2024-09-08,North America,Canada,Ergonomic Chair,Office,Enterprise,1,250.82,0,250.82,162.16
4713,2024-09-08,North America,USA,Denim Jacket,Apparel,SMB,3,72.48,0,217.44,133.75
4714,2024-09-08,Europe,Germany,Vacuum Cleaner,Home,SMB,2,235.6,0.2,376.96,201.05
4715,2024-09-09,Europe,Germany,LED Desk Lamp,Home,Enterprise,2,39.04,0.2,62.46,35.1
4716,2024-09-09,Europe,UK,Notebook Set,Office,Consumer,3,16.07,0.15,40.98,22.99
4717,2024-09-09,North America,Canada,Air Purifier,Home,Enterprise,2,120.4,0.2,192.64,89.33
4718,2024-09-09,North America,Canada,Wool Sweater,Apparel,Consumer,1,92.12,0.15,78.3,40.71
4719,2024-09-09,North America,Canada,Running Shoes,Apparel,Consumer,1,83.25,0.05,79.09,45.98
4720,2024-09-09,LATAM,Mexico,Vacuum Cleaner,Home,Enterprise,1,212.12,0,212.12,116.97
4721,2024-09-09,LATAM,Mexico,Vacuum Cleaner,Home,Consumer,1,230.54,0.2,184.43,87.53
4722,2024-09-09,North America,USA,Tablet Stand,Electronics,SMB,4,26.03,0.05,98.91,60.32
4723,2024-09-09,North America,USA,Vacuum Cleaner,Home,Consumer,1,222.54,0,222.54,126.88
4724,2024-09-09,North America,USA,Vacuum Cleaner,Home,Enterprise,1,226.51,0,226.51,134.91
4725,2024-09-10,North America,USA,Monitor Arm,Office,SMB,2,59.18,0.05,112.44,71.2
4726,2024-09-10,LATAM,Mexico,Bluetooth Speaker,Electronics,SMB,1,56.96,0.1,51.26,25.16
4727,2024-09-10,LATAM,Mexico,Running Shoes,Apparel,Consumer,1,84.84,0.2,67.87,39.82
4728,2024-09-10,Europe,France,Air Purifier,Home,Consumer,5,133.37,0,666.85,334.35
4729,2024-09-10,North America,Canada,Tablet Stand,Electronics,Consumer,2,26.63,0,53.26,32.76
4730,2024-09-10,North America,USA,Wool Sweater,Apparel,Consumer,4,92.73,0,370.92,227.67
4731,2024-09-10,Europe,France,Wireless Headphones,Electronics,SMB,3,82.39,0,247.17,131.93
4732,2024-09-10,APAC,Japan,Denim Jacket,Apparel,Consumer,1,63.97,0,63.97,31.87
4733,2024-09-10,North America,USA,Bluetooth Speaker,Electronics,SMB,4,60.81,0.2,194.59,113.41
4734,2024-09-10,APAC,India,Wireless Headphones,Electronics,Enterprise,1,96.05,0,96.05,61.74
4735,2024-09-11,Europe,France,Wool Sweater,Apparel,SMB,3,89.66,0,268.98,122.84
4736,2024-09-11,APAC,Australia,Standing Desk,Office,Enterprise,1,407.86,0,407.86,246.3
4737,2024-09-11,Europe,UK,Vacuum Cleaner,Home,Enterprise,2,224.86,0,449.72,258.57
4738,2024-09-11,Europe,UK,Rain Jacket,Apparel,Enterprise,1,101.14,0,101.14,53.98
4739,2024-09-11,North America,Canada,Wireless Headphones,Electronics,Enterprise,3,82.11,0.1,221.7,105.12
4740,2024-09-11,Europe,UK,Wireless Headphones,Electronics,Enterprise,4,87.74,0.15,298.32,181.42
4741,2024-09-11,Europe,UK,Bluetooth Speaker,Electronics,Enterprise,3,61.84,0.2,148.42,88.78
4742,2024-09-11,North America,Canada,Rain Jacket,Apparel,Consumer,2,102.11,0.1,183.8,84.08
4743,2024-09-11,APAC,Japan,Smart Watch,Electronics,Enterprise,2,200.35,0.1,360.63,194.08
4744,2024-09-11,APAC,Australia,Denim Jacket,Apparel,SMB,1,66.54,0.15,56.56,30.86
4745,2024-09-11,APAC,Japan,Tablet Stand,Electronics,Consumer,6,23.65,0.1,127.71,80.34
4746,2024-09-11,North America,Canada,Tablet Stand,Electronics,SMB,1,23.56,0,23.56,14.01
4747,2024-09-12,Europe,Spain,Vacuum Cleaner,Home,Enterprise,1,221.4,0,221.4,126.62
4748,2024-09-12,Europe,Germany,Ergonomic Chair,Office,Enterprise,1,250.57,0,250.57,157.71
4749,2024-09-12,APAC,Japan,Denim Jacket,Apparel,Enterprise,1,71.21,0.2,56.97,33.44
4750,2024-09-12,North America,Canada,Rain Jacket,Apparel,Enterprise,2,102.61,0,205.22,125.18
4751,2024-09-12,APAC,Singapore,Wireless Headphones,Electronics,Consumer,1,93.45,0,93.45,49.9
4752,2024-09-12,North America,Canada,Smart Watch,Electronics,Consumer,1,208.33,0.05,197.91,113.24
4753,2024-09-12,North America,Canada,Bluetooth Speaker,Electronics,SMB,3,55.77,0.2,133.85,70.26
4754,2024-09-13,North America,USA,Rain Jacket,Apparel,Consumer,1,101.37,0.05,96.3,60.66
4755,2024-09-13,North America,Canada,Wireless Headphones,Electronics,Enterprise,4,94.28,0.1,339.41,211.62
4756,2024-09-13,Europe,Spain,Smart Watch,Electronics,Consumer,1,190.82,0.2,152.66,98.54
4757,2024-09-13,North America,USA,Wireless Headphones,Electronics,Enterprise,1,94.24,0.1,84.82,46.26
4758,2024-09-13,North America,Canada,Standing Desk,Office,Consumer,2,418.81,0,837.62,536.36
4759,2024-09-13,Europe,Spain,Bluetooth Speaker,Electronics,Enterprise,2,62.62,0,125.24,59.21
4760,2024-09-13,Europe,Spain,Air Purifier,Home,SMB,3,128.35,0.2,308.04,150.06
4761,2024-09-13,Europe,Spain,Bluetooth Speaker,Electronics,SMB,3,56.26,0.05,160.34,91.7
4762,2024-09-13,Europe,France,Denim Jacket,Apparel,Enterprise,1,66.52,0,66.52,37.74
4763,2024-09-13,North America,Canada,Wireless Headphones,Electronics,Consumer,1,83.09,0,83.09,41.96
4764,2024-09-13,APAC,Singapore,Bluetooth Speaker,Electronics,SMB,1,59.71,0,59.71,30.86
4765,2024-09-13,Europe,UK,Wireless Headphones,Electronics,SMB,4,94.96,0,379.84,175.31
4766,2024-09-13,Europe,UK,Air Purifier,Home,Enterprise,1,136.7,0,136.7,88.09
4767,2024-09-13,North America,Canada,Smart Watch,Electronics,Consumer,1,206.51,0.2,165.21,88.01
4768,2024-09-13,APAC,Singapore,Running Shoes,Apparel,SMB,4,80.44,0.2,257.41,140.35
4769,2024-09-14,North America,Canada,Notebook Set,Office,Enterprise,2,15.69,0.1,28.24,16.07
4770,2024-09-14,North America,Canada,Tablet Stand,Electronics,SMB,3,26.06,0.1,70.36,40.37
4771,2024-09-14,Europe,Germany,Monitor Arm,Office,Enterprise,3,60.84,0.15,155.14,74.98
4772,2024-09-14,Europe,UK,Ceramic Cookware Set,Home,Consumer,2,141.55,0,283.1,140.92
4773,2024-09-14,LATAM,Brazil,LED Desk Lamp,Home,SMB,2,38.16,0.05,72.5,38.78
4774,2024-09-14,North America,USA,Wireless Headphones,Electronics,Enterprise,1,89.19,0,89.19,52.5
4775,2024-09-14,APAC,Japan,Running Shoes,Apparel,Consumer,1,82.09,0.05,77.99,38.27
4776,2024-09-14,APAC,Japan,Wireless Headphones,Electronics,Enterprise,1,96.01,0.1,86.41,50.08
4777,2024-09-15,Europe,France,Air Purifier,Home,SMB,1,128.76,0,128.76,81.87
4778,2024-09-15,North America,Canada,Tablet Stand,Electronics,Enterprise,1,26.56,0,26.56,15.62
4779,2024-09-15,LATAM,Brazil,Vacuum Cleaner,Home,Consumer,1,220.34,0.2,176.27,110.23
4780,2024-09-15,LATAM,Brazil,Ceramic Cookware Set,Home,Consumer,1,157.4,0.2,125.92,62.44
4781,2024-09-15,APAC,Japan,Standing Desk,Office,Consumer,1,369.49,0,369.49,225.27
4782,2024-09-15,APAC,Australia,Smart Watch,Electronics,SMB,1,199.9,0,199.9,118.27
4783,2024-09-15,LATAM,Mexico,Ceramic Cookware Set,Home,Consumer,2,154.33,0.15,262.36,149.41
4784,2024-09-15,North America,Canada,Rain Jacket,Apparel,SMB,4,95.4,0.05,362.52,195.1
4785,2024-09-15,North America,USA,Air Purifier,Home,Enterprise,3,138.51,0,415.53,243.12
4786,2024-09-15,North America,Canada,Rain Jacket,Apparel,Enterprise,2,104.91,0,209.82,130.77
4787,2024-09-15,North America,USA,Running Shoes,Apparel,Consumer,1,80.04,0.2,64.03,37.57
4788,2024-09-16,North America,USA,Notebook Set,Office,Enterprise,1,15.96,0.05,15.16,9.53
4789,2024-09-16,APAC,India,Tablet Stand,Electronics,Consumer,1,25.76,0.2,20.61,11.48
4790,2024-09-16,APAC,India,Ceramic Cookware Set,Home,SMB,2,157.36,0,314.72,182.34
4791,2024-09-16,North America,Canada,Vacuum Cleaner,Home,SMB,1,210.79,0.2,168.63,100.25
4792,2024-09-16,North America,USA,Wireless Headphones,Electronics,Enterprise,2,84.94,0.1,152.89,92.17
4793,2024-09-16,Europe,Spain,Tablet Stand,Electronics,SMB,2,23.09,0,46.18,29.92
4794,2024-09-16,North America,USA,Tablet Stand,Electronics,Enterprise,1,24.7,0.15,20.99,11.68
4795,2024-09-16,Europe,UK,Tablet Stand,Electronics,Consumer,2,26.53,0,53.06,30.17
4796,2024-09-16,North America,Canada,Smart Watch,Electronics,SMB,4,210.41,0.1,757.48,378.83
4797,2024-09-16,North America,USA,Tablet Stand,Electronics,SMB,4,26.25,0,105.0,55.65
4798,2024-09-16,APAC,Singapore,Tablet Stand,Electronics,SMB,1,26.5,0,26.5,14.1
4799,2024-09-16,North America,Canada,Monitor Arm,Office,SMB,2,58.58,0.2,93.73,53.47
4800,2024-09-16,North America,Canada,Running Shoes,Apparel,Enterprise,1,83.3,0,83.3,41.48
4801,2024-09-16,Europe,Germany,Denim Jacket,Apparel,Consumer,3,65.93,0,197.79,102.06
4802,2024-09-17,North America,Canada,Tablet Stand,Electronics,Consumer,1,26.82,0,26.82,12.21
4803,2024-09-17,APAC,Singapore,Denim Jacket,Apparel,Enterprise,1,69.43,0,69.43,42.83
4804,2024-09-17,APAC,India,Smart Watch,Electronics,Consumer,1,205.42,0,205.42,113.41
4805,2024-09-17,North America,USA,Rain Jacket,Apparel,Consumer,1,105.38,0.1,94.84,43.59
4806,2024-09-17,APAC,Singapore,Rain Jacket,Apparel,Consumer,1,102.55,0,102.55,52.33
4807,2024-09-17,Europe,UK,Ergonomic Chair,Office,SMB,1,245.46,0,245.46,144.36
4808,2024-09-17,Europe,UK,Wool Sweater,Apparel,Consumer,1,86.77,0.2,69.42,41.45
4809,2024-09-17,APAC,Singapore,Wireless Headphones,Electronics,SMB,2,93.03,0.2,148.85,94.62
4810,2024-09-17,North America,Canada,Wireless Headphones,Electronics,Enterprise,1,82.61,0.15,70.22,35.96
4811,2024-09-18,North America,USA,Tablet Stand,Electronics,Consumer,2,26.67,0.1,48.01,29.02
4812,2024-09-18,North America,Canada,Wool Sweater,Apparel,Consumer,2,89.88,0.05,170.77,109.08
4813,2024-09-18,North America,USA,Wool Sweater,Apparel,Enterprise,1,90.93,0.1,81.84,40.54
4814,2024-09-18,North America,USA,LED Desk Lamp,Home,SMB,3,37.36,0,112.08,64.36
4815,2024-09-18,Europe,Spain,Vacuum Cleaner,Home,Consumer,3,216.15,0,648.45,390.73
4816,2024-09-18,LATAM,Brazil,LED Desk Lamp,Home,Enterprise,1,36.65,0.15,31.15,19.14
4817,2024-09-18,North America,Canada,Denim Jacket,Apparel,Consumer,1,73.7,0.15,62.65,37.46
4818,2024-09-18,APAC,Australia,Wool Sweater,Apparel,Enterprise,3,90.02,0,270.06,172.68
4819,2024-09-18,Europe,France,Running Shoes,Apparel,SMB,4,74.05,0,296.2,189.31
4820,2024-09-18,LATAM,Brazil,Smart Watch,Electronics,Consumer,1,204.33,0.2,163.46,76.9
4821,2024-09-18,North America,USA,Tablet Stand,Electronics,Enterprise,1,26.79,0.1,24.11,11.93
4822,2024-09-19,APAC,India,Wireless Headphones,Electronics,SMB,1,84.02,0,84.02,48.29
4823,2024-09-19,LATAM,Mexico,LED Desk Lamp,Home,SMB,2,37.67,0.15,64.04,31.05
4824,2024-09-19,LATAM,Mexico,Smart Watch,Electronics,Consumer,1,185.36,0,185.36,116.61
4825,2024-09-19,APAC,Japan,Rain Jacket,Apparel,SMB,3,99.47,0.05,283.49,141.04
4826,2024-09-19,Europe,France,Ceramic Cookware Set,Home,Enterprise,1,146.16,0,146.16,92.4
4827,2024-09-19,LATAM,Brazil,Denim Jacket,Apparel,Consumer,1,67.48,0,67.48,43.68
4828,2024-09-19,LATAM,Mexico,LED Desk Lamp,Home,Enterprise,1,35.94,0.2,28.75,18.32
4829,2024-09-20,APAC,Japan,Wool Sweater,Apparel,SMB,1,94.65,0.2,75.72,38.23
4830,2024-09-20,APAC,India,Wool Sweater,Apparel,Consumer,3,86.17,0.2,206.81,125.43
4831,2024-09-20,Europe,UK,Smart Watch,Electronics,Consumer,1,209.85,0,209.85,113.28
4832,2024-09-20,Europe,France,Bluetooth Speaker,Electronics,Enterprise,2,57.64,0,115.28,74.02
4833,2024-09-20,North America,USA,LED Desk Lamp,Home,SMB,1,37.75,0.1,33.98,21.2
4834,2024-09-21,Europe,France,Notebook Set,Office,Consumer,1,15.38,0.1,13.84,6.44
4835,2024-09-21,LATAM,Brazil,Standing Desk,Office,Consumer,1,404.44,0.05,384.22,182.02
4836,2024-09-21,Europe,France,LED Desk Lamp,Home,SMB,5,39.08,0,195.4,122.85
4837,2024-09-21,Europe,Germany,Bluetooth Speaker,Electronics,SMB,3,58.39,0.15,148.89,86.44
4838,2024-09-21,North America,Canada,Vacuum Cleaner,Home,Consumer,1,232.38,0.2,185.9,113.56
4839,2024-09-21,Europe,Spain,Wool Sweater,Apparel,Enterprise,1,82.14,0.05,78.03,39.18
4840,2024-09-21,North America,Canada,Monitor Arm,Office,Enterprise,2,57.74,0,115.48,58.73
4841,2024-09-21,North America,USA,Air Purifier,Home,Consumer,3,125.23,0.2,300.55,143.61
4842,2024-09-21,North America,USA,Standing Desk,Office,Enterprise,1,388.3,0.15,330.06,194.75
4843,2024-09-22,Europe,France,Air Purifier,Home,SMB,2,134.95,0,269.9,133.22
4844,2024-09-22,APAC,Japan,Tablet Stand,Electronics,SMB,3,24.73,0.2,59.35,32.14
4845,2024-09-22,APAC,Australia,Notebook Set,Office,Enterprise,2,14.98,0,29.96,16.69
4846,2024-09-22,Europe,France,Bluetooth Speaker,Electronics,Consumer,1,59.2,0.2,47.36,30.69
4847,2024-09-22,North America,USA,Wool Sweater,Apparel,Enterprise,3,86.17,0.1,232.66,127.79
4848,2024-09-22,Europe,Germany,Vacuum Cleaner,Home,SMB,3,211.54,0,634.62,340.24
4849,2024-09-22,APAC,Japan,Tablet Stand,Electronics,Consumer,1,25.73,0,25.73,16.33
4850,2024-09-22,APAC,Australia,Rain Jacket,Apparel,Enterprise,2,103.79,0.1,186.82,105.51
4851,2024-09-22,APAC,India,Wireless Headphones,Electronics,SMB,2,95.14,0,190.28,97.47
4852,2024-09-23,North America,USA,Smart Watch,Electronics,Enterprise,1,198.24,0,198.24,100.68
4853,2024-09-23,Europe,Spain,Rain Jacket,Apparel,Consumer,2,96.43,0.15,163.93,86.92
4854,2024-09-23,Europe,Spain,Running Shoes,Apparel,Consumer,2,82.66,0,165.32,88.65
4855,2024-09-23,North America,USA,Air Purifier,Home,Consumer,1,129.3,0.15,109.91,64.52
4856,2024-09-23,APAC,Australia,LED Desk Lamp,Home,SMB,1,38.73,0.1,34.86,18.96
4857,2024-09-23,Europe,Spain,Smart Watch,Electronics,SMB,1,208.51,0.2,166.81,76.97
4858,2024-09-23,APAC,India,Smart Watch,Electronics,SMB,1,189.06,0.1,170.15,77.52
4859,2024-09-23,Europe,Spain,LED Desk Lamp,Home,Consumer,1,37.84,0.05,35.95,20.9
4860,2024-09-23,Europe,UK,Wool Sweater,Apparel,Enterprise,1,87.71,0.05,83.32,39.48
4861,2024-09-23,Europe,France,Running Shoes,Apparel,Enterprise,4,75.98,0.05,288.72,184.6
4862,2024-09-23,North America,Canada,Smart Watch,Electronics,Consumer,1,205.51,0,205.51,131.7
4863,2024-09-24,North America,USA,LED Desk Lamp,Home,Consumer,1,41.07,0,41.07,21.42
4864,2024-09-24,APAC,Japan,Smart Watch,Electronics,SMB,1,198.04,0,198.04,120.06
4865,2024-09-24,Europe,Germany,Notebook Set,Office,Enterprise,4,14.86,0,59.44,36.79
4866,2024-09-24,North America,Canada,Wireless Headphones,Electronics,Consumer,2,88.72,0,177.44,93.64
4867,2024-09-24,LATAM,Brazil,Air Purifier,Home,Consumer,1,119.36,0.15,101.46,52.47
4868,2024-09-24,LATAM,Mexico,Bluetooth Speaker,Electronics,Consumer,1,56.79,0,56.79,27.26
4869,2024-09-24,Europe,UK,Standing Desk,Office,SMB,4,372.6,0,1490.4,673.75
4870,2024-09-24,LATAM,Brazil,Air Purifier,Home,Consumer,1,120.13,0.1,108.12,56.75
4871,2024-09-25,Europe,Germany,Vacuum Cleaner,Home,Consumer,2,235.12,0.2,376.19,197.17
4872,2024-09-25,LATAM,Brazil,Air Purifier,Home,Consumer,1,121.57,0.05,115.49,65.98
4873,2024-09-25,Europe,Spain,Vacuum Cleaner,Home,SMB,3,201.64,0,604.92,373.77
4874,2024-09-25,North America,USA,Vacuum Cleaner,Home,SMB,3,206.72,0,620.16,365.6
4875,2024-09-25,North America,Canada,Wool Sweater,Apparel,Enterprise,2,82.08,0,164.16,96.99
4876,2024-09-25,APAC,Australia,Standing Desk,Office,Consumer,2,424.87,0.2,679.79,330.8
4877,2024-09-25,North America,USA,Ergonomic Chair,Office,Enterprise,1,257.81,0.1,232.03,146.29
4878,2024-09-25,APAC,India,Wireless Headphones,Electronics,SMB,5,92.43,0,462.15,284.8
4879,2024-09-26,APAC,India,Standing Desk,Office,Consumer,1,387.14,0,387.14,204.86
4880,2024-09-26,Europe,Germany,Smart Watch,Electronics,Enterprise,2,195.61,0.15,332.54,159.76
4881,2024-09-26,APAC,India,Bluetooth Speaker,Electronics,Enterprise,2,59.01,0,118.02,59.27
4882,2024-09-26,APAC,India,Rain Jacket,Apparel,Enterprise,1,99.9,0,99.9,50.63
4883,2024-09-27,Europe,UK,Smart Watch,Electronics,SMB,1,201.36,0.05,191.29,113.1
4884,2024-09-27,APAC,Australia,Tablet Stand,Electronics,Consumer,2,26.58,0,53.16,24.1
4885,2024-09-27,Europe,Spain,Vacuum Cleaner,Home,Enterprise,3,218.43,0,655.29,399.45
4886,2024-09-27,LATAM,Brazil,Tablet Stand,Electronics,Consumer,1,23.68,0,23.68,12.87
4887,2024-09-27,North America,USA,Smart Watch,Electronics,SMB,2,198.18,0,396.36,234.92
4888,2024-09-27,North America,Canada,Notebook Set,Office,Consumer,1,14.94,0.15,12.7,6.4
4889,2024-09-27,Europe,UK,Smart Watch,Electronics,Consumer,1,185.3,0.15,157.5,79.97
4890,2024-09-27,North America,Canada,Air Purifier,Home,SMB,1,136.82,0,136.82,64.61
4891,2024-09-27,APAC,Japan,Wireless Headphones,Electronics,SMB,3,91.37,0.05,260.4,137.07
4892,2024-09-28,North America,USA,Denim Jacket,Apparel,SMB,5,69.58,0,347.9,182.47
4893,2024-09-28,Europe,Germany,Rain Jacket,Apparel,Consumer,1,105.85,0,105.85,65.81
4894,2024-09-28,North America,Canada,Air Purifier,Home,Consumer,1,123.12,0.05,116.96,52.91
4895,2024-09-28,APAC,Singapore,Smart Watch,Electronics,Enterprise,1,202.95,0.05,192.8,96.58
4896,2024-09-28,Europe,Germany,Denim Jacket,Apparel,SMB,3,65.46,0,196.38,116.41
4897,2024-09-28,APAC,Australia,Denim Jacket,Apparel,Enterprise,1,67.55,0,67.55,41.69
4898,2024-09-28,North America,Canada,Bluetooth Speaker,Electronics,SMB,1,54.66,0,54.66,32.94
4899,2024-09-28,North America,USA,Tablet Stand,Electronics,SMB,3,26.61,0.1,71.85,44.4
4900,2024-09-28,APAC,Japan,Wireless Headphones,Electronics,Enterprise,1,92.07,0,92.07,44.66
4901,2024-09-28,Europe,Spain,Bluetooth Speaker,Electronics,Enterprise,1,58.9,0,58.9,29.16
4902,2024-09-29,Europe,France,Ergonomic Chair,Office,SMB,2,268.33,0.05,509.83,288.44
4903,2024-09-29,Europe,UK,Smart Watch,Electronics,SMB,3,211.33,0.15,538.89,278.4
4904,2024-09-29,Europe,UK,Bluetooth Speaker,Electronics,Enterprise,1,60.74,0,60.74,32.37
4905,2024-09-29,APAC,Singapore,Wool Sweater,Apparel,Enterprise,1,90.7,0.2,72.56,33.09
4906,2024-09-29,Europe,France,Wool Sweater,Apparel,Consumer,1,90.45,0.15,76.88,49.94
4907,2024-09-30,Europe,UK,Rain Jacket,Apparel,Enterprise,4,96.83,0,387.32,202.02
4908,2024-09-30,LATAM,Brazil,Air Purifier,Home,Consumer,1,135.64,0,135.64,61.77
4909,2024-09-30,North America,USA,Notebook Set,Office,Enterprise,2,13.89,0.05,26.39,12.64
4910,2024-09-30,North America,Canada,Bluetooth Speaker,Electronics,Consumer,4,56.11,0,224.44,104.75
4911,2024-09-30,APAC,India,Notebook Set,Office,SMB,2,13.93,0.1,25.07,15.01
4912,2024-09-30,Europe,Spain,Wireless Headphones,Electronics,Consumer,1,84.21,0.2,67.37,39.34
4913,2024-09-30,North America,Canada,Wireless Headphones,Electronics,SMB,1,88.82,0.2,71.06,43.72
4914,2024-10-01,Europe,Spain,Smart Watch,Electronics,Enterprise,4,203.9,0,815.6,430.5
4915,2024-10-01,North America,Canada,Ergonomic Chair,Office,SMB,6,255.33,0,1531.98,994.72
4916,2024-10-01,Europe,Spain,Vacuum Cleaner,Home,Enterprise,2,216.11,0.2,345.78,169.9
4917,2024-10-01,North America,USA,Rain Jacket,Apparel,Consumer,1,106.34,0.1,95.71,43.89
4918,2024-10-01,Europe,Spain,Vacuum Cleaner,Home,Enterprise,2,216.82,0,433.64,255.64
4919,2024-10-01,Europe,UK,LED Desk Lamp,Home,Consumer,2,41.24,0,82.48,45.71
4920,2024-10-01,Europe,UK,Wool Sweater,Apparel,Enterprise,4,84.29,0,337.16,192.95
4921,2024-10-01,Europe,France,Notebook Set,Office,Enterprise,9,14.36,0,129.24,80.61
4922,2024-10-01,Europe,Spain,Running Shoes,Apparel,Enterprise,5,77.38,0,386.9,231.84
4923,2024-10-01,Europe,UK,Rain Jacket,Apparel,Enterprise,6,102.63,0,615.78,295.4
4924,2024-10-02,APAC,Australia,Monitor Arm,Office,Enterprise,1,60.0,0,60.0,29.35
4925,2024-10-02,LATAM,Mexico,Wireless Headphones,Electronics,Consumer,3,82.18,0.05,234.21,109.62
4926,2024-10-02,North America,USA,Running Shoes,Apparel,Consumer,5,76.52,0,382.6,184.47
4927,2024-10-02,North America,Canada,Bluetooth Speaker,Electronics,SMB,2,56.61,0.1,101.9,46.39
4928,2024-10-02,North America,USA,Bluetooth Speaker,Electronics,SMB,2,57.65,0.2,92.24,54.13
4929,2024-10-02,APAC,Japan,Running Shoes,Apparel,Consumer,1,82.09,0.1,73.88,36.02
4930,2024-10-02,Europe,Germany,Denim Jacket,Apparel,Enterprise,2,69.49,0,138.98,77.01
4931,2024-10-02,North America,USA,Running Shoes,Apparel,SMB,5,81.64,0.05,387.79,250.07
4932,2024-10-02,APAC,Singapore,LED Desk Lamp,Home,Enterprise,5,36.52,0,182.6,93.37
4933,2024-10-02,Europe,Spain,Rain Jacket,Apparel,Consumer,3,100.81,0.1,272.19,127.57
4934,2024-10-02,Europe,UK,Ergonomic Chair,Office,Enterprise,5,246.04,0.15,1045.67,587.85
4935,2024-10-02,North America,Canada,Tablet Stand,Electronics,SMB,4,25.26,0,101.04,55.28
4936,2024-10-02,North America,Canada,Bluetooth Speaker,Electronics,Enterprise,3,58.24,0,174.72,80.72
4937,2024-10-03,North America,USA,Ceramic Cookware Set,Home,Consumer,1,146.88,0.2,117.5,66.97
4938,2024-10-03,APAC,Japan,Tablet Stand,Electronics,Consumer,2,23.08,0.15,39.24,19.72
4939,2024-10-03,North America,Canada,Wireless Headphones,Electronics,SMB,3,87.79,0,263.37,164.82
4940,2024-10-03,Europe,Germany,Rain Jacket,Apparel,SMB,5,105.82,0,529.1,250.33
4941,2024-10-03,APAC,Singapore,Tablet Stand,Electronics,Enterprise,6,26.38,0,158.28,72.7
4942,2024-10-03,LATAM,Brazil,Smart Watch,Electronics,Enterprise,2,211.36,0,422.72,210.46
4943,2024-10-03,North America,Canada,Running Shoes,Apparel,Enterprise,4,74.04,0.1,266.54,159.87
4944,2024-10-03,LATAM,Mexico,Bluetooth Speaker,Electronics,Enterprise,4,54.54,0.2,174.53,85.26
4945,2024-10-03,Europe,Germany,Wool Sweater,Apparel,Enterprise,5,89.91,0.1,404.59,209.7
4946,2024-10-03,Europe,Spain,Vacuum Cleaner,Home,SMB,1,206.38,0,206.38,129.07
4947,2024-10-03,North America,Canada,Bluetooth Speaker,Electronics,Enterprise,5,62.12,0,310.6,197.53
4948,2024-10-04,Europe,France,Vacuum Cleaner,Home,SMB,2,203.69,0.2,325.9,198.93
4949,2024-10-04,LATAM,Brazil,Wireless Headphones,Electronics,Enterprise,1,85.9,0,85.9,40.25
4950,2024-10-04,North America,Canada,Tablet Stand,Electronics,Consumer,2,25.33,0.1,45.59,29.13
4951,2024-10-04,Europe,France,Vacuum Cleaner,Home,SMB,4,219.88,0.2,703.62,338.52
4952,2024-10-04,Europe,UK,Bluetooth Speaker,Electronics,Consumer,2,55.12,0.15,93.7,51.53
4953,2024-10-04,APAC,Australia,LED Desk Lamp,Home,Consumer,1,41.66,0.2,33.33,18.29
4954,2024-10-04,LATAM,Brazil,Wireless Headphones,Electronics,Enterprise,2,92.75,0.1,166.95,99.77
4955,2024-10-04,APAC,Australia,Bluetooth Speaker,Electronics,SMB,3,60.38,0,181.14,93.17
4956,2024-10-04,North America,Canada,Rain Jacket,Apparel,SMB,4,105.98,0.2,339.14,165.96
4957,2024-10-04,North America,Canada,Notebook Set,Office,Enterprise,4,15.95,0.05,60.61,35.9
4958,2024-10-05,Europe,UK,Bluetooth Speaker,Electronics,SMB,3,61.64,0.05,175.67,113.51
4959,2024-10-05,APAC,Japan,Wireless Headphones,Electronics,Consumer,4,91.38,0.2,292.42,166.87
4960,2024-10-05,Europe,Germany,Rain Jacket,Apparel,Consumer,2,101.29,0,202.58,118.94
4961,2024-10-05,LATAM,Brazil,Standing Desk,Office,Consumer,2,373.28,0,746.56,356.2
4962,2024-10-05,North America,USA,Wireless Headphones,Electronics,SMB,2,82.44,0.1,148.39,68.43
4963,2024-10-05,Europe,France,Air Purifier,Home,SMB,7,138.79,0,971.53,472.45
4964,2024-10-05,North America,Canada,Bluetooth Speaker,Electronics,SMB,3,59.39,0.15,151.44,70.02
4965,2024-10-05,APAC,India,Smart Watch,Electronics,SMB,2,188.99,0.15,321.28,200.42
4966,2024-10-05,North America,Canada,Smart Watch,Electronics,Consumer,3,186.77,0.1,504.28,273.14
4967,2024-10-05,North America,Canada,Wireless Headphones,Electronics,SMB,3,93.87,0.1,253.45,146.93
4968,2024-10-05,APAC,Australia,LED Desk Lamp,Home,Enterprise,3,41.25,0.05,117.56,76.35
4969,2024-10-05,Europe,France,Ceramic Cookware Set,Home,Enterprise,4,160.44,0.05,609.67,276.36
4970,2024-10-05,North America,Canada,Wireless Headphones,Electronics,SMB,3,91.73,0,275.19,173.29
4971,2024-10-06,North America,Canada,Ceramic Cookware Set,Home,Enterprise,7,150.79,0.1,949.98,494.72
4972,2024-10-06,Europe,France,Monitor Arm,Office,SMB,2,56.94,0.15,96.8,43.72
4973,2024-10-06,North America,Canada,Vacuum Cleaner,Home,Enterprise,7,226.46,0.05,1505.96,709.26
4974,2024-10-06,APAC,India,Vacuum Cleaner,Home,SMB,4,218.43,0.15,742.66,360.08
4975,2024-10-06,North America,Canada,LED Desk Lamp,Home,Enterprise,5,37.31,0,186.55,117.3
4976,2024-10-06,North America,USA,Ceramic Cookware Set,Home,SMB,4,157.71,0.05,599.3,386.89
4977,2024-10-06,North America,USA,Smart Watch,Electronics,Consumer,2,214.67,0.15,364.94,230.74
4978,2024-10-06,North America,Canada,Denim Jacket,Apparel,Consumer,2,72.34,0,144.68,77.19
4979,2024-10-06,Europe,France,Denim Jacket,Apparel,Consumer,1,70.58,0.05,67.05,40.41
4980,2024-10-06,Europe,Germany,Rain Jacket,Apparel,SMB,1,105.18,0.1,94.66,60.62
4981,2024-10-07,APAC,Japan,Tablet Stand,Electronics,SMB,1,25.47,0.05,24.2,14.08
4982,2024-10-07,North America,USA,Running Shoes,Apparel,Enterprise,6,78.07,0.2,374.74,202.43
4983,2024-10-07,APAC,Australia,Wool Sweater,Apparel,Enterprise,4,92.61,0.1,333.4,189.92
4984,2024-10-07,APAC,Japan,Vacuum Cleaner,Home,SMB,4,220.89,0.2,706.85,376.56
4985,2024-10-07,North America,Canada,Notebook Set,Office,Enterprise,3,14.9,0.1,40.23,22.09
4986,2024-10-07,Europe,Spain,Smart Watch,Electronics,Consumer,1,203.94,0,203.94,107.73
4987,2024-10-07,North America,Canada,Denim Jacket,Apparel,Enterprise,4,70.66,0,282.64,137.72
4988,2024-10-08,North America,Canada,Vacuum Cleaner,Home,Consumer,3,205.15,0,615.45,383.96
4989,2024-10-08,Europe,UK,Monitor Arm,Office,Enterprise,4,58.99,0.05,224.16,134.11
4990,2024-10-09,North America,USA,Smart Watch,Electronics,SMB,5,192.88,0.1,867.96,558.09
4991,2024-10-09,APAC,India,Wireless Headphones,Electronics,SMB,1,87.51,0,87.51,53.91
4992,2024-10-09,Europe,Germany,Monitor Arm,Office,Consumer,1,57.34,0,57.34,32.98
4993,2024-10-09,Europe,Spain,Denim Jacket,Apparel,Enterprise,5,63.66,0.05,302.38,145.14
4994,2024-10-09,LATAM,Mexico,Smart Watch,Electronics,Consumer,1,193.48,0.1,174.13,87.27
4995,2024-10-09,Europe,UK,Standing Desk,Office,Consumer,1,400.56,0.15,340.48,168.1
4996,2024-10-09,North America,USA,Vacuum Cleaner,Home,Enterprise,3,221.66,0,664.98,330.99
4997,2024-10-09,North America,USA,Wireless Headphones,Electronics,SMB,1,86.92,0,86.92,54.33
4998,2024-10-10,Europe,UK,LED Desk Lamp,Home,Enterprise,5,36.79,0,183.95,89.16
4999,2024-10-10,Europe,Germany,Ergonomic Chair,Office,SMB,2,249.5,0.05,474.05,267.74
5000,2024-10-10,Europe,Spain,Ceramic Cookware Set,Home,Consumer,1,158.14,0,158.14,97.23
5001,2024-10-10,North America,USA,LED Desk Lamp,Home,SMB,5,40.84,0,204.2,115.39
5002,2024-10-10,North America,USA,Vacuum Cleaner,Home,Enterprise,4,208.53,0,834.12,380.44
5003,2024-10-10,APAC,Japan,Monitor Arm,Office,Enterprise,2,55.82,0,111.64,53.39
5004,2024-10-10,Europe,Spain,Tablet Stand,Electronics,Consumer,2,25.57,0.05,48.58,23.45
5005,2024-10-10,APAC,Australia,Wireless Headphones,Electronics,Consumer,2,88.35,0,176.7,81.45
5006,2024-10-10,North America,Canada,Wireless Headphones,Electronics,SMB,6,82.22,0,493.32,283.37
5007,2024-10-10,Europe,France,Notebook Set,Office,Consumer,1,14.8,0,14.8,8.72
5008,2024-10-10,Europe,France,Bluetooth Speaker,Electronics,Consumer,3,63.71,0.2,152.9,97.91
5009,2024-10-10,APAC,Australia,Smart Watch,Electronics,SMB,1,184.95,0.15,157.21,76.94
5010,2024-10-10,Europe,UK,Smart Watch,Electronics,SMB,4,207.2,0,828.8,462.76
5011,2024-10-11,LATAM,Brazil,Vacuum Cleaner,Home,Consumer,1,208.04,0.1,187.24,117.61
5012,2024-10-11,APAC,India,Ceramic Cookware Set,Home,Enterprise,3,139.32,0.05,397.06,204.82
5013,2024-10-11,LATAM,Mexico,Standing Desk,Office,SMB,1,403.67,0,403.67,237.01
5014,2024-10-11,North America,USA,Ergonomic Chair,Office,SMB,2,245.61,0,491.22,262.12
5015,2024-10-11,North America,Canada,Air Purifier,Home,SMB,3,138.45,0.05,394.58,253.06
5016,2024-10-11,North America,USA,Running Shoes,Apparel,Enterprise,5,80.75,0,403.75,245.67
5017,2024-10-11,North America,USA,Bluetooth Speaker,Electronics,SMB,3,62.03,0,186.09,105.9
5018,2024-10-11,LATAM,Mexico,Vacuum Cleaner,Home,Consumer,1,214.29,0,214.29,120.94
5019,2024-10-11,Europe,Spain,Bluetooth Speaker,Electronics,Enterprise,4,58.98,0,235.92,117.71
5020,2024-10-12,North America,USA,Denim Jacket,Apparel,Enterprise,6,66.66,0.15,339.97,194.42
5021,2024-10-12,Europe,UK,Air Purifier,Home,SMB,3,120.43,0.2,289.03,138.48
5022,2024-10-12,Europe,Spain,Running Shoes,Apparel,SMB,1,77.37,0.1,69.63,37.3
5023,2024-10-12,North America,USA,Vacuum Cleaner,Home,Consumer,4,210.97,0.05,801.69,510.07
5024,2024-10-12,North America,USA,Wool Sweater,Apparel,Enterprise,3,95.05,0,285.15,149.82
5025,2024-10-12,North America,USA,Smart Watch,Electronics,SMB,4,210.01,0.1,756.04,341.92
5026,2024-10-12,Europe,Spain,Standing Desk,Office,SMB,2,370.1,0.05,703.19,366.39
5027,2024-10-12,Europe,UK,Ergonomic Chair,Office,SMB,2,247.66,0.15,421.02,252.72
5028,2024-10-12,North America,USA,Bluetooth Speaker,Electronics,Enterprise,8,61.46,0.15,417.93,245.85
5029,2024-10-13,Europe,Spain,Rain Jacket,Apparel,Consumer,1,93.37,0,93.37,51.07
5030,2024-10-13,APAC,Australia,Vacuum Cleaner,Home,SMB,1,209.54,0,209.54,118.64
5031,2024-10-13,North America,Canada,Ceramic Cookware Set,Home,SMB,2,157.15,0.15,267.16,137.58
5032,2024-10-13,APAC,India,Wool Sweater,Apparel,SMB,2,83.78,0,167.56,96.09
5033,2024-10-13,LATAM,Mexico,Notebook Set,Office,Consumer,1,14.08,0.15,11.97,7.03
5034,2024-10-13,Europe,UK,Standing Desk,Office,Consumer,3,416.56,0,1249.68,746.59
5035,2024-10-13,North America,USA,Rain Jacket,Apparel,Consumer,1,102.42,0.05,97.3,62.65
5036,2024-10-13,North America,Canada,Running Shoes,Apparel,SMB,2,79.9,0.1,143.82,87.39
5037,2024-10-13,Europe,UK,Notebook Set,Office,SMB,5,14.29,0.15,60.73,36.57
5038,2024-10-13,North America,Canada,Tablet Stand,Electronics,SMB,1,26.23,0,26.23,12.56
5039,2024-10-13,APAC,Japan,Bluetooth Speaker,Electronics,SMB,2,61.31,0.1,110.36,57.37
5040,2024-10-13,North America,Canada,Tablet Stand,Electronics,Consumer,2,25.8,0,51.6,29.38
5041,2024-10-14,Europe,France,Rain Jacket,Apparel,Consumer,1,94.61,0.05,89.88,46.41
5042,2024-10-14,Europe,UK,Bluetooth Speaker,Electronics,Consumer,1,55.37,0,55.37,30.06
5043,2024-10-14,APAC,India,Bluetooth Speaker,Electronics,Consumer,2,56.69,0.1,102.04,53.9
5044,2024-10-14,North America,USA,Air Purifier,Home,SMB,5,119.86,0.15,509.4,305.48
5045,2024-10-14,North America,USA,Tablet Stand,Electronics,SMB,1,25.55,0,25.55,15.44
5046,2024-10-14,APAC,Singapore,Vacuum Cleaner,Home,SMB,3,227.55,0.2,546.12,320.32
5047,2024-10-14,LATAM,Mexico,Air Purifier,Home,SMB,1,132.71,0.2,106.17,54.12
5048,2024-10-14,North America,USA,LED Desk Lamp,Home,Consumer,4,40.49,0.15,137.67,73.9
5049,2024-10-15,North America,Canada,Wireless Headphones,Electronics,Enterprise,5,86.15,0,430.75,253.79
5050,2024-10-15,North America,USA,Ceramic Cookware Set,Home,SMB,1,152.18,0,152.18,76.23
5051,2024-10-15,North America,Canada,Wool Sweater,Apparel,SMB,6,94.06,0.1,507.92,257.52
5052,2024-10-15,North America,USA,Denim Jacket,Apparel,Consumer,7,71.64,0,501.48,272.2
5053,2024-10-15,APAC,Australia,Running Shoes,Apparel,Consumer,4,84.59,0.1,304.52,177.02
5054,2024-10-15,APAC,Australia,Rain Jacket,Apparel,SMB,2,93.42,0,186.84,119.67
5055,2024-10-15,APAC,Japan,Smart Watch,Electronics,Consumer,2,207.53,0.15,352.8,213.02
5056,2024-10-15,APAC,Singapore,Running Shoes,Apparel,Enterprise,3,84.59,0.1,228.39,105.2
5057,2024-10-16,APAC,Australia,Wireless Headphones,Electronics,Consumer,2,87.89,0,175.78,82.39
5058,2024-10-16,Europe,UK,Notebook Set,Office,SMB,4,15.61,0,62.44,32.13
5059,2024-10-16,LATAM,Mexico,LED Desk Lamp,Home,Enterprise,5,39.8,0,199.0,106.52
5060,2024-10-16,LATAM,Brazil,Ceramic Cookware Set,Home,Consumer,1,159.37,0.2,127.5,79.21
5061,2024-10-16,APAC,India,Smart Watch,Electronics,Enterprise,11,196.32,0.15,1835.59,967.99
5062,2024-10-16,Europe,France,Standing Desk,Office,Enterprise,3,369.41,0.05,1052.82,496.38
5063,2024-10-16,Europe,Germany,Smart Watch,Electronics,SMB,2,184.34,0,368.68,238.97
5064,2024-10-16,LATAM,Brazil,Wireless Headphones,Electronics,Enterprise,4,88.8,0,355.2,218.69
5065,2024-10-16,North America,USA,Smart Watch,Electronics,SMB,3,205.13,0.1,553.85,304.48
5066,2024-10-16,North America,USA,Ergonomic Chair,Office,Enterprise,2,230.95,0.15,392.61,245.66
5067,2024-10-16,North America,USA,Ceramic Cookware Set,Home,Consumer,3,157.04,0,471.12,303.92
5068,2024-10-16,North America,USA,Tablet Stand,Electronics,Enterprise,5,25.3,0.05,120.17,61.43
5069,2024-10-16,LATAM,Brazil,Wool Sweater,Apparel,Enterprise,4,89.14,0,356.56,180.36
5070,2024-10-17,Europe,UK,Ergonomic Chair,Office,Enterprise,4,252.42,0,1009.68,573.72
5071,2024-10-17,Europe,UK,Running Shoes,Apparel,Consumer,3,82.21,0,246.63,114.02
5072,2024-10-17,North America,USA,Vacuum Cleaner,Home,SMB,4,222.2,0.15,755.48,361.07
5073,2024-10-17,LATAM,Mexico,Denim Jacket,Apparel,SMB,1,65.43,0,65.43,31.89
5074,2024-10-17,Europe,France,Air Purifier,Home,SMB,1,123.72,0.2,98.98,55.51
5075,2024-10-17,North America,Canada,Denim Jacket,Apparel,SMB,5,63.7,0,318.5,191.35
5076,2024-10-17,Europe,UK,LED Desk Lamp,Home,Consumer,2,37.32,0,74.64,44.88
5077,2024-10-17,LATAM,Brazil,Vacuum Cleaner,Home,SMB,1,229.33,0.1,206.4,128.82
5078,2024-10-17,North America,USA,Air Purifier,Home,SMB,2,133.57,0.15,227.07,116.73
5079,2024-10-17,North America,Canada,Rain Jacket,Apparel,Consumer,1,97.5,0.05,92.62,54.1
5080,2024-10-18,North America,USA,Ceramic Cookware Set,Home,Consumer,2,139.62,0.15,237.35,120.97
5081,2024-10-18,North America,USA,Wireless Headphones,Electronics,Enterprise,4,92.88,0.15,315.79,183.67
5082,2024-10-18,North America,Canada,Monitor Arm,Office,SMB,5,56.08,0,280.4,175.54
5083,2024-10-18,LATAM,Mexico,LED Desk Lamp,Home,SMB,1,40.97,0,40.97,25.43
5084,2024-10-18,Europe,Spain,Ceramic Cookware Set,Home,Enterprise,5,151.12,0.05,717.82,443.01
5085,2024-10-18,Europe,UK,Notebook Set,Office,Enterprise,3,14.31,0,42.93,24.97
5086,2024-10-18,North America,Canada,Air Purifier,Home,SMB,3,135.49,0,406.47,228.66
5087,2024-10-18,Europe,UK,Wireless Headphones,Electronics,Enterprise,6,95.9,0,575.4,262.6
5088,2024-10-18,North America,Canada,Wool Sweater,Apparel,SMB,4,82.38,0,329.52,178.51
5089,2024-10-18,Europe,Germany,Vacuum Cleaner,Home,Consumer,6,210.83,0,1264.98,583.1
5090,2024-10-19,APAC,Australia,Tablet Stand,Electronics,Consumer,1,26.5,0.1,23.85,14.13
5091,2024-10-19,North America,Canada,Wireless Headphones,Electronics,Consumer,2,93.6,0.2,149.76,88.9
5092,2024-10-19,Europe,France,Tablet Stand,Electronics,SMB,4,26.12,0.05,99.26,56.2
5093,2024-10-19,Europe,UK,Tablet Stand,Electronics,Enterprise,2,26.86,0,53.72,31.64
5094,2024-10-19,APAC,Australia,Bluetooth Speaker,Electronics,Enterprise,5,60.73,0.1,273.28,160.33
5095,2024-10-19,North America,USA,Vacuum Cleaner,Home,Consumer,1,220.47,0,220.47,102.78
5096,2024-10-19,Europe,Germany,Notebook Set,Office,Enterprise,4,15.41,0,61.64,29.62
5097,2024-10-19,North America,USA,Vacuum Cleaner,Home,Consumer,2,234.38,0,468.76,238.0
5098,2024-10-19,North America,Canada,Vacuum Cleaner,Home,Enterprise,7,219.58,0,1537.06,819.02
5099,2024-10-19,North America,USA,Rain Jacket,Apparel,Consumer,1,99.74,0.1,89.77,50.46
5100,2024-10-20,Europe,UK,Bluetooth Speaker,Electronics,Consumer,1,54.34,0.2,43.47,20.81
5101,2024-10-20,Europe,UK,LED Desk Lamp,Home,SMB,1,38.91,0.05,36.96,19.41
5102,2024-10-20,North America,USA,Denim Jacket,Apparel,Consumer,3,71.32,0.2,171.17,84.9
5103,2024-10-20,LATAM,Brazil,Bluetooth Speaker,Electronics,Enterprise,2,63.44,0,126.88,70.41
5104,2024-10-20,Europe,Spain,Smart Watch,Electronics,Enterprise,5,213.76,0,1068.8,562.52
5105,2024-10-20,Europe,UK,Air Purifier,Home,SMB,1,123.04,0.15,104.58,67.11
5106,2024-10-20,North America,USA,Denim Jacket,Apparel,SMB,5,70.04,0,350.2,179.06
5107,2024-10-20,LATAM,Brazil,Denim Jacket,Apparel,Enterprise,1,70.0,0.2,56.0,32.01
5108,2024-10-20,North America,Canada,Tablet Stand,Electronics,Consumer,1,26.21,0.1,23.59,14.15
5109,2024-10-20,LATAM,Mexico,Tablet Stand,Electronics,Enterprise,1,25.31,0.15,21.51,10.74
5110,2024-10-20,North America,USA,Tablet Stand,Electronics,Enterprise,5,25.56,0.05,121.41,59.63
5111,2024-10-20,North America,USA,Running Shoes,Apparel,Enterprise,4,84.95,0.2,271.84,174.58
5112,2024-10-20,APAC,Japan,Bluetooth Speaker,Electronics,Consumer,1,59.02,0,59.02,27.3
5113,2024-10-21,LATAM,Mexico,Wireless Headphones,Electronics,Enterprise,2,84.37,0,168.74,104.69
5114,2024-10-21,North America,USA,Rain Jacket,Apparel,SMB,1,102.44,0.2,81.95,38.52
5115,2024-10-21,LATAM,Mexico,Standing Desk,Office,SMB,3,391.22,0.2,938.93,457.76
5116,2024-10-21,Europe,France,Air Purifier,Home,SMB,4,129.12,0,516.48,316.3
5117,2024-10-21,APAC,Japan,LED Desk Lamp,Home,SMB,2,41.93,0.05,79.67,46.39
5118,2024-10-21,Europe,UK,Vacuum Cleaner,Home,SMB,5,228.82,0.1,1029.69,648.27
5119,2024-10-21,APAC,India,Bluetooth Speaker,Electronics,Enterprise,3,56.41,0.1,152.31,72.49
5120,2024-10-21,LATAM,Brazil,Wireless Headphones,Electronics,SMB,1,82.44,0.05,78.32,37.76
5121,2024-10-21,APAC,India,Smart Watch,Electronics,Consumer,1,189.61,0,189.61,86.9
5122,2024-10-21,North America,USA,Ceramic Cookware Set,Home,Enterprise,4,137.16,0,548.64,309.64
5123,2024-10-21,Europe,Spain,Bluetooth Speaker,Electronics,Consumer,4,59.47,0.2,190.3,119.7
5124,2024-10-21,Europe,UK,Vacuum Cleaner,Home,Enterprise,4,223.59,0,894.36,469.0
5125,2024-10-22,Europe,France,Notebook Set,Office,Enterprise,5,14.31,0.15,60.82,34.63
5126,2024-10-22,LATAM,Mexico,Running Shoes,Apparel,Consumer,2,84.39,0,168.78,79.95
5127,2024-10-22,North America,Canada,Notebook Set,Office,Enterprise,6,14.19,0.1,76.63,48.94
5128,2024-10-22,North America,USA,Notebook Set,Office,Consumer,3,15.09,0.05,43.01,24.13
5129,2024-10-22,Europe,UK,Tablet Stand,Electronics,SMB,4,25.03,0.1,90.11,52.91
5130,2024-10-22,North America,USA,Ergonomic Chair,Office,SMB,5,261.33,0,1306.65,684.31
5131,2024-10-22,LATAM,Mexico,Rain Jacket,Apparel,SMB,1,99.4,0.2,79.52,36.87
5132,2024-10-22,APAC,India,Standing Desk,Office,SMB,1,407.19,0.15,346.11,158.38
5133,2024-10-22,Europe,France,Standing Desk,Office,Consumer,2,403.84,0.1,726.91,439.51
5134,2024-10-22,North America,Canada,Wireless Headphones,Electronics,SMB,4,90.54,0.15,307.84,168.0
5135,2024-10-22,Europe,Germany,Tablet Stand,Electronics,SMB,1,23.67,0.2,18.94,10.3
5136,2024-10-22,APAC,India,Ergonomic Chair,Office,Consumer,1,247.46,0.15,210.34,108.89
5137,2024-10-23,Europe,UK,Running Shoes,Apparel,Enterprise,5,78.01,0,390.05,211.61
5138,2024-10-23,North America,Canada,Standing Desk,Office,SMB,5,416.52,0.15,1770.21,1008.27
5139,2024-10-23,APAC,Japan,Smart Watch,Electronics,SMB,3,193.38,0,580.14,281.82
5140,2024-10-23,Europe,Germany,Tablet Stand,Electronics,Enterprise,3,23.6,0,70.8,37.34
5141,2024-10-23,North America,USA,Ceramic Cookware Set,Home,SMB,3,141.98,0.05,404.64,203.52
5142,2024-10-23,APAC,Singapore,Bluetooth Speaker,Electronics,Enterprise,5,60.28,0,301.4,173.59
5143,2024-10-23,Europe,Spain,Wireless Headphones,Electronics,Enterprise,3,84.84,0.05,241.79,142.99
5144,2024-10-23,North America,Canada,Denim Jacket,Apparel,Consumer,1,71.71,0,71.71,44.99
5145,2024-10-23,APAC,Singapore,Wireless Headphones,Electronics,Consumer,2,94.32,0.15,160.34,90.64
5146,2024-10-23,LATAM,Mexico,LED Desk Lamp,Home,Enterprise,2,36.28,0.05,68.93,34.86
5147,2024-10-23,APAC,India,Denim Jacket,Apparel,Consumer,1,70.47,0.1,63.42,37.0
5148,2024-10-23,Europe,France,Vacuum Cleaner,Home,SMB,3,225.68,0,677.04,418.67
5149,2024-10-24,North America,Canada,Smart Watch,Electronics,SMB,3,201.63,0,604.89,383.11
5150,2024-10-24,Europe,Germany,Monitor Arm,Office,Enterprise,5,58.06,0.05,275.79,173.45
5151,2024-10-24,North America,Canada,Ergonomic Chair,Office,Consumer,3,246.67,0,740.01,469.71
5152,2024-10-24,Europe,Germany,Smart Watch,Electronics,Consumer,3,193.23,0,579.69,274.45
5153,2024-10-24,LATAM,Brazil,Ergonomic Chair,Office,Consumer,2,234.82,0.15,399.19,231.17
5154,2024-10-24,Europe,UK,Notebook Set,Office,Consumer,3,15.11,0.2,36.26,17.54
5155,2024-10-24,LATAM,Mexico,Wireless Headphones,Electronics,Enterprise,4,95.93,0.2,306.98,179.47
5156,2024-10-24,APAC,Australia,Rain Jacket,Apparel,Enterprise,4,94.23,0,376.92,213.44
5157,2024-10-25,Europe,France,Denim Jacket,Apparel,Enterprise,6,65.44,0.15,333.74,155.15
5158,2024-10-25,Europe,UK,Wireless Headphones,Electronics,SMB,1,81.99,0,81.99,46.64
5159,2024-10-25,Europe,Germany,Bluetooth Speaker,Electronics,Enterprise,3,56.71,0.15,144.61,67.96
5160,2024-10-25,Europe,Germany,Tablet Stand,Electronics,Consumer,3,24.65,0.15,62.86,36.47
5161,2024-10-25,APAC,Australia,Rain Jacket,Apparel,SMB,3,97.84,0,293.52,160.15
5162,2024-10-25,LATAM,Brazil,Ergonomic Chair,Office,Consumer,4,260.66,0.2,834.11,450.09
5163,2024-10-25,North America,Canada,Rain Jacket,Apparel,Consumer,4,92.36,0,369.44,229.85
5164,2024-10-25,North America,USA,Wireless Headphones,Electronics,SMB,5,85.67,0,428.35,272.54
5165,2024-10-25,North America,USA,Ergonomic Chair,Office,Consumer,3,263.53,0.15,672.0,352.77
5166,2024-10-26,Europe,UK,Denim Jacket,Apparel,SMB,6,64.49,0,386.94,174.21
5167,2024-10-26,APAC,Singapore,Smart Watch,Electronics,Consumer,2,204.81,0,409.62,215.57
5168,2024-10-26,Europe,Germany,Rain Jacket,Apparel,Enterprise,1,103.79,0.2,83.03,50.13
5169,2024-10-26,North America,USA,Air Purifier,Home,Enterprise,4,135.12,0,540.48,315.34
5170,2024-10-26,Europe,Germany,Air Purifier,Home,SMB,1,121.19,0.1,109.07,50.27
5171,2024-10-26,North America,Canada,LED Desk Lamp,Home,Consumer,1,38.57,0,38.57,23.91
5172,2024-10-26,North America,Canada,Running Shoes,Apparel,SMB,1,83.13,0,83.13,38.97
5173,2024-10-27,Europe,France,Rain Jacket,Apparel,Enterprise,5,95.87,0.1,431.42,276.5
5174,2024-10-27,North America,Canada,Tablet Stand,Electronics,SMB,5,23.25,0.2,93.0,55.62
5175,2024-10-27,LATAM,Brazil,Wool Sweater,Apparel,SMB,2,92.58,0.2,148.13,82.96
5176,2024-10-27,North America,Canada,Ceramic Cookware Set,Home,Consumer,1,139.3,0,139.3,65.97
5177,2024-10-27,North America,Canada,Vacuum Cleaner,Home,SMB,5,201.96,0.15,858.33,472.05
5178,2024-10-27,North America,Canada,Rain Jacket,Apparel,Consumer,1,91.49,0,91.49,50.14
5179,2024-10-27,APAC,India,Standing Desk,Office,Consumer,1,383.05,0,383.05,214.91
5180,2024-10-27,Europe,Germany,Ceramic Cookware Set,Home,Consumer,1,158.72,0.1,142.85,89.88
5181,2024-10-28,Europe,UK,Wool Sweater,Apparel,SMB,3,94.38,0.2,226.51,117.58
5182,2024-10-28,North America,Canada,Ceramic Cookware Set,Home,Enterprise,2,150.58,0,301.16,158.9
5183,2024-10-28,Europe,Spain,Tablet Stand,Electronics,Enterprise,3,25.41,0.2,60.98,30.58
5184,2024-10-28,APAC,India,Standing Desk,Office,SMB,4,414.66,0.2,1326.91,701.62
5185,2024-10-28,APAC,Australia,Ergonomic Chair,Office,SMB,1,251.77,0.1,226.59,146.86
5186,2024-10-28,APAC,Japan,Notebook Set,Office,Consumer,3,14.57,0.1,39.34,19.17
5187,2024-10-28,Europe,France,Ceramic Cookware Set,Home,Consumer,1,142.18,0,142.18,90.76
5188,2024-10-29,North America,Canada,Denim Jacket,Apparel,Enterprise,5,66.12,0,330.6,189.14
5189,2024-10-29,APAC,Japan,Smart Watch,Electronics,Enterprise,2,184.33,0.1,331.79,162.99
5190,2024-10-29,North America,Canada,Monitor Arm,Office,Consumer,1,56.3,0.1,50.67,31.68
5191,2024-10-29,LATAM,Mexico,Smart Watch,Electronics,SMB,3,212.92,0.05,606.82,294.95
5192,2024-10-29,North America,USA,Wireless Headphones,Electronics,Consumer,2,90.02,0.2,144.03,85.45
5193,2024-10-29,Europe,Germany,Running Shoes,Apparel,SMB,4,73.66,0,294.64,135.92
5194,2024-10-29,Europe,France,Air Purifier,Home,Consumer,1,138.24,0.15,117.5,72.35
5195,2024-10-29,North America,Canada,Air Purifier,Home,SMB,2,124.21,0.1,223.58,134.24
5196,2024-10-30,Europe,France,Smart Watch,Electronics,SMB,1,200.05,0,200.05,127.6
5197,2024-10-30,North America,Canada,Denim Jacket,Apparel,SMB,4,71.84,0,287.36,183.71
5198,2024-10-30,Europe,Germany,Air Purifier,Home,Enterprise,5,135.78,0,678.9,361.75
5199,2024-10-30,Europe,France,Ceramic Cookware Set,Home,Consumer,5,158.44,0,792.2,495.12
5200,2024-10-31,North America,Canada,Wool Sweater,Apparel,Consumer,1,83.25,0,83.25,46.0
5201,2024-10-31,APAC,Singapore,Ceramic Cookware Set,Home,Enterprise,3,144.28,0.2,346.27,177.88
5202,2024-10-31,North America,USA,Ergonomic Chair,Office,Enterprise,4,231.25,0.1,832.5,537.35
5203,2024-10-31,Europe,UK,Ceramic Cookware Set,Home,SMB,2,153.28,0.2,245.25,132.13
5204,2024-10-31,North America,Canada,Tablet Stand,Electronics,Enterprise,1,25.16,0.1,22.64,11.61
5205,2024-10-31,Europe,UK,Running Shoes,Apparel,SMB,3,77.95,0.1,210.47,97.57
5206,2024-10-31,North America,Canada,Denim Jacket,Apparel,SMB,4,66.96,0,267.84,144.12
5207,2024-10-31,North America,USA,Wireless Headphones,Electronics,Enterprise,4,95.99,0.15,326.37,146.91
5208,2024-10-31,North America,Canada,Air Purifier,Home,Consumer,1,137.94,0,137.94,74.51
5209,2024-10-31,North America,USA,Tablet Stand,Electronics,SMB,2,24.16,0.1,43.49,19.78
5210,2024-10-31,Europe,France,LED Desk Lamp,Home,Consumer,2,37.82,0,75.64,46.74
5211,2024-11-01,Europe,Spain,Monitor Arm,Office,Enterprise,5,63.25,0.2,253.0,132.2
5212,2024-11-01,North America,Canada,Ergonomic Chair,Office,Consumer,5,253.74,0,1268.7,754.97
5213,2024-11-01,LATAM,Mexico,Tablet Stand,Electronics,Consumer,1,24.81,0,24.81,12.53
5214,2024-11-01,APAC,Australia,Vacuum Cleaner,Home,Enterprise,5,216.72,0.1,975.24,600.9
5215,2024-11-01,North America,Canada,Smart Watch,Electronics,SMB,4,185.96,0.1,669.46,347.27
5216,2024-11-01,Europe,UK,Bluetooth Speaker,Electronics,Enterprise,7,63.06,0,441.42,267.84
5217,2024-11-01,Europe,UK,Vacuum Cleaner,Home,Consumer,4,204.85,0.1,737.46,394.17
5218,2024-11-01,LATAM,Mexico,Wool Sweater,Apparel,Consumer,4,85.88,0.05,326.34,192.9
5219,2024-11-01,Europe,France,Ergonomic Chair,Office,SMB,2,248.68,0.2,397.89,229.75
5220,2024-11-02,LATAM,Mexico,Vacuum Cleaner,Home,Consumer,3,236.05,0,708.15,441.07
5221,2024-11-02,Europe,Germany,Tablet Stand,Electronics,SMB,4,25.81,0.15,87.75,56.99
5222,2024-11-02,North America,Canada,Monitor Arm,Office,Enterprise,6,55.02,0,330.12,156.44
5223,2024-11-02,North America,Canada,LED Desk Lamp,Home,Consumer,2,37.79,0.2,60.46,30.35
5224,2024-11-02,Europe,France,Bluetooth Speaker,Electronics,SMB,2,56.2,0.05,106.78,52.06
5225,2024-11-02,North America,USA,Wireless Headphones,Electronics,Enterprise,8,84.54,0.05,642.5,348.69
5226,2024-11-02,Europe,France,Vacuum Cleaner,Home,Consumer,3,206.02,0,618.06,292.84
5227,2024-11-02,North America,Canada,Tablet Stand,Electronics,SMB,6,24.41,0.15,124.49,56.13
5228,2024-11-02,Europe,Germany,Wool Sweater,Apparel,SMB,3,93.16,0.05,265.51,129.98
5229,2024-11-02,APAC,Japan,Wool Sweater,Apparel,Enterprise,6,85.13,0.2,408.62,217.23
5230,2024-11-02,North America,USA,Notebook Set,Office,Consumer,5,15.23,0.2,60.92,34.64
5231,2024-11-02,North America,Canada,Smart Watch,Electronics,Consumer,3,196.58,0.05,560.25,330.2
5232,2024-11-02,Europe,France,Vacuum Cleaner,Home,Consumer,1,231.3,0,231.3,149.97
5233,2024-11-03,North America,USA,Running Shoes,Apparel,Consumer,1,75.55,0.2,60.44,37.62
5234,2024-11-03,North America,Canada,Wool Sweater,Apparel,Consumer,4,92.33,0,369.32,181.68
5235,2024-11-03,Europe,UK,Vacuum Cleaner,Home,Consumer,3,231.3,0.15,589.82,286.43
5236,2024-11-03,APAC,Japan,Ergonomic Chair,Office,Consumer,2,246.32,0.15,418.74,188.47
5237,2024-11-03,APAC,Singapore,Monitor Arm,Office,SMB,2,58.65,0,117.3,53.1
5238,2024-11-03,North America,USA,Bluetooth Speaker,Electronics,Enterprise,9,63.62,0,572.58,349.43
5239,2024-11-03,North America,Canada,LED Desk Lamp,Home,SMB,6,38.91,0.1,210.11,126.3
5240,2024-11-03,APAC,Japan,Ceramic Cookware Set,Home,Consumer,4,146.85,0,587.4,266.6
5241,2024-11-03,North America,USA,Wireless Headphones,Electronics,Consumer,3,89.14,0.05,254.05,133.67
5242,2024-11-04,North America,USA,Denim Jacket,Apparel,SMB,4,72.56,0,290.24,140.3
5243,2024-11-04,Europe,France,Smart Watch,Electronics,Enterprise,5,197.95,0,989.75,642.39
5244,2024-11-04,North America,USA,Vacuum Cleaner,Home,Enterprise,7,216.8,0,1517.6,698.2
5245,2024-11-04,North America,Canada,Wireless Headphones,Electronics,SMB,6,95.25,0,571.5,366.54
5246,2024-11-04,North America,USA,Air Purifier,Home,Consumer,2,130.78,0.1,235.4,145.62
5247,2024-11-04,North America,Canada,Rain Jacket,Apparel,SMB,2,101.68,0,203.36,103.29
5248,2024-11-04,Europe,France,Smart Watch,Electronics,Enterprise,6,211.21,0,1267.26,766.64
5249,2024-11-04,North America,USA,Vacuum Cleaner,Home,SMB,2,227.01,0.1,408.62,215.09
5250,2024-11-04,Europe,Germany,Smart Watch,Electronics,Enterprise,6,186.96,0,1121.76,559.17
5251,2024-11-04,Europe,Germany,Ceramic Cookware Set,Home,Consumer,27,158.48,0,4278.96,2448.9
5252,2024-11-05,APAC,India,Denim Jacket,Apparel,SMB,4,67.27,0,269.08,173.14
5253,2024-11-05,Europe,UK,Rain Jacket,Apparel,Consumer,2,97.16,0,194.32,115.44
5254,2024-11-05,Europe,UK,Standing Desk,Office,Enterprise,2,427.88,0,855.76,495.35
5255,2024-11-05,Europe,France,Smart Watch,Electronics,Enterprise,3,195.74,0,587.22,312.18
5256,2024-11-05,Europe,Spain,Smart Watch,Electronics,Consumer,1,214.66,0,214.66,108.93
5257,2024-11-05,Europe,Germany,Running Shoes,Apparel,Consumer,2,74.06,0,148.12,96.26
5258,2024-11-05,APAC,India,Bluetooth Speaker,Electronics,Enterprise,4,54.63,0.05,207.59,117.1
5259,2024-11-05,North America,Canada,Ceramic Cookware Set,Home,SMB,5,138.76,0.2,555.04,291.1
5260,2024-11-05,APAC,Australia,Smart Watch,Electronics,SMB,5,198.06,0,990.3,536.99
5261,2024-11-05,Europe,UK,Rain Jacket,Apparel,Consumer,3,105.09,0.05,299.51,174.07
5262,2024-11-05,LATAM,Brazil,Monitor Arm,Office,Consumer,1,58.58,0.15,49.79,24.29
5263,2024-11-06,North America,USA,Ergonomic Chair,Office,SMB,7,246.64,0.1,1553.83,812.61
5264,2024-11-06,North America,Canada,Notebook Set,Office,Enterprise,4,14.04,0,56.16,30.72
5265,2024-11-06,Europe,Spain,LED Desk Lamp,Home,SMB,3,38.32,0.05,109.21,62.05
5266,2024-11-06,Europe,UK,LED Desk Lamp,Home,SMB,5,42.06,0,210.3,117.2
5267,2024-11-06,Europe,Spain,Vacuum Cleaner,Home,SMB,4,212.23,0.05,806.47,385.71
5268,2024-11-06,North America,USA,Denim Jacket,Apparel,Enterprise,4,71.07,0.05,270.07,175.26
5269,2024-11-06,APAC,Australia,Air Purifier,Home,SMB,2,124.6,0.05,236.74,117.39
5270,2024-11-06,APAC,Japan,Running Shoes,Apparel,Consumer,1,79.59,0,79.59,44.27
5271,2024-11-06,North America,Canada,Monitor Arm,Office,SMB,5,56.75,0.15,241.19,124.72
5272,2024-11-06,APAC,Australia,Air Purifier,Home,Consumer,4,131.75,0.05,500.65,280.41
5273,2024-11-06,APAC,Singapore,Rain Jacket,Apparel,SMB,2,106.05,0.15,180.28,95.67
5274,2024-11-06,North America,USA,Notebook Set,Office,SMB,7,15.67,0.05,104.21,52.63
5275,2024-11-07,Europe,Spain,Tablet Stand,Electronics,SMB,4,24.78,0,99.12,53.32
5276,2024-11-07,Europe,Spain,Rain Jacket,Apparel,Enterprise,5,100.11,0.15,425.47,217.38
5277,2024-11-07,North America,USA,Air Purifier,Home,Enterprise,6,130.33,0,781.98,407.61
5278,2024-11-07,APAC,India,Denim Jacket,Apparel,Enterprise,5,64.83,0.1,291.74,151.68
5279,2024-11-07,Europe,Germany,Smart Watch,Electronics,Consumer,1,190.56,0,190.56,113.96
5280,2024-11-07,APAC,Singapore,Rain Jacket,Apparel,Consumer,2,105.49,0,210.98,97.13
5281,2024-11-07,North America,Canada,Tablet Stand,Electronics,Enterprise,6,25.91,0.2,124.37,77.05
5282,2024-11-07,North America,USA,Bluetooth Speaker,Electronics,SMB,3,62.77,0.15,160.06,97.52
5283,2024-11-07,North America,Canada,Tablet Stand,Electronics,Consumer,2,25.49,0.1,45.88,28.74
5284,2024-11-07,North America,USA,Wool Sweater,Apparel,Consumer,2,94.59,0,189.18,115.25
5285,2024-11-07,Europe,UK,Standing Desk,Office,Consumer,2,371.57,0,743.14,434.18
5286,2024-11-07,Europe,France,Running Shoes,Apparel,SMB,4,84.96,0,339.84,166.5
5287,2024-11-07,APAC,India,Smart Watch,Electronics,SMB,2,192.86,0,385.72,196.57
5288,2024-11-08,Europe,Germany,Smart Watch,Electronics,SMB,6,186.76,0.2,896.45,474.66
5289,2024-11-08,North America,Canada,Bluetooth Speaker,Electronics,Consumer,3,62.17,0,186.51,108.53
5290,2024-11-08,North America,Canada,Tablet Stand,Electronics,Consumer,1,24.3,0.1,21.87,13.07
5291,2024-11-08,North America,Canada,Running Shoes,Apparel,Enterprise,7,74.17,0,519.19,287.28
5292,2024-11-08,North America,USA,Bluetooth Speaker,Electronics,Enterprise,6,62.35,0.15,317.99,166.81
5293,2024-11-08,Europe,France,Rain Jacket,Apparel,Enterprise,6,97.75,0.05,557.17,327.51
5294,2024-11-08,Europe,Spain,Rain Jacket,Apparel,SMB,4,101.59,0,406.36,239.86
5295,2024-11-08,Europe,France,Wool Sweater,Apparel,Consumer,3,92.22,0.15,235.16,137.73
5296,2024-11-08,North America,USA,Denim Jacket,Apparel,Consumer,3,65.21,0,195.63,92.79
5297,2024-11-08,Europe,UK,Notebook Set,Office,SMB,3,15.09,0.15,38.48,24.01
5298,2024-11-08,Europe,Germany,Wool Sweater,Apparel,Consumer,1,88.35,0.15,75.1,40.4
5299,2024-11-08,APAC,Australia,Vacuum Cleaner,Home,Consumer,1,212.2,0,212.2,109.73
5300,2024-11-08,North America,Canada,Bluetooth Speaker,Electronics,Consumer,5,57.48,0,287.4,139.76
5301,2024-11-08,Europe,Spain,Bluetooth Speaker,Electronics,SMB,3,60.04,0.1,162.11,79.08
5302,2024-11-08,North America,Canada,Vacuum Cleaner,Home,Consumer,1,230.27,0,230.27,121.65
5303,2024-11-08,Europe,Germany,Rain Jacket,Apparel,Enterprise,7,99.28,0,694.96,366.41
5304,2024-11-08,Europe,UK,Notebook Set,Office,Consumer,5,14.89,0,74.45,47.59
5305,2024-11-08,APAC,India,Wool Sweater,Apparel,Enterprise,3,90.45,0,271.35,153.73
5306,2024-11-09,Europe,France,Standing Desk,Office,Enterprise,5,387.95,0.2,1551.8,971.32
5307,2024-11-09,Europe,France,Smart Watch,Electronics,Consumer,4,194.8,0.15,662.32,428.31
5308,2024-11-09,APAC,India,Smart Watch,Electronics,Consumer,1,185.01,0.1,166.51,104.8
5309,2024-11-09,LATAM,Mexico,Air Purifier,Home,Enterprise,3,119.78,0.05,341.37,213.13
5310,2024-11-09,APAC,Australia,Tablet Stand,Electronics,SMB,3,25.08,0,75.24,37.91
5311,2024-11-09,Europe,France,Wireless Headphones,Electronics,Consumer,2,89.1,0.15,151.47,68.37
5312,2024-11-09,LATAM,Mexico,Wool Sweater,Apparel,Enterprise,1,88.77,0.2,71.02,40.01
5313,2024-11-10,North America,USA,Bluetooth Speaker,Electronics,Enterprise,4,60.46,0,241.84,112.05
5314,2024-11-10,North America,Canada,Vacuum Cleaner,Home,Enterprise,5,227.28,0.2,909.12,462.54
5315,2024-11-10,Europe,Spain,Rain Jacket,Apparel,SMB,7,100.79,0.2,564.42,254.87
5316,2024-11-10,LATAM,Brazil,Rain Jacket,Apparel,SMB,1,101.63,0,101.63,59.15
5317,2024-11-10,North America,Canada,Wool Sweater,Apparel,SMB,4,84.11,0,336.44,183.95
5318,2024-11-10,Europe,France,Tablet Stand,Electronics,SMB,5,23.43,0,117.15,55.03
5319,2024-11-10,Europe,Germany,Tablet Stand,Electronics,Consumer,3,24.86,0.15,63.39,38.34
5320,2024-11-10,North America,Canada,Vacuum Cleaner,Home,Enterprise,8,224.81,0.1,1618.63,841.7
5321,2024-11-10,APAC,India,Wool Sweater,Apparel,Consumer,2,88.19,0,176.38,87.77
5322,2024-11-10,Europe,Germany,Running Shoes,Apparel,SMB,2,73.45,0.05,139.56,63.3
5323,2024-11-10,APAC,India,Denim Jacket,Apparel,SMB,5,70.98,0,354.9,197.44
5324,2024-11-10,North America,USA,LED Desk Lamp,Home,Enterprise,10,37.38,0.1,336.42,155.07
5325,2024-11-11,APAC,Japan,Smart Watch,Electronics,Consumer,3,191.85,0,575.55,338.28
5326,2024-11-11,Europe,UK,Wool Sweater,Apparel,SMB,1,82.31,0,82.31,43.21
5327,2024-11-11,North America,USA,Rain Jacket,Apparel,Enterprise,8,102.55,0,820.4,419.3
5328,2024-11-11,North America,Canada,Ceramic Cookware Set,Home,SMB,7,150.35,0,1052.45,602.53
5329,2024-11-11,North America,USA,Air Purifier,Home,Enterprise,5,125.9,0.05,598.02,372.0
5330,2024-11-11,Europe,France,Notebook Set,Office,SMB,3,14.51,0,43.53,23.64
5331,2024-11-11,North America,Canada,Bluetooth Speaker,Electronics,SMB,4,63.02,0.15,214.27,132.28
5332,2024-11-12,North America,Canada,Wireless Headphones,Electronics,Enterprise,3,90.08,0.15,229.7,143.86
5333,2024-11-12,LATAM,Brazil,Notebook Set,Office,SMB,3,14.99,0,44.97,23.98
5334,2024-11-12,Europe,Germany,Rain Jacket,Apparel,Consumer,2,106.82,0,213.64,119.54
5335,2024-11-12,APAC,Australia,Rain Jacket,Apparel,SMB,2,98.41,0.15,167.3,83.68
5336,2024-11-12,Europe,Germany,Wireless Headphones,Electronics,Consumer,2,85.06,0.2,136.1,83.2
5337,2024-11-12,Europe,UK,Smart Watch,Electronics,Enterprise,5,208.52,0.1,938.34,560.44
5338,2024-11-12,APAC,Japan,Rain Jacket,Apparel,SMB,1,98.97,0.1,89.07,46.91
5339,2024-11-12,North America,Canada,Tablet Stand,Electronics,Consumer,2,23.38,0.05,44.42,23.36
5340,2024-11-12,LATAM,Brazil,Monitor Arm,Office,Consumer,2,56.63,0.1,101.93,53.72
5341,2024-11-12,Europe,Spain,Monitor Arm,Office,Enterprise,5,61.16,0.15,259.93,158.87
5342,2024-11-12,Europe,Germany,Bluetooth Speaker,Electronics,Consumer,4,62.12,0,248.48,154.6
5343,2024-11-12,North America,Canada,Standing Desk,Office,Consumer,4,378.14,0.1,1361.3,874.77
5344,2024-11-13,APAC,Singapore,Standing Desk,Office,Consumer,1,382.19,0,382.19,246.6
5345,2024-11-13,North America,Canada,Ceramic Cookware Set,Home,Enterprise,6,147.7,0.1,797.58,372.88
5346,2024-11-13,North America,Canada,LED Desk Lamp,Home,SMB,4,40.28,0,161.12,80.0
5347,2024-11-13,North America,USA,Wireless Headphones,Electronics,Consumer,2,89.57,0.2,143.31,70.08
5348,2024-11-13,Europe,UK,Wool Sweater,Apparel,Consumer,5,82.73,0,413.65,257.28
5349,2024-11-13,Europe,France,Smart Watch,Electronics,Consumer,1,184.19,0.15,156.56,77.99
5350,2024-11-13,Europe,Spain,Ergonomic Chair,Office,Enterprise,5,256.87,0.1,1155.91,550.08
5351,2024-11-13,North America,Canada,Smart Watch,Electronics,SMB,6,202.32,0.1,1092.53,594.27
5352,2024-11-13,North America,Canada,Air Purifier,Home,Consumer,1,134.83,0,134.83,71.53
5353,2024-11-13,APAC,Japan,Rain Jacket,Apparel,Enterprise,8,98.66,0.1,710.35,421.53
5354,2024-11-13,Europe,Spain,Bluetooth Speaker,Electronics,SMB,7,55.34,0.15,329.27,182.54
5355,2024-11-13,Europe,Germany,Tablet Stand,Electronics,Enterprise,5,24.15,0,120.75,55.95
5356,2024-11-13,Europe,Germany,Tablet Stand,Electronics,Consumer,1,23.5,0.05,22.32,11.68
5357,2024-11-13,North America,USA,Denim Jacket,Apparel,Enterprise,9,73.9,0,665.1,330.84
5358,2024-11-13,North America,Canada,Ergonomic Chair,Office,SMB,33,240.86,0,7948.38,4756.44
5359,2024-11-13,Europe,France,Smart Watch,Electronics,SMB,2,208.83,0.2,334.13,206.15
5360,2024-11-13,APAC,India,Wireless Headphones,Electronics,SMB,3,85.58,0,256.74,128.17
5361,2024-11-14,APAC,Singapore,Standing Desk,Office,SMB,4,393.81,0.1,1417.72,832.79
5362,2024-11-14,North America,USA,Wool Sweater,Apparel,Consumer,4,87.33,0,349.32,226.78
5363,2024-11-14,North America,Canada,Tablet Stand,Electronics,Consumer,2,25.0,0,50.0,23.64
5364,2024-11-14,APAC,India,LED Desk Lamp,Home,SMB,2,38.02,0,76.04,38.17
5365,2024-11-14,North America,Canada,Bluetooth Speaker,Electronics,SMB,8,63.07,0.2,403.65,239.44
5366,2024-11-14,APAC,Japan,Tablet Stand,Electronics,Consumer,1,24.19,0,24.19,13.56
5367,2024-11-14,North America,USA,Air Purifier,Home,SMB,5,130.27,0,651.35,327.34
5368,2024-11-14,North America,Canada,Wireless Headphones,Electronics,SMB,4,95.02,0.05,361.08,225.38
5369,2024-11-14,LATAM,Brazil,Ergonomic Chair,Office,Consumer,1,244.67,0,244.67,127.37
5370,2024-11-14,Europe,France,Tablet Stand,Electronics,Enterprise,6,26.21,0,157.26,92.72
5371,2024-11-15,Europe,Germany,Denim Jacket,Apparel,Consumer,1,67.09,0.1,60.38,31.22
5372,2024-11-15,APAC,Singapore,Vacuum Cleaner,Home,Enterprise,5,209.15,0.2,836.6,504.29
5373,2024-11-15,Europe,France,Smart Watch,Electronics,Consumer,3,187.62,0.15,478.43,223.16
5374,2024-11-15,North America,Canada,Wireless Headphones,Electronics,Enterprise,7,82.03,0.2,459.37,255.65
5375,2024-11-15,Europe,France,Running Shoes,Apparel,SMB,3,76.64,0.2,183.94,85.24
5376,2024-11-15,North America,Canada,Running Shoes,Apparel,Consumer,3,73.1,0,219.3,133.34
5377,2024-11-15,LATAM,Mexico,Ceramic Cookware Set,Home,Consumer,1,139.73,0.1,125.76,60.59
5378,2024-11-15,Europe,France,Tablet Stand,Electronics,SMB,4,26.57,0,106.28,53.81
5379,2024-11-15,North America,Canada,Smart Watch,Electronics,Enterprise,6,214.88,0,1289.28,677.84
5380,2024-11-15,APAC,Australia,Denim Jacket,Apparel,SMB,6,65.35,0.15,333.28,205.95
5381,2024-11-16,LATAM,Brazil,Denim Jacket,Apparel,Consumer,2,63.97,0.1,115.15,54.3
5382,2024-11-16,Europe,France,Standing Desk,Office,Consumer,14,390.65,0,5469.1,3211.39
5383,2024-11-16,Europe,France,Rain Jacket,Apparel,Enterprise,8,104.85,0.15,712.98,383.52
5384,2024-11-16,Europe,UK,Smart Watch,Electronics,Enterprise,9,201.26,0,1811.34,837.28
5385,2024-11-16,APAC,Australia,Ergonomic Chair,Office,SMB,1,257.51,0.1,231.76,120.05
5386,2024-11-16,North America,Canada,Rain Jacket,Apparel,Consumer,6,103.57,0,621.42,374.51
5387,2024-11-16,Europe,Spain,Bluetooth Speaker,Electronics,Consumer,3,62.82,0,188.46,85.8
5388,2024-11-16,LATAM,Mexico,Tablet Stand,Electronics,SMB,2,25.51,0,51.02,29.61
5389,2024-11-16,APAC,Australia,Denim Jacket,Apparel,Enterprise,2,69.02,0.15,117.33,59.86
5390,2024-11-16,Europe,UK,Monitor Arm,Office,Consumer,3,61.07,0,183.21,113.72
5391,2024-11-16,Europe,Germany,Running Shoes,Apparel,SMB,6,81.04,0,486.24,296.48
5392,2024-11-16,APAC,Japan,LED Desk Lamp,Home,SMB,2,38.39,0,76.78,39.27
5393,2024-11-16,Europe,UK,Bluetooth Speaker,Electronics,Consumer,3,63.41,0.05,180.72,104.32
5394,2024-11-16,North America,Canada,Tablet Stand,Electronics,Enterprise,8,25.29,0,202.32,120.18
5395,2024-11-16,Europe,UK,Notebook Set,Office,Consumer,1,14.86,0.2,11.89,5.62
5396,2024-11-17,LATAM,Mexico,Smart Watch,Electronics,Enterprise,5,185.24,0,926.2,562.58
5397,2024-11-17,North America,Canada,Bluetooth Speaker,Electronics,Consumer,6,59.95,0.15,305.75,158.58
5398,2024-11-17,APAC,Singapore,Tablet Stand,Electronics,SMB,4,23.48,0,93.92,44.56
5399,2024-11-17,Europe,UK,Ceramic Cookware Set,Home,Consumer,4,154.01,0,616.04,370.15
5400,2024-11-17,Europe,France,Rain Jacket,Apparel,Enterprise,6,101.34,0.1,547.24,292.51
5401,2024-11-17,Europe,UK,Notebook Set,Office,Consumer,1,15.93,0.2,12.74,7.78
5402,2024-11-17,Europe,Spain,Ceramic Cookware Set,Home,Enterprise,5,137.58,0,687.9,439.16
5403,2024-11-17,APAC,Singapore,Wireless Headphones,Electronics,Consumer,1,88.76,0,88.76,44.12
5404,2024-11-17,North America,Canada,Wireless Headphones,Electronics,Enterprise,9,84.43,0.15,645.89,311.07
5405,2024-11-17,North America,Canada,LED Desk Lamp,Home,SMB,6,36.99,0,221.94,118.64
5406,2024-11-17,APAC,Australia,Ergonomic Chair,Office,Enterprise,4,267.02,0.1,961.27,568.79
5407,2024-11-17,North America,USA,Vacuum Cleaner,Home,SMB,3,226.89,0.1,612.6,371.45
5408,2024-11-17,APAC,India,LED Desk Lamp,Home,SMB,4,41.35,0,165.4,98.42
5409,2024-11-18,LATAM,Mexico,Rain Jacket,Apparel,SMB,1,96.15,0,96.15,44.22
5410,2024-11-18,North America,Canada,Wireless Headphones,Electronics,Enterprise,9,88.14,0.1,713.93,375.15
5411,2024-11-18,APAC,Japan,Wireless Headphones,Electronics,Consumer,1,82.73,0,82.73,50.71
5412,2024-11-18,North America,USA,Bluetooth Speaker,Electronics,Enterprise,8,57.18,0,457.44,296.05
5413,2024-11-18,APAC,India,Rain Jacket,Apparel,Consumer,6,103.11,0.1,556.79,318.71
5414,2024-11-18,Europe,Spain,Bluetooth Speaker,Electronics,SMB,4,58.73,0.2,187.94,95.77
5415,2024-11-18,APAC,Australia,Rain Jacket,Apparel,SMB,4,92.37,0.05,351.01,213.76
5416,2024-11-18,APAC,Australia,LED Desk Lamp,Home,Consumer,2,40.97,0.1,73.75,38.37
5417,2024-11-18,Europe,Germany,Wireless Headphones,Electronics,Consumer,3,83.56,0,250.68,158.5
5418,2024-11-18,North America,USA,Denim Jacket,Apparel,Consumer,5,70.84,0.1,318.78,176.91
5419,2024-11-18,Europe,Germany,Vacuum Cleaner,Home,SMB,3,231.23,0.15,589.64,353.68
5420,2024-11-18,APAC,Australia,Standing Desk,Office,SMB,2,384.1,0,768.2,380.41
5421,2024-11-18,North America,Canada,Smart Watch,Electronics,Consumer,4,190.25,0,761.0,368.18
5422,2024-11-19,North America,USA,Standing Desk,Office,SMB,4,404.85,0.15,1376.49,870.38
5423,2024-11-19,APAC,Singapore,LED Desk Lamp,Home,Consumer,1,35.91,0.15,30.52,14.03
5424,2024-11-19,North America,Canada,Wool Sweater,Apparel,SMB,5,95.83,0.2,383.32,208.44
5425,2024-11-19,Europe,UK,Wireless Headphones,Electronics,Enterprise,4,84.14,0.1,302.9,140.5
5426,2024-11-19,Europe,France,Rain Jacket,Apparel,Consumer,2,93.92,0,187.84,112.32
5427,2024-11-19,North America,Canada,Wireless Headphones,Electronics,Enterprise,5,83.1,0.15,353.18,192.76
5428,2024-11-19,APAC,Singapore,Wool Sweater,Apparel,Consumer,1,91.84,0.2,73.47,39.03
5429,2024-11-19,North America,USA,Smart Watch,Electronics,SMB,5,188.14,0.05,893.66,416.91
5430,2024-11-19,Europe,Germany,Ceramic Cookware Set,Home,Consumer,1,142.28,0,142.28,83.3
5431,2024-11-19,North America,USA,Bluetooth Speaker,Electronics,Enterprise,6,55.84,0.1,301.54,166.44
5432,2024-11-19,North America,Canada,Denim Jacket,Apparel,SMB,6,72.41,0.15,369.29,168.06
5433,2024-11-19,APAC,India,Tablet Stand,Electronics,SMB,3,23.92,0,71.76,40.96
5434,2024-11-19,North America,Canada,Standing Desk,Office,Consumer,2,412.98,0.2,660.77,336.15
5435,2024-11-19,North America,Canada,Vacuum Cleaner,Home,Consumer,2,212.6,0,425.2,255.92
5436,2024-11-19,APAC,India,Tablet Stand,Electronics,SMB,2,25.33,0.2,40.53,21.38
5437,2024-11-19,APAC,Singapore,Wireless Headphones,Electronics,SMB,2,86.06,0,172.12,96.83
5438,2024-11-19,LATAM,Brazil,Ceramic Cookware Set,Home,Consumer,1,146.82,0.15,124.8,77.24
5439,2024-11-19,Europe,Spain,Air Purifier,Home,SMB,4,125.26,0,501.04,325.19
5440,2024-11-19,Europe,UK,Bluetooth Speaker,Electronics,Enterprise,7,59.4,0.1,374.22,212.2
5441,2024-11-19,North America,Canada,Vacuum Cleaner,Home,Enterprise,7,227.33,0.15,1352.61,830.25
5442,2024-11-20,North America,USA,Wool Sweater,Apparel,Enterprise,6,86.23,0,517.38,271.45
5443,2024-11-20,LATAM,Mexico,Wireless Headphones,Electronics,Enterprise,1,93.56,0.1,84.2,43.24
5444,2024-11-20,North America,USA,Air Purifier,Home,Enterprise,5,126.36,0,631.8,369.92
5445,2024-11-20,Europe,France,Running Shoes,Apparel,Consumer,1,80.1,0,80.1,48.89
5446,2024-11-20,Europe,Germany,Wireless Headphones,Electronics,SMB,4,82.32,0.1,296.35,173.49
5447,2024-11-20,North America,Canada,Running Shoes,Apparel,Enterprise,7,82.6,0.15,491.47,315.9
5448,2024-11-20,Europe,France,Ergonomic Chair,Office,Consumer,4,266.86,0.2,853.95,426.86
5449,2024-11-20,North America,USA,Smart Watch,Electronics,Consumer,2,201.12,0.1,362.02,208.89
5450,2024-11-20,Europe,France,Wireless Headphones,Electronics,SMB,3,93.07,0,279.21,179.15
5451,2024-11-20,APAC,Australia,Ceramic Cookware Set,Home,SMB,3,156.0,0.2,374.4,217.15
5452,2024-11-21,North America,Canada,Tablet Stand,Electronics,SMB,4,26.47,0.05,100.59,52.65
5453,2024-11-21,Europe,Germany,Bluetooth Speaker,Electronics,Consumer,3,62.75,0.1,169.43,105.4
5454,2024-11-21,APAC,Australia,Denim Jacket,Apparel,Consumer,1,65.49,0.2,52.39,24.5
5455,2024-11-21,Europe,UK,Monitor Arm,Office,Consumer,2,62.72,0,125.44,75.74
5456,2024-11-21,North America,Canada,Running Shoes,Apparel,Enterprise,8,83.76,0.15,569.57,330.28
5457,2024-11-21,Europe,Germany,Bluetooth Speaker,Electronics,Consumer,2,59.92,0,119.84,61.81
5458,2024-11-21,North America,Canada,Denim Jacket,Apparel,SMB,4,64.2,0.15,218.28,141.83
5459,2024-11-21,APAC,Singapore,Tablet Stand,Electronics,SMB,3,23.06,0,69.18,43.44
5460,2024-11-21,APAC,Japan,Wool Sweater,Apparel,SMB,4,84.92,0,339.68,182.74
5461,2024-11-21,LATAM,Brazil,Ceramic Cookware Set,Home,Enterprise,3,157.55,0.2,378.12,226.34
5462,2024-11-21,North America,Canada,Notebook Set,Office,SMB,4,14.19,0.2,45.41,28.03
5463,2024-11-21,Europe,Germany,LED Desk Lamp,Home,Enterprise,6,35.9,0.2,172.32,98.87
5464,2024-11-22,Europe,Spain,Ceramic Cookware Set,Home,Consumer,2,145.18,0.2,232.29,106.65
5465,2024-11-22,North America,Canada,Running Shoes,Apparel,SMB,5,76.72,0.1,345.24,157.02
5466,2024-11-22,North America,Canada,Ceramic Cookware Set,Home,Consumer,7,148.9,0,1042.3,479.76
5467,2024-11-22,Europe,Spain,Wireless Headphones,Electronics,Enterprise,9,89.83,0.05,768.05,436.39
5468,2024-11-22,Europe,UK,Air Purifier,Home,SMB,8,118.99,0.1,856.73,451.17
5469,2024-11-22,LATAM,Mexico,Monitor Arm,Office,SMB,4,61.48,0.1,221.33,100.54
5470,2024-11-22,Europe,Germany,LED Desk Lamp,Home,SMB,6,36.62,0,219.72,106.63
5471,2024-11-22,Europe,Spain,Wireless Headphones,Electronics,SMB,3,87.42,0,262.26,129.07
5472,2024-11-22,APAC,Singapore,Bluetooth Speaker,Electronics,SMB,2,56.11,0.05,106.61,49.85
5473,2024-11-22,LATAM,Brazil,Notebook Set,Office,Consumer,1,14.35,0,14.35,6.91
5474,2024-11-22,North America,Canada,Ergonomic Chair,Office,Consumer,4,251.35,0,1005.4,529.17
5475,2024-11-22,North America,Canada,Running Shoes,Apparel,SMB,6,82.6,0.1,446.04,274.25
5476,2024-11-22,North America,USA,Monitor Arm,Office,Consumer,2,60.95,0.1,109.71,65.34
5477,2024-11-22,North America,USA,Ceramic Cookware Set,Home,SMB,5,137.74,0.05,654.26,331.01
5478,2024-11-23,North America,Canada,Rain Jacket,Apparel,SMB,5,101.12,0.2,404.48,189.55
5479,2024-11-23,North America,USA,Smart Watch,Electronics,SMB,3,198.02,0.05,564.36,352.09
5480,2024-11-23,LATAM,Mexico,Wireless Headphones,Electronics,Enterprise,1,90.2,0.2,72.16,45.34
5481,2024-11-23,LATAM,Mexico,Bluetooth Speaker,Electronics,Enterprise,3,60.29,0.1,162.78,81.33
5482,2024-11-23,APAC,Japan,Denim Jacket,Apparel,Enterprise,6,69.37,0,416.22,240.63
5483,2024-11-23,APAC,India,Rain Jacket,Apparel,SMB,5,95.17,0,475.85,306.37
5484,2024-11-23,North America,USA,Tablet Stand,Electronics,Enterprise,7,26.79,0,187.53,105.51
5485,2024-11-23,Europe,Spain,Wireless Headphones,Electronics,SMB,3,92.03,0.2,220.87,121.93
5486,2024-11-23,Europe,France,Standing Desk,Office,SMB,3,368.43,0,1105.29,502.59
5487,2024-11-23,North America,USA,Notebook Set,Office,Consumer,4,14.47,0.05,54.99,28.9
5488,2024-11-23,North America,Canada,Denim Jacket,Apparel,Enterprise,9,70.38,0,633.42,385.17
5489,2024-11-23,Europe,France,Vacuum Cleaner,Home,Consumer,3,202.85,0.05,578.12,311.42
5490,2024-11-23,APAC,Australia,Vacuum Cleaner,Home,SMB,4,219.76,0,879.04,551.21
5491,2024-11-23,APAC,Australia,Wireless Headphones,Electronics,Consumer,2,83.73,0.15,142.34,80.52
5492,2024-11-24,North America,Canada,Monitor Arm,Office,SMB,4,62.26,0,249.04,161.84
5493,2024-11-24,APAC,Japan,Ergonomic Chair,Office,SMB,4,234.35,0,937.4,534.53
5494,2024-11-24,APAC,Japan,Ergonomic Chair,Office,Enterprise,6,242.17,0.05,1380.37,884.84
5495,2024-11-24,North America,USA,Bluetooth Speaker,Electronics,Enterprise,7,58.54,0,409.78,214.7
5496,2024-11-24,Europe,France,Wireless Headphones,Electronics,Consumer,3,89.46,0.05,254.96,150.26
5497,2024-11-24,Europe,France,Denim Jacket,Apparel,Consumer,3,63.83,0,191.49,103.62
5498,2024-11-24,North America,USA,Tablet Stand,Electronics,Consumer,4,25.09,0.15,85.31,53.92
5499,2024-11-24,Europe,Spain,Air Purifier,Home,Enterprise,7,123.74,0,866.18,406.51
5500,2024-11-24,APAC,India,Denim Jacket,Apparel,Consumer,1,68.48,0,68.48,38.29
5501,2024-11-24,LATAM,Brazil,Tablet Stand,Electronics,Consumer,2,23.32,0.1,41.98,22.78
5502,2024-11-25,APAC,Australia,Monitor Arm,Office,SMB,2,58.37,0.15,99.23,49.59
5503,2024-11-25,Europe,Germany,LED Desk Lamp,Home,Consumer,2,37.36,0.1,67.25,43.44
5504,2024-11-25,North America,USA,LED Desk Lamp,Home,Enterprise,6,39.62,0,237.72,150.35
5505,2024-11-25,North America,Canada,Running Shoes,Apparel,Consumer,5,75.02,0,375.1,233.05
5506,2024-11-25,Europe,Germany,Wireless Headphones,Electronics,SMB,2,94.51,0.2,151.22,83.97
5507,2024-11-25,Europe,UK,Smart Watch,Electronics,SMB,3,185.99,0,557.97,252.7
5508,2024-11-25,APAC,Australia,Vacuum Cleaner,Home,Enterprise,5,214.19,0.2,856.76,472.93
5509,2024-11-25,North America,USA,Bluetooth Speaker,Electronics,Consumer,6,60.78,0.15,309.98,193.94
5510,2024-11-25,Europe,Germany,Monitor Arm,Office,SMB,2,55.04,0.15,93.57,50.09
5511,2024-11-25,North America,Canada,Rain Jacket,Apparel,Consumer,3,98.31,0,294.93,190.77
5512,2024-11-25,APAC,Singapore,Running Shoes,Apparel,Consumer,1,73.63,0.1,66.27,36.71
5513,2024-11-25,North America,USA,Ergonomic Chair,Office,Enterprise,8,261.63,0,2093.04,964.09
5514,2024-11-26,LATAM,Mexico,Air Purifier,Home,SMB,4,119.79,0.1,431.24,232.01
5515,2024-11-26,APAC,Japan,Ergonomic Chair,Office,Consumer,4,261.64,0.05,994.23,531.57
5516,2024-11-26,North America,USA,Air Purifier,Home,Consumer,5,137.95,0,689.75,397.78
5517,2024-11-26,Europe,Germany,Ergonomic Chair,Office,SMB,3,238.98,0.1,645.25,343.11
5518,2024-11-26,Europe,Spain,Monitor Arm,Office,Consumer,1,57.12,0.1,51.41,32.91
5519,2024-11-26,APAC,Japan,Air Purifier,Home,Enterprise,1,135.08,0.15,114.82,64.0
5520,2024-11-26,North America,Canada,LED Desk Lamp,Home,Consumer,2,40.84,0,81.68,37.47
5521,2024-11-26,North America,USA,Bluetooth Speaker,Electronics,SMB,4,63.04,0.05,239.55,155.48
5522,2024-11-26,North America,USA,Tablet Stand,Electronics,Consumer,4,26.16,0,104.64,66.59
5523,2024-11-26,APAC,Singapore,Bluetooth Speaker,Electronics,SMB,6,57.35,0.2,275.28,139.48
5524,2024-11-26,Europe,UK,Air Purifier,Home,Consumer,3,125.39,0.1,338.55,171.36
5525,2024-11-26,LATAM,Brazil,Tablet Stand,Electronics,Enterprise,5,23.77,0.1,106.97,49.05
5526,2024-11-26,Europe,Spain,Wireless Headphones,Electronics,SMB,2,90.29,0,180.58,113.18
5527,2024-11-26,North America,Canada,Smart Watch,Electronics,SMB,5,210.78,0.2,843.12,437.42
5528,2024-11-26,APAC,Singapore,Air Purifier,Home,SMB,3,127.37,0.15,324.79,205.76
5529,2024-11-27,LATAM,Brazil,Ceramic Cookware Set,Home,Enterprise,2,150.14,0.1,270.25,132.54
5530,2024-11-27,North America,Canada,Tablet Stand,Electronics,Enterprise,6,25.82,0.15,131.68,62.89
5531,2024-11-27,Europe,Germany,Denim Jacket,Apparel,Enterprise,7,68.56,0.15,407.93,237.38
5532,2024-11-27,Europe,Germany,Standing Desk,Office,Enterprise,7,387.27,0.05,2575.35,1259.14
5533,2024-11-27,APAC,Australia,Bluetooth Speaker,Electronics,Enterprise,2,60.57,0.15,102.97,51.34
5534,2024-11-27,North America,Canada,Vacuum Cleaner,Home,Consumer,2,226.39,0.15,384.86,178.59
5535,2024-11-27,Europe,Germany,Wool Sweater,Apparel,SMB,2,87.85,0.15,149.34,76.74
5536,2024-11-27,APAC,Singapore,Bluetooth Speaker,Electronics,Consumer,2,57.38,0,114.76,55.83
5537,2024-11-27,Europe,UK,Wireless Headphones,Electronics,SMB,3,84.94,0,254.82,149.82
5538,2024-11-27,Europe,Germany,Wool Sweater,Apparel,Enterprise,5,83.11,0,415.55,227.59
5539,2024-11-27,APAC,Japan,Wireless Headphones,Electronics,Consumer,1,93.68,0,93.68,60.13
5540,2024-11-28,North America,USA,Standing Desk,Office,Enterprise,7,403.43,0.05,2682.81,1284.11
5541,2024-11-28,Europe,Spain,Running Shoes,Apparel,Consumer,1,76.76,0.2,61.41,39.86
5542,2024-11-28,APAC,India,Ceramic Cookware Set,Home,Consumer,1,143.31,0.2,114.65,54.33
5543,2024-11-28,APAC,Australia,Bluetooth Speaker,Electronics,Enterprise,3,55.8,0.2,133.92,82.75
5544,2024-11-28,North America,USA,Air Purifier,Home,SMB,4,135.72,0.05,515.74,302.35
5545,2024-11-28,APAC,Japan,Ceramic Cookware Set,Home,Consumer,3,155.26,0,465.78,291.61
5546,2024-11-28,North America,Canada,Bluetooth Speaker,Electronics,Enterprise,6,58.54,0.1,316.12,172.39
5547,2024-11-28,North America,USA,Air Purifier,Home,Enterprise,6,119.86,0,719.16,402.16
5548,2024-11-29,North America,Canada,Vacuum Cleaner,Home,Enterprise,6,235.04,0.2,1128.19,512.46
5549,2024-11-29,Europe,Germany,Running Shoes,Apparel,Consumer,3,72.78,0.2,174.67,82.28
5550,2024-11-29,APAC,Australia,Tablet Stand,Electronics,Enterprise,5,23.19,0,115.95,60.16
5551,2024-11-29,North America,Canada,Air Purifier,Home,Enterprise,6,125.61,0.15,640.61,367.53
5552,2024-11-29,Europe,France,Wireless Headphones,Electronics,Enterprise,7,87.68,0.2,491.01,262.17
5553,2024-11-29,LATAM,Mexico,Air Purifier,Home,Enterprise,2,135.55,0,271.1,164.73
5554,2024-11-29,APAC,India,Bluetooth Speaker,Electronics,Enterprise,4,60.32,0.1,217.15,140.09
5555,2024-11-29,Europe,France,Air Purifier,Home,SMB,3,133.92,0.15,341.5,173.75
5556,2024-11-29,APAC,Japan,Tablet Stand,Electronics,Enterprise,4,26.76,0,107.04,50.58
5557,2024-11-29,Europe,Spain,Smart Watch,Electronics,SMB,4,202.25,0.15,687.65,365.11
5558,2024-11-29,North America,Canada,Standing Desk,Office,Consumer,2,374.85,0.1,674.73,351.88
5559,2024-11-29,LATAM,Mexico,Vacuum Cleaner,Home,SMB,2,214.1,0,428.2,262.42
5560,2024-11-29,Europe,Spain,Rain Jacket,Apparel,SMB,5,91.22,0.2,364.88,209.88
5561,2024-11-30,North America,USA,Air Purifier,Home,Enterprise,7,123.48,0,864.36,553.95
5562,2024-11-30,Europe,UK,Denim Jacket,Apparel,Consumer,5,65.63,0.1,295.33,188.1
5563,2024-11-30,Europe,Germany,Bluetooth Speaker,Electronics,Consumer,2,63.15,0,126.3,59.09
5564,2024-11-30,Europe,Spain,Smart Watch,Electronics,SMB,6,192.65,0.2,924.72,460.73
5565,2024-11-30,Europe,Germany,Wireless Headphones,Electronics,Consumer,1,95.4,0,95.4,56.72
5566,2024-11-30,LATAM,Brazil,Ceramic Cookware Set,Home,Consumer,1,138.01,0.2,110.41,52.09
5567,2024-11-30,LATAM,Brazil,Bluetooth Speaker,Electronics,Enterprise,3,59.55,0,178.65,80.55
5568,2024-11-30,LATAM,Brazil,Smart Watch,Electronics,Consumer,1,205.64,0,205.64,131.9
5569,2024-11-30,Europe,Spain,Wool Sweater,Apparel,Enterprise,6,91.31,0.15,465.68,231.88
5570,2024-11-30,LATAM,Brazil,Wireless Headphones,Electronics,SMB,4,82.46,0.05,313.35,177.96
5571,2024-11-30,Europe,Spain,Smart Watch,Electronics,Consumer,3,185.21,0,555.63,283.19
5572,2024-11-30,APAC,Singapore,Ergonomic Chair,Office,SMB,3,249.89,0.1,674.7,419.33
5573,2024-11-30,North America,Canada,Tablet Stand,Electronics,Enterprise,6,25.5,0.05,145.35,84.54
5574,2024-11-30,Europe,Spain,Ceramic Cookware Set,Home,Enterprise,5,157.71,0.2,630.84,374.17
5575,2024-12-01,APAC,Australia,Vacuum Cleaner,Home,Enterprise,4,215.89,0,863.56,399.54
5576,2024-12-01,North America,USA,Denim Jacket,Apparel,SMB,6,68.06,0.15,347.11,181.88
5577,2024-12-01,LATAM,Brazil,Air Purifier,Home,Enterprise,4,120.25,0,481.0,227.84
5578,2024-12-01,North America,Canada,Standing Desk,Office,Consumer,2,371.74,0.15,631.96,357.09
5579,2024-12-01,LATAM,Mexico,Ergonomic Chair,Office,Consumer,1,229.63,0,229.63,119.01
5580,2024-12-01,North America,USA,Tablet Stand,Electronics,Consumer,3,24.9,0,74.7,39.04
5581,2024-12-01,Europe,France,Smart Watch,Electronics,SMB,3,203.32,0.15,518.47,262.81
5582,2024-12-01,Europe,UK,Smart Watch,Electronics,Consumer,2,208.27,0.15,354.06,183.88
5583,2024-12-01,Europe,Germany,Monitor Arm,Office,Consumer,1,56.82,0,56.82,30.06
5584,2024-12-01,North America,Canada,Rain Jacket,Apparel,Consumer,4,93.42,0,373.68,188.6
5585,2024-12-01,APAC,Australia,Vacuum Cleaner,Home,Enterprise,3,207.33,0,621.99,338.6
5586,2024-12-01,Europe,Spain,Ceramic Cookware Set,Home,SMB,4,156.17,0.1,562.21,278.57
5587,2024-12-01,Europe,France,LED Desk Lamp,Home,SMB,3,38.75,0,116.25,62.86
5588,2024-12-01,LATAM,Mexico,Tablet Stand,Electronics,Consumer,3,25.71,0.05,73.27,37.62
5589,2024-12-01,North America,USA,Monitor Arm,Office,Consumer,3,61.61,0,184.83,95.4
5590,2024-12-01,North America,USA,LED Desk Lamp,Home,SMB,8,39.54,0.15,268.87,151.49
5591,2024-12-01,North America,Canada,Rain Jacket,Apparel,Enterprise,7,98.82,0,691.74,347.48
5592,2024-12-01,Europe,UK,Tablet Stand,Electronics,SMB,6,24.73,0.1,133.54,86.19
5593,2024-12-01,North America,Canada,Bluetooth Speaker,Electronics,SMB,6,59.85,0.05,341.14,171.71
5594,2024-12-01,Europe,Spain,Notebook Set,Office,Consumer,3,15.1,0.05,43.03,20.05
5595,2024-12-02,Europe,UK,Air Purifier,Home,Enterprise,6,131.43,0,788.58,465.34
5596,2024-12-02,North America,Canada,Bluetooth Speaker,Electronics,Consumer,3,54.4,0.1,146.88,74.36
5597,2024-12-02,Europe,UK,Tablet Stand,Electronics,Consumer,3,23.59,0.05,67.23,34.11
5598,2024-12-02,Europe,UK,Bluetooth Speaker,Electronics,SMB,1,56.56,0.2,45.25,28.67
5599,2024-12-02,APAC,Australia,Ceramic Cookware Set,Home,Enterprise,6,152.51,0.05,869.31,420.27
5600,2024-12-02,LATAM,Mexico,Bluetooth Speaker,Electronics,Consumer,1,55.56,0.05,52.78,30.64
5601,2024-12-02,APAC,Australia,Smart Watch,Electronics,Consumer,6,214.03,0.15,1091.55,691.04
5602,2024-12-02,Europe,Germany,Air Purifier,Home,SMB,5,138.43,0.2,553.72,257.04
5603,2024-12-02,Europe,Germany,Denim Jacket,Apparel,SMB,4,65.06,0.15,221.2,141.7
5604,2024-12-02,North America,Canada,LED Desk Lamp,Home,Enterprise,6,38.28,0.15,195.23,109.22
5605,2024-12-02,Europe,UK,Air Purifier,Home,Enterprise,6,124.65,0,747.9,365.42
5606,2024-12-02,North America,USA,Air Purifier,Home,Enterprise,8,125.59,0,1004.72,468.05
5607,2024-12-02,Europe,Spain,Running Shoes,Apparel,SMB,9,83.56,0.2,601.63,369.72
5608,2024-12-02,North America,Canada,Wool Sweater,Apparel,SMB,4,88.72,0.2,283.9,138.3
5609,2024-12-02,APAC,Singapore,Tablet Stand,Electronics,Enterprise,4,25.66,0.15,87.24,47.12
5610,2024-12-02,APAC,Japan,Rain Jacket,Apparel,Consumer,5,100.97,0.15,429.12,212.74
5611,2024-12-03,LATAM,Mexico,Wool Sweater,Apparel,Consumer,2,85.0,0,170.0,97.61
5612,2024-12-03,Europe,Germany,Tablet Stand,Electronics,Enterprise,4,23.07,0.1,83.05,51.65
5613,2024-12-03,LATAM,Mexico,LED Desk Lamp,Home,Enterprise,6,40.17,0.2,192.82,99.4
5614,2024-12-03,APAC,India,Wireless Headphones,Electronics,SMB,2,82.34,0,164.68,79.17
5615,2024-12-03,Europe,UK,Running Shoes,Apparel,SMB,5,74.94,0,374.7,199.87
5616,2024-12-03,North America,USA,Rain Jacket,Apparel,Enterprise,6,92.37,0.1,498.8,312.32
5617,2024-12-03,North America,Canada,Smart Watch,Electronics,Enterprise,8,185.87,0,1486.96,801.87
5618,2024-12-03,Europe,Germany,Denim Jacket,Apparel,SMB,3,67.65,0.15,172.51,98.66
5619,2024-12-03,Europe,Spain,Ergonomic Chair,Office,Enterprise,6,257.73,0.05,1469.06,789.0
5620,2024-12-03,APAC,India,Running Shoes,Apparel,SMB,4,84.88,0.15,288.59,167.97
5621,2024-12-03,North America,USA,Wireless Headphones,Electronics,Consumer,1,90.54,0.05,86.01,51.93
5622,2024-12-03,APAC,Japan,Notebook Set,Office,Enterprise,3,15.38,0.1,41.53,23.64
5623,2024-12-03,North America,USA,Running Shoes,Apparel,Consumer,4,82.4,0,329.6,213.4
5624,2024-12-03,LATAM,Mexico,Smart Watch,Electronics,SMB,2,200.64,0.1,361.15,178.08
5625,2024-12-03,North America,USA,Wireless Headphones,Electronics,Enterprise,10,88.84,0,888.4,564.78
5626,2024-12-03,North America,Canada,Ceramic Cookware Set,Home,SMB,6,160.1,0.2,768.48,483.71
5627,2024-12-03,APAC,India,Wool Sweater,Apparel,Consumer,3,93.68,0.05,266.99,164.29
5628,2024-12-03,North America,USA,Monitor Arm,Office,Enterprise,9,60.49,0,544.41,271.79
5629,2024-12-03,LATAM,Brazil,Tablet Stand,Electronics,SMB,3,24.12,0,72.36,34.81
5630,2024-12-04,APAC,Australia,Air Purifier,Home,Consumer,4,132.37,0,529.48,314.49
5631,2024-12-04,Europe,Germany,Bluetooth Speaker,Electronics,Enterprise,8,55.27,0,442.16,214.01
5632,2024-12-04,North America,Canada,Standing Desk,Office,Consumer,1,421.22,0,421.22,235.34
5633,2024-12-04,APAC,Australia,Vacuum Cleaner,Home,Consumer,1,235.01,0,235.01,133.78
5634,2024-12-04,North America,USA,LED Desk Lamp,Home,Consumer,4,37.88,0.15,128.79,71.35
5635,2024-12-04,North America,USA,Smart Watch,Electronics,SMB,4,184.67,0,738.68,424.66
5636,2024-12-04,Europe,Germany,Rain Jacket,Apparel,Consumer,1,91.16,0.1,82.04,42.17
5637,2024-12-04,APAC,Australia,Denim Jacket,Apparel,Enterprise,3,66.95,0.1,180.77,97.28
5638,2024-12-04,North America,USA,Wireless Headphones,Electronics,Enterprise,10,82.82,0.2,662.56,407.25
5639,2024-12-04,North America,USA,Bluetooth Speaker,Electronics,Enterprise,5,58.7,0.2,234.8,126.18
5640,2024-12-04,LATAM,Brazil,Bluetooth Speaker,Electronics,Enterprise,1,58.41,0.05,55.49,29.48
5641,2024-12-04,LATAM,Brazil,Smart Watch,Electronics,Enterprise,5,209.76,0.1,943.92,445.49
5642,2024-12-04,North America,USA,LED Desk Lamp,Home,SMB,2,39.8,0.05,75.62,44.3
5643,2024-12-04,North America,USA,Ceramic Cookware Set,Home,SMB,6,151.07,0,906.42,495.52
5644,2024-12-04,LATAM,Mexico,Smart Watch,Electronics,SMB,1,203.91,0,203.91,122.76
5645,2024-12-04,North America,USA,Rain Jacket,Apparel,SMB,4,105.58,0.15,358.97,175.31
5646,2024-12-04,Europe,Germany,Ceramic Cookware Set,Home,Consumer,1,153.9,0,153.9,97.58
5647,2024-12-05,Europe,Spain,LED Desk Lamp,Home,SMB,5,36.03,0,180.15,91.71
5648,2024-12-05,Europe,Germany,Bluetooth Speaker,Electronics,Enterprise,7,59.34,0.1,373.84,195.57
5649,2024-12-05,APAC,Australia,Smart Watch,Electronics,Enterprise,5,209.59,0,1047.95,597.78
5650,2024-12-05,APAC,Australia,Denim Jacket,Apparel,SMB,4,72.95,0.05,277.21,133.37
5651,2024-12-05,North America,USA,Bluetooth Speaker,Electronics,Enterprise,7,61.95,0,433.65,255.74
5652,2024-12-05,North America,USA,Bluetooth Speaker,Electronics,Consumer,4,58.76,0,235.04,106.75
5653,2024-12-05,Europe,France,Air Purifier,Home,Consumer,5,131.4,0,657.0,328.71
5654,2024-12-05,APAC,Japan,Running Shoes,Apparel,SMB,4,73.31,0.2,234.59,128.31
5655,2024-12-05,APAC,India,Tablet Stand,Electronics,Consumer,4,23.75,0,95.0,55.81
5656,2024-12-05,Europe,Germany,Wool Sweater,Apparel,Enterprise,6,87.7,0,526.2,329.27
5657,2024-12-05,APAC,Singapore,Bluetooth Speaker,Electronics,Consumer,1,60.0,0.1,54.0,29.45
5658,2024-12-05,North America,Canada,Running Shoes,Apparel,Consumer,2,84.57,0,169.14,87.05
5659,2024-12-05,North America,Canada,Smart Watch,Electronics,Enterprise,6,196.2,0.05,1118.34,533.6
5660,2024-12-05,Europe,UK,Monitor Arm,Office,Consumer,9,62.15,0.05,531.38,281.52
5661,2024-12-05,APAC,Singapore,Ceramic Cookware Set,Home,SMB,4,150.53,0,602.12,290.45
5662,2024-12-05,Europe,Spain,Wireless Headphones,Electronics,Consumer,3,89.53,0,268.59,144.35
5663,2024-12-05,APAC,Japan,Denim Jacket,Apparel,Consumer,1,64.21,0,64.21,29.87
5664,2024-12-05,APAC,Australia,Vacuum Cleaner,Home,Consumer,2,220.16,0,440.32,268.56
5665,2024-12-05,Europe,Spain,Rain Jacket,Apparel,SMB,6,99.02,0.15,505.0,289.69
5666,2024-12-05,Europe,Spain,Smart Watch,Electronics,SMB,2,184.07,0,368.14,211.01
5667,2024-12-06,Europe,UK,Tablet Stand,Electronics,Enterprise,9,23.3,0.1,188.73,113.96
5668,2024-12-06,Europe,Germany,Ergonomic Chair,Office,Enterprise,8,229.73,0.05,1745.95,821.88
5669,2024-12-06,LATAM,Mexico,Bluetooth Speaker,Electronics,SMB,3,55.67,0.15,141.96,81.99
5670,2024-12-06,North America,USA,Denim Jacket,Apparel,Consumer,3,63.69,0.05,181.52,105.54
5671,2024-12-06,Europe,Spain,Tablet Stand,Electronics,SMB,5,25.75,0.2,103.0,64.94
5672,2024-12-06,LATAM,Brazil,Ceramic Cookware Set,Home,Consumer,1,140.64,0.05,133.61,63.89
5673,2024-12-06,North America,USA,Smart Watch,Electronics,Enterprise,8,184.6,0,1476.8,788.12
5674,2024-12-06,Europe,UK,Smart Watch,Electronics,Enterprise,8,186.56,0,1492.48,705.51
5675,2024-12-06,Europe,Germany,Vacuum Cleaner,Home,Enterprise,3,208.26,0,624.78,356.72
5676,2024-12-06,North America,Canada,Smart Watch,Electronics,SMB,5,208.15,0,1040.75,564.49
5677,2024-12-06,Europe,UK,Notebook Set,Office,Enterprise,6,14.02,0.05,79.91,36.1
5678,2024-12-06,North America,Canada,Denim Jacket,Apparel,Consumer,3,72.01,0,216.03,119.75
5679,2024-12-06,Europe,France,Smart Watch,Electronics,SMB,4,192.29,0,769.16,350.15
5680,2024-12-06,Europe,UK,Ergonomic Chair,Office,Consumer,3,250.02,0.15,637.55,355.54
5681,2024-12-06,Europe,UK,Rain Jacket,Apparel,Consumer,6,103.81,0.1,560.57,259.19
5682,2024-12-06,LATAM,Mexico,Ergonomic Chair,Office,Consumer,1,231.32,0,231.32,148.57
5683,2024-12-06,Europe,France,Ergonomic Chair,Office,Consumer,3,262.85,0,788.55,414.18
5684,2024-12-07,North America,Canada,Bluetooth Speaker,Electronics,Consumer,4,62.14,0,248.56,123.16
5685,2024-12-07,North America,USA,Tablet Stand,Electronics,SMB,4,24.36,0,97.44,59.03
5686,2024-12-07,North America,USA,Bluetooth Speaker,Electronics,Consumer,1,54.53,0,54.53,28.98
5687,2024-12-07,Europe,UK,Ergonomic Chair,Office,Enterprise,8,258.58,0.05,1965.21,961.5
5688,2024-12-07,Europe,France,LED Desk Lamp,Home,Enterprise,7,37.5,0.05,249.38,130.65
5689,2024-12-07,North America,Canada,Ergonomic Chair,Office,Consumer,2,233.9,0.15,397.63,191.8
5690,2024-12-07,North America,Canada,Running Shoes,Apparel,Consumer,3,76.5,0.15,195.07,121.71
5691,2024-12-07,North America,Canada,Denim Jacket,Apparel,Enterprise,10,72.02,0.15,612.17,299.76
5692,2024-12-07,North America,Canada,Denim Jacket,Apparel,Consumer,4,70.14,0.2,224.45,115.37
5693,2024-12-07,APAC,Australia,Air Purifier,Home,Enterprise,5,129.77,0,648.85,371.93
5694,2024-12-07,APAC,Japan,Rain Jacket,Apparel,Consumer,1,97.38,0,97.38,52.62
5695,2024-12-07,LATAM,Brazil,Air Purifier,Home,SMB,2,126.8,0.1,228.24,103.81
5696,2024-12-07,North America,Canada,Bluetooth Speaker,Electronics,Enterprise,7,59.37,0,415.59,208.19
5697,2024-12-07,Europe,France,Bluetooth Speaker,Electronics,SMB,4,57.86,0.05,219.87,122.68
5698,2024-12-07,APAC,Japan,Wireless Headphones,Electronics,Enterprise,7,82.7,0,578.9,356.89
5699,2024-12-08,APAC,India,Smart Watch,Electronics,Consumer,3,192.49,0,577.47,350.39
5700,2024-12-08,APAC,India,Air Purifier,Home,SMB,2,131.7,0.15,223.89,143.76
5701,2024-12-08,APAC,Australia,Smart Watch,Electronics,SMB,5,214.72,0,1073.6,533.52
5702,2024-12-08,North America,USA,Denim Jacket,Apparel,SMB,6,74.16,0,444.96,220.13
5703,2024-12-08,Europe,Germany,Bluetooth Speaker,Electronics,SMB,4,56.47,0.05,214.59,138.69
5704,2024-12-08,APAC,Australia,Ceramic Cookware Set,Home,Enterprise,6,149.66,0.15,763.27,412.1
5705,2024-12-08,North America,Canada,LED Desk Lamp,Home,SMB,6,39.57,0.1,213.68,100.19
5706,2024-12-08,North America,USA,Air Purifier,Home,SMB,3,138.85,0,416.55,199.04
5707,2024-12-08,LATAM,Mexico,Wireless Headphones,Electronics,SMB,3,86.98,0.2,208.75,115.71
5708,2024-12-08,LATAM,Brazil,Air Purifier,Home,SMB,2,134.51,0.1,242.12,134.27
5709,2024-12-08,APAC,Japan,Ceramic Cookware Set,Home,SMB,4,137.53,0.1,495.11,225.7
5710,2024-12-09,Europe,Germany,Monitor Arm,Office,Consumer,2,59.6,0,119.2,57.92
5711,2024-12-09,APAC,Singapore,Monitor Arm,Office,SMB,3,62.61,0,187.83,116.31
5712,2024-12-09,APAC,Australia,Tablet Stand,Electronics,SMB,3,23.53,0.05,67.06,35.55
5713,2024-12-09,Europe,Germany,LED Desk Lamp,Home,Enterprise,6,39.47,0,236.82,121.71
5714,2024-12-09,North America,USA,Vacuum Cleaner,Home,Enterprise,8,227.34,0.15,1545.91,767.21
5715,2024-12-09,Europe,UK,Wireless Headphones,Electronics,SMB,4,83.2,0,332.8,156.54
5716,2024-12-09,Europe,Spain,Bluetooth Speaker,Electronics,Consumer,6,62.39,0.1,336.91,206.8
5717,2024-12-09,North America,Canada,Vacuum Cleaner,Home,SMB,6,225.22,0,1351.32,859.61
5718,2024-12-09,Europe,Spain,Bluetooth Speaker,Electronics,Consumer,4,55.91,0,223.64,102.75
5719,2024-12-09,Europe,UK,Wool Sweater,Apparel,Enterprise,6,94.35,0,566.1,346.18
5720,2024-12-10,LATAM,Brazil,Ceramic Cookware Set,Home,Enterprise,3,142.45,0.05,405.98,194.91
5721,2024-12-10,LATAM,Brazil,Smart Watch,Electronics,Consumer,2,212.07,0.2,339.31,179.14
5722,2024-12-10,LATAM,Mexico,Vacuum Cleaner,Home,Consumer,3,222.84,0.15,568.24,368.84
5723,2024-12-10,Europe,UK,Wool Sweater,Apparel,SMB,7,94.27,0,659.89,378.8
5724,2024-12-10,North America,USA,Wireless Headphones,Electronics,Enterprise,5,88.23,0,441.15,215.94
5725,2024-12-10,APAC,Singapore,Air Purifier,Home,Consumer,3,134.34,0.1,362.72,203.44
5726,2024-12-10,North America,USA,Tablet Stand,Electronics,Consumer,5,26.06,0.15,110.75,55.91
5727,2024-12-10,APAC,India,Bluetooth Speaker,Electronics,SMB,1,57.21,0.1,51.49,24.62
5728,2024-12-10,LATAM,Brazil,Bluetooth Speaker,Electronics,SMB,3,57.65,0,172.95,86.73
5729,2024-12-10,North America,USA,Ceramic Cookware Set,Home,SMB,4,146.41,0.05,556.36,347.45
5730,2024-12-10,APAC,India,Smart Watch,Electronics,SMB,6,198.82,0,1192.92,542.31
5731,2024-12-10,LATAM,Mexico,Tablet Stand,Electronics,Enterprise,1,25.77,0.15,21.9,12.43
5732,2024-12-10,North America,USA,Running Shoes,Apparel,SMB,6,81.03,0,486.18,223.68
5733,2024-12-10,North America,Canada,Monitor Arm,Office,Consumer,3,58.51,0,175.53,81.32
5734,2024-12-10,APAC,Singapore,Wireless Headphones,Electronics,SMB,4,95.07,0,380.28,175.1
5735,2024-12-10,North America,USA,Vacuum Cleaner,Home,Consumer,3,233.63,0,700.89,376.25
5736,2024-12-11,Europe,Germany,Denim Jacket,Apparel,SMB,4,65.09,0.05,247.34,154.75
5737,2024-12-11,Europe,France,Smart Watch,Electronics,SMB,3,201.39,0.2,483.34,236.62
5738,2024-12-11,LATAM,Brazil,Smart Watch,Electronics,SMB,4,194.09,0.15,659.91,317.31
5739,2024-12-11,North America,Canada,LED Desk Lamp,Home,Enterprise,7,40.73,0,285.11,128.64
5740,2024-12-11,Europe,Germany,Standing Desk,Office,SMB,6,426.1,0,2556.6,1445.43
5741,2024-12-11,Europe,Germany,LED Desk Lamp,Home,Consumer,3,37.04,0,111.12,63.42
5742,2024-12-11,Europe,Germany,Denim Jacket,Apparel,SMB,4,67.95,0.15,231.03,133.39
5743,2024-12-11,APAC,India,Tablet Stand,Electronics,SMB,7,26.98,0.15,160.53,73.77
5744,2024-12-11,LATAM,Brazil,Rain Jacket,Apparel,SMB,1,101.95,0.2,81.56,39.86
5745,2024-12-11,North America,Canada,Denim Jacket,Apparel,Consumer,1,63.67,0.15,54.12,26.34
5746,2024-12-11,North America,Canada,Smart Watch,Electronics,Consumer,6,200.9,0,1205.4,757.58
5747,2024-12-11,North America,Canada,Smart Watch,Electronics,SMB,5,185.14,0,925.7,422.03
5748,2024-12-11,LATAM,Brazil,Tablet Stand,Electronics,Enterprise,1,25.66,0,25.66,11.97
5749,2024-12-11,North America,Canada,Denim Jacket,Apparel,Consumer,5,74.06,0.1,333.27,160.75
5750,2024-12-11,North America,USA,Wireless Headphones,Electronics,Enterprise,7,82.39,0.2,461.38,238.21
5751,2024-12-11,North America,Canada,Running Shoes,Apparel,Consumer,5,79.22,0.2,316.88,165.6
5752,2024-12-11,North America,Canada,Bluetooth Speaker,Electronics,Consumer,3,56.62,0,169.86,96.7
5753,2024-12-11,Europe,Spain,Rain Jacket,Apparel,SMB,7,105.84,0,740.88,428.74
5754,2024-12-11,APAC,Singapore,Bluetooth Speaker,Electronics,Consumer,1,58.15,0,58.15,27.12
5755,2024-12-12,North America,USA,Smart Watch,Electronics,SMB,2,186.99,0.2,299.18,160.04
5756,2024-12-12,APAC,Australia,Wool Sweater,Apparel,SMB,3,91.83,0,275.49,171.46
5757,2024-12-12,LATAM,Mexico,LED Desk Lamp,Home,SMB,3,37.75,0.15,96.26,52.89
5758,2024-12-12,Europe,France,Ceramic Cookware Set,Home,SMB,3,144.06,0,432.18,213.53
5759,2024-12-12,LATAM,Brazil,Air Purifier,Home,SMB,2,132.82,0.05,252.36,155.5
5760,2024-12-12,APAC,Australia,Bluetooth Speaker,Electronics,SMB,4,62.99,0,251.96,134.17
5761,2024-12-12,Europe,Spain,Wool Sweater,Apparel,Enterprise,4,87.38,0,349.52,224.2
5762,2024-12-12,North America,Canada,Standing Desk,Office,SMB,4,409.04,0.2,1308.93,798.97
5763,2024-12-12,North America,Canada,Notebook Set,Office,SMB,7,14.42,0.2,80.75,46.6
5764,2024-12-12,APAC,Japan,Rain Jacket,Apparel,Consumer,1,98.41,0,98.41,57.95
5765,2024-12-12,North America,USA,Running Shoes,Apparel,Consumer,6,80.27,0.15,409.38,245.98
5766,2024-12-12,Europe,UK,Bluetooth Speaker,Electronics,Enterprise,7,60.35,0.1,380.2,206.68
5767,2024-12-12,APAC,Singapore,Air Purifier,Home,Consumer,4,130.29,0,521.16,273.46
5768,2024-12-12,North America,Canada,Air Purifier,Home,Enterprise,11,121.81,0,1339.91,814.35
5769,2024-12-13,North America,USA,Ceramic Cookware Set,Home,SMB,4,143.32,0.1,515.95,323.27
5770,2024-12-13,North America,Canada,Ceramic Cookware Set,Home,Enterprise,5,141.51,0.05,672.17,344.37
5771,2024-12-13,APAC,Australia,Vacuum Cleaner,Home,Consumer,4,202.22,0.2,647.1,334.87
5772,2024-12-13,APAC,Japan,Running Shoes,Apparel,SMB,1,78.91,0.1,71.02,45.46
5773,2024-12-13,North America,USA,LED Desk Lamp,Home,Consumer,4,36.14,0.1,130.1,77.19
5774,2024-12-13,Europe,France,Denim Jacket,Apparel,Enterprise,5,72.76,0.05,345.61,168.42
5775,2024-12-13,Europe,France,Bluetooth Speaker,Electronics,SMB,8,61.4,0.15,417.52,265.97
5776,2024-12-13,LATAM,Mexico,Standing Desk,Office,SMB,3,384.83,0.05,1096.77,690.79
5777,2024-12-13,LATAM,Brazil,Vacuum Cleaner,Home,Enterprise,2,213.15,0,426.3,193.2
5778,2024-12-13,North America,Canada,Ceramic Cookware Set,Home,SMB,5,160.18,0.15,680.77,413.94
5779,2024-12-13,North America,Canada,Ceramic Cookware Set,Home,SMB,4,153.33,0.2,490.66,284.83
5780,2024-12-13,Europe,France,Wool Sweater,Apparel,Enterprise,7,87.71,0,613.97,368.78
5781,2024-12-13,LATAM,Mexico,Smart Watch,Electronics,SMB,3,205.75,0.15,524.66,240.02
5782,2024-12-13,North America,USA,Rain Jacket,Apparel,SMB,4,99.72,0.2,319.1,147.63
5783,2024-12-13,North America,Canada,Ergonomic Chair,Office,Enterprise,8,231.94,0.05,1762.74,990.34
5784,2024-12-13,Europe,UK,Bluetooth Speaker,Electronics,Enterprise,8,62.08,0,496.64,235.64
5785,2024-12-13,Europe,UK,Ceramic Cookware Set,Home,SMB,4,150.0,0.05,570.0,290.67
5786,2024-12-14,APAC,Japan,Running Shoes,Apparel,Enterprise,6,77.47,0.1,418.34,228.08
5787,2024-12-14,Europe,UK,LED Desk Lamp,Home,Consumer,5,39.27,0,196.35,95.78
5788,2024-12-14,Europe,Spain,Denim Jacket,Apparel,SMB,5,73.65,0,368.25,212.18
5789,2024-12-14,APAC,Australia,LED Desk Lamp,Home,SMB,3,40.8,0.05,116.28,52.93
5790,2024-12-14,APAC,Japan,Wireless Headphones,Electronics,Consumer,2,88.87,0.05,168.85,85.89
5791,2024-12-14,APAC,Japan,Wireless Headphones,Electronics,Consumer,1,86.03,0,86.03,54.48
5792,2024-12-14,North America,USA,Bluetooth Speaker,Electronics,SMB,6,59.94,0.15,305.69,168.26
5793,2024-12-14,North America,Canada,Smart Watch,Electronics,Consumer,5,186.08,0,930.4,482.58
5794,2024-12-14,APAC,Japan,Rain Jacket,Apparel,Enterprise,6,100.38,0.1,542.05,307.06
5795,2024-12-14,LATAM,Mexico,Tablet Stand,Electronics,Enterprise,3,24.58,0.05,70.05,40.74
5796,2024-12-14,LATAM,Mexico,Air Purifier,Home,Consumer,1,120.46,0.05,114.44,66.28
5797,2024-12-14,Europe,UK,Bluetooth Speaker,Electronics,Enterprise,7,60.16,0.1,379.01,194.86
5798,2024-12-14,Europe,Spain,Wool Sweater,Apparel,Enterprise,5,92.81,0.2,371.24,238.82
5799,2024-12-14,APAC,India,Bluetooth Speaker,Electronics,Consumer,3,55.57,0.15,141.7,78.82
5800,2024-12-14,North America,Canada,Vacuum Cleaner,Home,SMB,5,207.9,0.05,987.52,514.47
5801,2024-12-14,North America,Canada,Running Shoes,Apparel,Consumer,2,77.82,0.05,147.86,77.12
5802,2024-12-14,APAC,India,Wireless Headphones,Electronics,Enterprise,6,85.39,0,512.34,313.94
5803,2024-12-15,Europe,UK,Standing Desk,Office,SMB,4,379.1,0.2,1213.12,759.81
5804,2024-12-15,North America,USA,Vacuum Cleaner,Home,Enterprise,8,213.36,0.1,1536.19,953.5
5805,2024-12-15,APAC,Singapore,Wool Sweater,Apparel,Enterprise,3,92.12,0,276.36,153.13
5806,2024-12-15,Europe,Germany,LED Desk Lamp,Home,SMB,4,39.99,0,159.96,82.85
5807,2024-12-15,North America,Canada,Standing Desk,Office,Enterprise,5,420.8,0,2104.0,995.92
5808,2024-12-15,North America,USA,Ergonomic Chair,Office,Consumer,3,238.81,0.15,608.97,354.56
5809,2024-12-15,LATAM,Brazil,Air Purifier,Home,SMB,2,129.04,0,258.08,136.08
5810,2024-12-15,APAC,Singapore,Standing Desk,Office,Consumer,4,417.88,0.1,1504.37,918.71
5811,2024-12-15,APAC,India,Rain Jacket,Apparel,SMB,3,98.93,0,296.79,175.17
5812,2024-12-15,APAC,Australia,Wireless Headphones,Electronics,Consumer,2,91.8,0,183.6,118.94
5813,2024-12-15,LATAM,Mexico,Ceramic Cookware Set,Home,SMB,2,139.56,0.15,237.25,137.76
5814,2024-12-15,North America,Canada,Running Shoes,Apparel,SMB,7,81.09,0,567.63,341.26
5815,2024-12-15,APAC,Japan,Air Purifier,Home,Consumer,1,128.63,0.15,109.34,61.9
5816,2024-12-15,North America,USA,Air Purifier,Home,Enterprise,7,125.46,0,878.22,402.49
5817,2024-12-15,Europe,France,Air Purifier,Home,Enterprise,8,119.32,0.05,906.83,420.72
5818,2024-12-15,LATAM,Brazil,Air Purifier,Home,Consumer,3,119.54,0,358.62,204.96
5819,2024-12-15,North America,USA,Ergonomic Chair,Office,Consumer,1,247.51,0,247.51,116.18
5820,2024-12-16,Europe,Spain,LED Desk Lamp,Home,Enterprise,7,38.15,0,267.05,157.54
5821,2024-12-16,APAC,Australia,Monitor Arm,Office,Consumer,2,61.34,0.1,110.41,61.67
5822,2024-12-16,APAC,Japan,Tablet Stand,Electronics,SMB,2,23.08,0.15,39.24,23.51
5823,2024-12-16,APAC,Australia,Smart Watch,Electronics,Consumer,3,198.79,0.1,536.73,333.97
5824,2024-12-16,APAC,Australia,Air Purifier,Home,SMB,4,126.63,0.2,405.22,193.73
5825,2024-12-16,APAC,Singapore,Vacuum Cleaner,Home,Consumer,2,221.96,0,443.92,211.24
5826,2024-12-16,North America,Canada,Standing Desk,Office,Consumer,3,385.16,0.1,1039.93,511.23
5827,2024-12-16,Europe,Germany,Rain Jacket,Apparel,Enterprise,8,97.27,0,778.16,370.57
5828,2024-12-16,LATAM,Mexico,Rain Jacket,Apparel,SMB,3,101.33,0.15,258.39,127.82
5829,2024-12-17,Europe,Germany,Bluetooth Speaker,Electronics,SMB,3,54.65,0.1,147.56,68.83
5830,2024-12-17,North America,USA,Smart Watch,Electronics,Consumer,2,204.93,0.1,368.87,185.15
5831,2024-12-17,North America,Canada,Denim Jacket,Apparel,SMB,3,72.35,0,217.05,112.07
5832,2024-12-17,North America,Canada,Ergonomic Chair,Office,Consumer,6,267.75,0.05,1526.17,895.53
5833,2024-12-17,APAC,Singapore,Ceramic Cookware Set,Home,SMB,2,149.26,0.2,238.82,136.69
5834,2024-12-17,North America,USA,Ceramic Cookware Set,Home,Enterprise,8,147.6,0.15,1003.68,618.06
5835,2024-12-17,APAC,India,Wool Sweater,Apparel,Consumer,2,95.12,0,190.24,118.76
5836,2024-12-17,Europe,UK,Ceramic Cookware Set,Home,Consumer,4,144.57,0,578.28,339.4
5837,2024-12-17,Europe,Germany,Rain Jacket,Apparel,SMB,5,92.64,0.15,393.72,193.87
5838,2024-12-17,North America,Canada,Wireless Headphones,Electronics,Consumer,3,83.52,0.05,238.03,128.41
5839,2024-12-17,North America,Canada,Air Purifier,Home,Enterprise,9,126.51,0,1138.59,621.59
5840,2024-12-17,Europe,Germany,Ergonomic Chair,Office,Consumer,3,268.46,0.05,765.11,352.13
5841,2024-12-17,North America,USA,Wool Sweater,Apparel,SMB,6,87.96,0.15,448.6,256.57
5842,2024-12-17,North America,Canada,Wool Sweater,Apparel,SMB,5,85.44,0.2,341.76,180.12
5843,2024-12-18,LATAM,Brazil,Notebook Set,Office,Enterprise,5,14.78,0.2,59.12,28.21
5844,2024-12-18,Europe,France,Standing Desk,Office,Enterprise,7,430.31,0,3012.17,1612.3
5845,2024-12-18,Europe,Spain,Bluetooth Speaker,Electronics,Consumer,4,61.45,0.05,233.51,135.88
5846,2024-12-18,LATAM,Mexico,Air Purifier,Home,Consumer,1,127.4,0.15,108.29,64.4
5847,2024-12-18,LATAM,Brazil,Smart Watch,Electronics,SMB,3,201.38,0,604.14,365.64
5848,2024-12-18,North America,Canada,Bluetooth Speaker,Electronics,Enterprise,9,63.05,0,567.45,327.96
5849,2024-12-18,North America,Canada,Ceramic Cookware Set,Home,Consumer,5,156.0,0,780.0,393.1
5850,2024-12-18,North America,USA,Air Purifier,Home,SMB,6,132.89,0.1,717.61,373.22
5851,2024-12-18,North America,Canada,Tablet Stand,Electronics,Enterprise,9,23.11,0,207.99,107.92
5852,2024-12-18,North America,Canada,Wool Sweater,Apparel,Enterprise,8,84.44,0.15,574.19,302.48
5853,2024-12-19,North America,Canada,Bluetooth Speaker,Electronics,SMB,3,57.52,0,172.56,85.87
5854,2024-12-19,Europe,Spain,Ergonomic Chair,Office,Consumer,2,240.02,0.15,408.03,256.84
5855,2024-12-19,LATAM,Brazil,Tablet Stand,Electronics,Consumer,1,26.76,0.05,25.42,13.53
5856,2024-12-19,Europe,France,Wireless Headphones,Electronics,SMB,24,92.23,0,2213.52,1099.38
5857,2024-12-19,North America,Canada,Notebook Set,Office,SMB,5,13.98,0.15,59.42,37.85
5858,2024-12-19,North America,USA,Smart Watch,Electronics,SMB,8,186.51,0.2,1193.66,635.07
5859,2024-12-19,LATAM,Brazil,Denim Jacket,Apparel,Consumer,2,73.67,0,147.34,90.15
5860,2024-12-19,APAC,Japan,Ceramic Cookware Set,Home,Enterprise,8,140.07,0,1120.56,585.08
5861,2024-12-19,North America,USA,Wireless Headphones,Electronics,SMB,3,87.44,0.1,236.09,137.24
5862,2024-12-19,North America,USA,Vacuum Cleaner,Home,SMB,5,207.66,0.2,830.64,376.51
5863,2024-12-19,North America,Canada,Tablet Stand,Electronics,Enterprise,7,27.0,0,189.0,99.43
5864,2024-12-19,APAC,India,Ceramic Cookware Set,Home,Consumer,1,143.97,0,143.97,80.87
5865,2024-12-19,Europe,UK,Notebook Set,Office,Enterprise,8,14.5,0,116.0,60.74
5866,2024-12-20,North America,USA,Standing Desk,Office,SMB,3,425.07,0.2,1020.17,488.1
5867,2024-12-20,Europe,Spain,Wool Sweater,Apparel,SMB,5,89.4,0,447.0,221.69
5868,2024-12-20,APAC,Singapore,Running Shoes,Apparel,Consumer,3,76.87,0,230.61,107.15
5869,2024-12-20,APAC,Australia,Bluetooth Speaker,Electronics,SMB,1,58.27,0,58.27,26.96
5870,2024-12-20,North America,Canada,Ergonomic Chair,Office,Consumer,2,265.87,0.05,505.15,262.5
5871,2024-12-20,Europe,Germany,Standing Desk,Office,Enterprise,6,403.43,0.2,1936.46,1023.12
5872,2024-12-20,North America,USA,Tablet Stand,Electronics,SMB,6,26.87,0,161.22,104.18
5873,2024-12-20,North America,Canada,Denim Jacket,Apparel,Enterprise,8,70.49,0.1,507.53,258.51
5874,2024-12-20,APAC,Japan,Wireless Headphones,Electronics,Consumer,4,84.93,0,339.72,158.49
5875,2024-12-20,LATAM,Mexico,Smart Watch,Electronics,SMB,4,198.61,0.05,754.72,474.79
5876,2024-12-20,North America,USA,Standing Desk,Office,Consumer,3,380.06,0.15,969.15,484.6
5877,2024-12-20,APAC,Australia,Ergonomic Chair,Office,SMB,1,263.49,0.15,223.97,102.02
5878,2024-12-20,North America,USA,Ceramic Cookware Set,Home,SMB,7,143.92,0,1007.44,565.87
5879,2024-12-20,Europe,France,Notebook Set,Office,Enterprise,9,16.2,0,145.8,71.07
5880,2024-12-20,Europe,France,Denim Jacket,Apparel,Enterprise,7,73.67,0.05,489.91,288.66
5881,2024-12-20,North America,Canada,Vacuum Cleaner,Home,Consumer,4,221.02,0,884.08,509.52
5882,2024-12-20,LATAM,Mexico,Tablet Stand,Electronics,SMB,2,23.63,0,47.26,25.32
5883,2024-12-20,Europe,Germany,Wool Sweater,Apparel,Consumer,2,95.63,0,191.26,101.15
5884,2024-12-21,North America,Canada,Smart Watch,Electronics,SMB,5,199.2,0,996.0,548.21
5885,2024-12-21,Europe,Germany,Running Shoes,Apparel,SMB,4,75.56,0,302.24,136.25
5886,2024-12-21,APAC,Australia,Tablet Stand,Electronics,Consumer,2,23.15,0.1,41.67,25.67
5887,2024-12-21,North America,Canada,Rain Jacket,Apparel,Consumer,5,104.09,0.2,416.36,266.55
5888,2024-12-21,Europe,Germany,Vacuum Cleaner,Home,Consumer,4,212.88,0.05,808.94,445.6
5889,2024-12-21,Europe,UK,Notebook Set,Office,SMB,5,14.35,0,71.75,38.54
5890,2024-12-21,Europe,France,Smart Watch,Electronics,SMB,5,195.02,0,975.1,461.71
5891,2024-12-22,APAC,India,Ceramic Cookware Set,Home,Enterprise,3,158.43,0.05,451.53,277.09
5892,2024-12-22,Europe,Spain,Air Purifier,Home,Consumer,2,123.67,0.05,234.97,133.65
5893,2024-12-22,Europe,Spain,Wool Sweater,Apparel,SMB,5,84.7,0.2,338.8,197.92
5894,2024-12-22,Europe,France,Air Purifier,Home,Consumer,4,138.33,0.1,497.99,308.98
5895,2024-12-22,APAC,Australia,Notebook Set,Office,Consumer,1,14.67,0,14.67,8.83
5896,2024-12-22,North America,Canada,Tablet Stand,Electronics,Consumer,5,23.46,0.05,111.44,54.15
5897,2024-12-22,North America,USA,Tablet Stand,Electronics,Enterprise,8,25.51,0.1,183.67,87.08
5898,2024-12-22,North America,Canada,Air Purifier,Home,Consumer,1,137.08,0.05,130.23,77.74
5899,2024-12-23,North America,USA,Standing Desk,Office,SMB,6,376.53,0,2259.18,1035.53
5900,2024-12-23,North America,USA,Ergonomic Chair,Office,Enterprise,5,237.85,0,1189.25,598.26
5901,2024-12-23,APAC,Australia,Smart Watch,Electronics,Consumer,2,194.94,0.15,331.4,165.34
5902,2024-12-23,LATAM,Brazil,Wool Sweater,Apparel,SMB,3,84.3,0.15,214.96,136.57
5903,2024-12-23,LATAM,Brazil,Ergonomic Chair,Office,Consumer,1,241.0,0,241.0,123.46
5904,2024-12-23,APAC,Japan,Running Shoes,Apparel,Enterprise,4,84.58,0,338.32,219.5
5905,2024-12-24,North America,Canada,Wireless Headphones,Electronics,SMB,6,85.81,0,514.86,276.8
5906,2024-12-24,LATAM,Mexico,Rain Jacket,Apparel,Consumer,1,101.48,0.2,81.18,45.5
5907,2024-12-24,APAC,Singapore,Monitor Arm,Office,SMB,3,56.17,0.05,160.08,96.17
5908,2024-12-24,North America,Canada,Running Shoes,Apparel,Consumer,1,75.3,0.2,60.24,32.13
5909,2024-12-24,LATAM,Mexico,Rain Jacket,Apparel,Consumer,3,94.92,0,284.76,130.66
5910,2024-12-24,Europe,Spain,Tablet Stand,Electronics,SMB,2,25.05,0.2,40.08,18.7
5911,2024-12-24,Europe,France,Tablet Stand,Electronics,Enterprise,6,26.72,0,160.32,99.62
5912,2024-12-24,North America,Canada,Ergonomic Chair,Office,SMB,5,244.49,0,1222.45,760.3
5913,2024-12-24,LATAM,Brazil,Bluetooth Speaker,Electronics,SMB,1,58.92,0,58.92,32.89
5914,2024-12-24,Europe,Spain,Ceramic Cookware Set,Home,Enterprise,7,157.9,0.2,884.24,450.19
5915,2024-12-24,North America,USA,Smart Watch,Electronics,Consumer,4,211.29,0,845.16,542.38
5916,2024-12-24,APAC,Japan,Smart Watch,Electronics,SMB,4,212.84,0.15,723.66,420.46
5917,2024-12-25,North America,Canada,Rain Jacket,Apparel,SMB,6,104.16,0.1,562.46,283.3
5918,2024-12-25,APAC,Australia,Wireless Headphones,Electronics,Enterprise,2,91.07,0.15,154.82,79.11
5919,2024-12-25,Europe,France,Bluetooth Speaker,Electronics,SMB,3,55.76,0.05,158.92,98.96
5920,2024-12-25,North America,USA,Bluetooth Speaker,Electronics,SMB,6,57.16,0,342.96,165.5
5921,2024-12-25,Europe,France,Tablet Stand,Electronics,Consumer,5,23.84,0.05,113.24,51.55
5922,2024-12-25,APAC,Singapore,Denim Jacket,Apparel,Enterprise,5,64.09,0.15,272.38,157.62
5923,2024-12-25,LATAM,Mexico,Rain Jacket,Apparel,Consumer,3,92.5,0.1,249.75,127.19
5924,2024-12-25,LATAM,Mexico,Denim Jacket,Apparel,Consumer,3,64.97,0,194.91,100.28
5925,2024-12-25,North America,USA,Standing Desk,Office,SMB,5,385.77,0,1928.85,968.45
5926,2024-12-26,Europe,Germany,Bluetooth Speaker,Electronics,SMB,2,55.58,0.2,88.93,43.61
5927,2024-12-26,APAC,India,Bluetooth Speaker,Electronics,SMB,5,59.76,0.1,268.92,154.22
5928,2024-12-26,Europe,Spain,Rain Jacket,Apparel,Enterprise,5,92.79,0.2,371.16,225.93
5929,2024-12-26,North America,Canada,Tablet Stand,Electronics,SMB,7,26.03,0.1,163.99,79.27
5930,2024-12-26,APAC,Singapore,Smart Watch,Electronics,Enterprise,9,191.48,0,1723.32,957.9
5931,2024-12-26,Europe,Germany,Bluetooth Speaker,Electronics,Consumer,4,63.0,0.05,239.4,136.48
5932,2024-12-26,North America,USA,Wool Sweater,Apparel,Enterprise,6,94.07,0.2,451.54,269.65
5933,2024-12-26,North America,USA,Bluetooth Speaker,Electronics,SMB,4,55.56,0,222.24,130.29
5934,2024-12-26,Europe,France,Wireless Headphones,Electronics,Enterprise,3,85.69,0.15,218.51,121.51
5935,2024-12-26,Europe,Spain,Bluetooth Speaker,Electronics,Consumer,3,62.68,0,188.04,120.17
5936,2024-12-26,Europe,France,Smart Watch,Electronics,Enterprise,6,195.07,0,1170.42,734.47
5937,2024-12-26,LATAM,Mexico,Wool Sweater,Apparel,SMB,4,88.62,0,354.48,217.97
5938,2024-12-26,APAC,Singapore,Air Purifier,Home,Enterprise,3,133.91,0.2,321.38,144.74
5939,2024-12-27,Europe,Spain,Notebook Set,Office,Enterprise,4,15.78,0.05,59.96,33.99
5940,2024-12-27,Europe,Germany,Denim Jacket,Apparel,Enterprise,7,64.51,0.2,361.26,183.09
5941,2024-12-27,Europe,UK,Rain Jacket,Apparel,Consumer,2,106.26,0.2,170.02,95.77
5942,2024-12-27,North America,Canada,Rain Jacket,Apparel,Consumer,3,104.67,0,314.01,164.78
5943,2024-12-27,Europe,UK,Denim Jacket,Apparel,SMB,6,72.26,0.1,390.2,220.58
5944,2024-12-27,APAC,Australia,Air Purifier,Home,SMB,1,121.42,0,121.42,77.27
5945,2024-12-27,North America,Canada,Tablet Stand,Electronics,Consumer,4,26.88,0.1,96.77,55.24
5946,2024-12-27,APAC,India,Vacuum Cleaner,Home,Consumer,1,209.64,0,209.64,100.93
5947,2024-12-27,LATAM,Brazil,Denim Jacket,Apparel,Enterprise,5,68.87,0.2,275.48,154.87
5948,2024-12-27,APAC,Japan,Rain Jacket,Apparel,SMB,1,104.16,0,104.16,59.01
5949,2024-12-27,APAC,Australia,Wireless Headphones,Electronics,Enterprise,6,84.56,0.1,456.62,264.68
5950,2024-12-27,APAC,Japan,Tablet Stand,Electronics,Enterprise,5,26.81,0.1,120.64,63.92
5951,2024-12-28,Europe,France,Denim Jacket,Apparel,Consumer,5,69.77,0.1,313.96,158.93
5952,2024-12-28,North America,Canada,LED Desk Lamp,Home,Enterprise,8,41.42,0,331.36,192.28
5953,2024-12-28,Europe,UK,Ceramic Cookware Set,Home,Consumer,1,159.54,0.15,135.61,69.51
5954,2024-12-28,Europe,Germany,Vacuum Cleaner,Home,SMB,2,214.99,0,429.98,270.34
5955,2024-12-28,APAC,Japan,Running Shoes,Apparel,Enterprise,6,81.66,0,489.96,247.26
5956,2024-12-28,Europe,Spain,Ergonomic Chair,Office,Enterprise,7,240.08,0.2,1344.45,701.22
5957,2024-12-28,North America,USA,Bluetooth Speaker,Electronics,Consumer,5,56.53,0,282.65,130.03
5958,2024-12-28,North America,USA,LED Desk Lamp,Home,Enterprise,10,41.45,0,414.5,214.66
5959,2024-12-28,North America,USA,Rain Jacket,Apparel,SMB,5,93.77,0,468.85,225.8
5960,2024-12-28,North America,Canada,Bluetooth Speaker,Electronics,SMB,5,62.81,0.15,266.94,149.24
5961,2024-12-28,Europe,Spain,Smart Watch,Electronics,SMB,3,213.73,0,641.19,359.6
5962,2024-12-28,North America,USA,Smart Watch,Electronics,SMB,6,207.2,0,1243.2,784.35
5963,2024-12-28,North America,USA,Denim Jacket,Apparel,SMB,7,69.06,0,483.42,252.33
5964,2024-12-28,North America,USA,Standing Desk,Office,Enterprise,11,374.74,0,4122.14,2045.83
5965,2024-12-29,Europe,France,Bluetooth Speaker,Electronics,Consumer,4,60.99,0,243.96,134.37
5966,2024-12-29,Europe,Spain,Wireless Headphones,Electronics,Consumer,5,82.87,0,414.35,243.27
5967,2024-12-29,Europe,Germany,LED Desk Lamp,Home,Consumer,1,36.91,0.05,35.06,17.55
5968,2024-12-29,Europe,UK,Tablet Stand,Electronics,Consumer,1,26.88,0,26.88,13.23
5969,2024-12-29,Europe,Spain,Smart Watch,Electronics,SMB,6,206.01,0,1236.06,790.39
5970,2024-12-29,North America,USA,Rain Jacket,Apparel,SMB,3,93.62,0.15,238.73,142.35
5971,2024-12-29,LATAM,Mexico,Smart Watch,Electronics,Consumer,2,186.75,0.1,336.15,204.59
5972,2024-12-29,Europe,Spain,Denim Jacket,Apparel,Enterprise,7,67.29,0,471.03,266.14
5973,2024-12-29,Europe,Germany,Rain Jacket,Apparel,SMB,1,105.63,0,105.63,59.22
5974,2024-12-29,North America,USA,Bluetooth Speaker,Electronics,Consumer,4,58.65,0,234.6,134.59
5975,2024-12-29,North America,USA,Air Purifier,Home,Consumer,3,121.74,0.2,292.18,170.25
5976,2024-12-29,North America,USA,Standing Desk,Office,Enterprise,6,410.26,0,2461.56,1589.32
5977,2024-12-29,LATAM,Brazil,LED Desk Lamp,Home,SMB,4,40.43,0,161.72,101.56
5978,2024-12-29,APAC,India,Ergonomic Chair,Office,Consumer,2,237.4,0,474.8,297.94
5979,2024-12-29,LATAM,Mexico,Air Purifier,Home,Enterprise,3,124.02,0,372.06,231.17
5980,2024-12-29,LATAM,Mexico,Bluetooth Speaker,Electronics,Consumer,2,57.32,0,114.64,74.09
5981,2024-12-30,LATAM,Brazil,Smart Watch,Electronics,Consumer,2,197.39,0,394.78,184.39
5982,2024-12-30,Europe,Germany,Wireless Headphones,Electronics,SMB,4,94.34,0,377.36,237.47
5983,2024-12-30,North America,USA,Denim Jacket,Apparel,Consumer,1,73.75,0,73.75,37.43
5984,2024-12-30,Europe,UK,Wireless Headphones,Electronics,Enterprise,7,85.18,0.15,506.82,246.36
5985,2024-12-30,LATAM,Mexico,Rain Jacket,Apparel,Enterprise,2,104.14,0,208.28,94.53
5986,2024-12-30,North America,Canada,Running Shoes,Apparel,Enterprise,8,83.6,0.2,535.04,261.68
5987,2024-12-30,North America,Canada,Wool Sweater,Apparel,Enterprise,6,96.0,0.1,518.4,305.13
5988,2024-12-30,North America,USA,Air Purifier,Home,SMB,4,124.45,0.15,423.13,268.69
5989,2024-12-31,Europe,Spain,Vacuum Cleaner,Home,Consumer,1,219.4,0,219.4,132.43
5990,2024-12-31,Europe,Spain,Wool Sweater,Apparel,Enterprise,5,92.2,0.15,391.85,247.26
5991,2024-12-31,Europe,France,Standing Desk,Office,Consumer,2,386.53,0,773.06,435.98
5992,2024-12-31,APAC,India,Standing Desk,Office,Consumer,3,405.02,0.15,1032.8,581.94
5993,2024-12-31,LATAM,Brazil,Standing Desk,Office,SMB,1,370.06,0,370.06,172.96
5994,2024-12-31,North America,Canada,Vacuum Cleaner,Home,Enterprise,6,204.61,0.05,1166.28,694.14
5995,2024-12-31,North America,Canada,Running Shoes,Apparel,Consumer,3,76.87,0.1,207.55,118.46
5996,2024-12-31,North America,Canada,Tablet Stand,Electronics,Enterprise,6,23.72,0,142.32,77.47
5997,2024-12-31,North America,Canada,Wireless Headphones,Electronics,SMB,5,90.18,0.2,360.72,217.29
5998,2024-12-31,Europe,Germany,Smart Watch,Electronics,SMB,5,183.25,0.05,870.44,404.22
5999,2024-12-31,LATAM,Mexico,Ceramic Cookware Set,Home,Enterprise,5,154.65,0,773.25,456.14
6000,2024-12-31,LATAM,Brazil,Smart Watch,Electronics,Enterprise,4,198.76,0.1,715.54,457.19
